"배분ID","보충유형","매장코드","매장명","상품거래","상품시즌","스타일코드","컬러","사이즈","배분상태","배분확정수량","출고검출수량","출고대기수량","출고확정수량","배분 확정자","배분확정일","출고예정일","출고검출일","출고대기일","출고확정일","매장입고일","출고ID","매장자동입고확정",""
"XDIST202605060004974321","MD요청-상품","50090","아산(대-위)","위탁","26S","DMRS8I063","IVS","100","출고완료","1","1","0","1","권현정(KHJEONG)","2026-05-06","2026-05-06","2026-05-06 17:27:05","2026-05-06 17:27:05","2026-05-06 17:27:05","2026-05-07 01:02:27","X202605000365209","Y",""
"XDIST202605060004974321","MD요청-상품","10076","현대미아","위탁","26S","DMRS8I063","IVS","115","출고완료","1","1","0","1","권현정(KHJEONG)","2026-05-06","2026-05-06","2026-05-06 17:26:10","2026-05-06 17:26:10","2026-05-06 17:26:10","2026-05-07 01:05:00","X202605000365215","Y",""
"XDIST202605060004974321","MD요청-상품","50028","광주첨단(대-위)","위탁","26S","DMRS8I063","IVS","95","출고완료","1","1","0","1","권현정(KHJEONG)","2026-05-06","2026-05-06","2026-05-06 17:31:06","2026-05-06 17:31:06","2026-05-06 17:31:06","2026-05-07 01:04:21","X202605000365239","Y",""
"XDIST202605060004974321","MD요청-상품","50193","화순(대-위)","위탁","26S","DMRS8I063","IVS","115","출고완료","1","1","0","1","권현정(KHJEONG)","2026-05-06","2026-05-06","2026-05-06 17:30:17","2026-05-06 17:30:17","2026-05-06 17:30:17","2026-05-07 01:04:25","X202605000365244","Y",""
"XDIST202605060004974321","MD요청-상품","10059","현대대구","위탁","26S","DMRS8I063","IVS","115","출고완료","1","1","0","1","권현정(KHJEONG)","2026-05-06","2026-05-06","2026-05-06 17:30:17","2026-05-06 17:30:17","2026-05-06 17:30:17","2026-05-07 01:04:32","X202605000365252","Y",""
"XDIST202605070004991172","MD요청-상품","50077","서수원(대-위)","위탁","25N","DXCP5015N","BLL","58","출고완료","1","1","0","1","장윤희(YHJANG)","2026-05-07","2026-05-08","2026-05-08 17:49:03","2026-05-08 17:49:03","2026-05-08 17:49:03","2026-05-09 01:02:18","X202605000555005","Y",""
"XDIST202605070004991172","MD요청-상품","50115","부천(대-위)","위탁","25N","DXCP5015N","BLL","56","출고완료","1","1","0","1","장윤희(YHJANG)","2026-05-07","2026-05-08","2026-05-08 17:49:03","2026-05-08 17:49:03","2026-05-08 17:49:03","2026-05-09 01:03:05","X202605000555008","Y",""
"XDIST202605070004991172","MD요청-상품","10014","롯데중동","위탁","25N","DXCP5015N","BLL","58","출고완료","1","1","0","1","장윤희(YHJANG)","2026-05-07","2026-05-08","2026-05-08 17:49:03","2026-05-08 17:49:03","2026-05-08 17:49:03","2026-05-09 01:03:17","X202605000555012","Y",""
"XDIST202605070004991172","MD요청-상품","50088","진접(대-위)","위탁","25N","DXCP5015N","BLL","58","출고완료","1","1","0","1","장윤희(YHJANG)","2026-05-07","2026-05-08","2026-05-08 17:33:04","2026-05-08 17:33:04","2026-05-08 17:33:04","2026-05-09 01:02:27","X202605000555025","Y",""
"XDIST202605070004991172","MD요청-상품","10064","현대천호","위탁","25N","DXCP5015N","BLL","58","출고완료","1","1","0","1","장윤희(YHJANG)","2026-05-07","2026-05-08","2026-05-08 17:33:04","2026-05-08 17:33:04","2026-05-08 17:33:04","2026-05-09 01:03:21","X202605000555027","Y",""
"XDIST202605070004991172","MD요청-상품","10067","현대울산동구","위탁","25N","DXCP5015N","BLL","56","출고완료","1","1","0","1","장윤희(YHJANG)","2026-05-07","2026-05-08","2026-05-08 17:49:03","2026-05-08 17:49:03","2026-05-08 17:49:03","2026-05-09 01:02:05","X202605000555028","Y",""
"XDIST202605060004974322","MD요청-상품","50101","김포(대-위)","위탁","26S","DMRS8I063","KAD","100","출고완료","1","1","0","1","권현정(KHJEONG)","2026-05-06","2026-05-06","2026-05-06 17:27:05","2026-05-06 17:27:05","2026-05-06 17:27:05","2026-05-07 01:04:10","X202605000365264","Y",""
"XDIST202605060004974322","MD요청-상품","50090","아산(대-위)","위탁","26S","DMRS8I063","KAD","100","출고완료","1","1","0","1","권현정(KHJEONG)","2026-05-06","2026-05-06","2026-05-06 17:27:05","2026-05-06 17:27:05","2026-05-06 17:27:05","2026-05-07 01:03:45","X202605000365271","Y",""
"XDIST202605060004974322","MD요청-상품","50152","부산덕천(대-위)","위탁","26S","DMRS8I063","KAD","100","출고완료","1","1","0","1","권현정(KHJEONG)","2026-05-06","2026-05-06","2026-05-06 17:31:06","2026-05-06 17:31:06","2026-05-06 17:31:06","2026-05-07 01:04:30","X202605000365276","Y",""
"XDIST202605060004974322","MD요청-상품","50211","청주성안(대-위)","위탁","26S","DMRS8I063","KAD","100","출고완료","1","1","0","1","권현정(KHJEONG)","2026-05-06","2026-05-06","2026-05-06 17:31:06","2026-05-06 17:31:06","2026-05-06 17:31:06","2026-05-07 10:43:16","X202605000365279","Y",""
"XDIST202605060004974322","MD요청-상품","10097","신세계대전","위탁","26S","DMRS8I063","KAD","100","출고완료","1","1","0","1","권현정(KHJEONG)","2026-05-06","2026-05-06","2026-05-06 17:30:17","2026-05-06 17:30:17","2026-05-06 17:30:17","2026-05-07 01:03:34","X202605000365280","Y",""
"XDIST202605060004974322","MD요청-상품","10077","신세계센텀","위탁","26S","DMRS8I063","KAD","100","출고완료","1","1","0","1","권현정(KHJEONG)","2026-05-06","2026-05-06","2026-05-06 17:30:17","2026-05-06 17:30:17","2026-05-06 17:30:17","2026-05-07 01:03:42","X202605000365282","Y",""
"XDIST202605070004991172","MD요청-상품","50137","NC송파(대-위)","위탁","25N","DXCP5015N","BLL","58","출고완료","1","1","0","1","장윤희(YHJANG)","2026-05-07","2026-05-08","2026-05-08 17:33:04","2026-05-08 17:33:04","2026-05-08 17:33:04","2026-05-09 01:03:34","X202605000555049","Y",""
"XDIST202605070004991172","MD요청-상품","50141","모다천안(대-위)","위탁","25N","DXCP5015N","BLL","58","출고완료","1","1","0","1","장윤희(YHJANG)","2026-05-07","2026-05-08","2026-05-08 17:33:04","2026-05-08 17:33:04","2026-05-08 17:33:04","2026-05-09 01:02:35","X202605000555060","Y",""
"XDIST202605070004991172","MD요청-상품","50144","당진(대-위)","위탁","25N","DXCP5015N","BLL","58","출고완료","1","1","0","1","장윤희(YHJANG)","2026-05-07","2026-05-08","2026-05-08 17:49:03","2026-05-08 17:49:03","2026-05-08 17:49:03","2026-05-09 01:02:23","X202605000555061","Y",""
"XDIST202605070004991172","MD요청-상품","10044","롯데구리","위탁","25N","DXCP5015N","BLL","58","출고완료","1","1","0","1","장윤희(YHJANG)","2026-05-07","2026-05-08","2026-05-08 17:49:03","2026-05-08 17:49:03","2026-05-08 17:49:03","2026-05-09 01:03:17","X202605000555069","Y",""
"XDIST202605070004991172","MD요청-상품","50156","익산영등(대-위)","위탁","25N","DXCP5015N","BLL","58","출고완료","1","1","0","1","장윤희(YHJANG)","2026-05-07","2026-05-08","2026-05-08 17:33:04","2026-05-08 17:33:04","2026-05-08 17:33:04","2026-05-09 01:01:57","X202605000555084","Y",""
"XDIST202605040004968716","엑셀수기배분","90019","EC-온라인물류","위탁","26S","DWPT7F063","BGN","27","출고완료","5","5","0","5","박정민(PJM1003)","2026-05-04","2026-05-06","2026-05-06 17:19:01","2026-05-06 17:19:01","2026-05-06 17:19:01","2026-05-07 01:01:53","X202605000201525","Y",""
"XDIST202605040004968716","엑셀수기배분","90019","EC-온라인물류","위탁","26S","DWPT7F063","DGS","28","출고완료","5","5","0","5","박정민(PJM1003)","2026-05-04","2026-05-06","2026-05-06 17:19:01","2026-05-06 17:19:01","2026-05-06 17:19:01","2026-05-07 01:01:57","X202605000201525","Y",""
"XDIST202605040004968716","엑셀수기배분","90019","EC-온라인물류","위탁","26S","DWRS94063","LVL","95","출고완료","5","5","0","5","박정민(PJM1003)","2026-05-04","2026-05-06","2026-05-06 17:19:01","2026-05-06 17:19:01","2026-05-06 17:19:01","2026-05-07 01:01:55","X202605000201526","Y",""
"XDIST202605040004968716","엑셀수기배분","90019","EC-온라인물류","위탁","26S","DWRS97063","IVD","85","출고완료","5","5","0","5","박정민(PJM1003)","2026-05-04","2026-05-06","2026-05-06 17:19:01","2026-05-06 17:19:01","2026-05-06 17:19:01","2026-05-07 01:01:57","X202605000201526","Y",""
"XDIST202605040004968716","엑셀수기배분","90019","EC-온라인물류","위탁","26S","DWRS97063","PCL","85","출고완료","10","10","0","10","박정민(PJM1003)","2026-05-04","2026-05-06","2026-05-06 17:19:01","2026-05-06 17:19:01","2026-05-06 17:19:01","2026-05-07 01:01:57","X202605000201526","Y",""
"XDIST202605040004968716","엑셀수기배분","90019","EC-온라인물류","위탁","26S","DWRS97063","PCL","90","출고완료","10","10","0","10","박정민(PJM1003)","2026-05-04","2026-05-06","2026-05-06 17:19:01","2026-05-06 17:19:01","2026-05-06 17:19:01","2026-05-07 01:01:53","X202605000201526","Y",""
"XDIST202605040004968716","엑셀수기배분","90019","EC-온라인물류","위탁","26S","DWTB95063","KAN","25","출고완료","4","4","0","4","박정민(PJM1003)","2026-05-04","2026-05-06","2026-05-06 17:19:01","2026-05-06 17:19:01","2026-05-06 17:19:01","2026-05-07 01:01:55","X202605000201528","Y",""
"XDIST202605040004968716","엑셀수기배분","90019","EC-온라인물류","위탁","26S","DWWJR2063","COD","90","출고완료","9","9","0","9","박정민(PJM1003)","2026-05-04","2026-05-06","2026-05-06 17:19:01","2026-05-06 17:19:01","2026-05-06 17:19:01","2026-05-07 01:01:53","X202605000201529","Y",""
"XDIST202605070004989715","MD요청-상품","50074","모다인천(대-위)","위탁","25N","DXCP5025N","BKS","56","출고완료","5","5","0","5","장윤희(YHJANG)","2026-05-07","2026-05-08","2026-05-08 17:49:02","2026-05-08 17:49:02","2026-05-08 17:49:02","2026-05-09 01:01:38","X202605000549974","Y",""
"XDIST202605070004989715","MD요청-상품","50185","모다경주(대-위)","위탁","25N","DXCP5025N","BKS","58","출고완료","5","5","0","5","장윤희(YHJANG)","2026-05-07","2026-05-08","2026-05-08 17:49:02","2026-05-08 17:49:02","2026-05-08 17:49:02","2026-05-09 01:01:37","X202605000549980","Y",""
"XDIST202605070004989715","MD요청-상품","50167","부산광복(대-위)","위탁","25N","DXCP5025N","BKS","56","출고완료","5","5","0","5","장윤희(YHJANG)","2026-05-07","2026-05-08","2026-05-08 17:33:03","2026-05-08 17:33:03","2026-05-08 17:33:03","2026-05-09 01:02:36","X202605000549983","Y",""
"XDIST202605060004974160","MD요청-상품","10021","신세계천안아산","위탁","26S","DWRS97063","IVD","95","출고완료","1","1","0","1","권현정(KHJEONG)","2026-05-06","2026-05-06","2026-05-06 17:26:09","2026-05-06 17:26:09","2026-05-06 17:26:09","2026-05-07 01:04:23","X202605000364877","Y",""
"XDIST202605060004974160","MD요청-상품","10053","신세계경기","위탁","26S","DWRS97063","IVD","95","출고완료","1","1","0","1","권현정(KHJEONG)","2026-05-06","2026-05-06","2026-05-06 17:27:04","2026-05-06 17:27:04","2026-05-06 17:27:04","2026-05-07 01:05:08","X202605000364878","Y",""
"XDIST202605070004988721","엑셀수기배분","X0015","쇼룸(기획MD)","위탁","26S","DKRS75063","WHS","160","출고완료","1","1","0","1","김소진(SOJIN1027)","2026-05-07","2026-05-07","2026-05-08 17:29:05","2026-05-08 17:29:05","2026-05-08 17:29:05","2026-05-09 01:01:26","X202605000543366","Y",""
"XDIST202605070004988721","엑셀수기배분","X0015","쇼룸(기획MD)","위탁","26S","DKSZ62063","WHS","130","출고완료","1","1","0","1","김소진(SOJIN1027)","2026-05-07","2026-05-07","2026-05-08 17:29:05","2026-05-08 17:29:05","2026-05-08 17:29:05","2026-05-09 01:01:26","X202605000543367","Y",""
"XDIST202605070004988721","엑셀수기배분","X0015","쇼룸(기획MD)","위탁","26S","DKSZ98063","ABS","130","출고완료","1","1","0","1","김소진(SOJIN1027)","2026-05-07","2026-05-07","2026-05-08 17:29:05","2026-05-08 17:29:05","2026-05-08 17:29:05","2026-05-09 01:01:26","X202605000543367","Y",""
"XDIST202605080004993589","엑셀수기배분","90019","EC-온라인물류","위탁","25S","DWMT41051","WHS","100","출고완료","9","9","0","0","허새흰(HEEN1)","2026-05-08","2026-05-08","2026-05-08 17:30:04","2026-05-08 17:30:04","2026-05-08 17:30:04","","X202605000617708","Y",""
"XDIST202605080004993589","엑셀수기배분","90019","EC-온라인물류","위탁","25S","DXHD38051","DGS","100","출고완료","5","5","0","0","허새흰(HEEN1)","2026-05-08","2026-05-08","2026-05-08 17:30:04","2026-05-08 17:30:04","2026-05-08 17:30:04","","X202605000617712","Y",""
"XDIST202605080004993589","엑셀수기배분","90019","EC-온라인물류","위탁","23N","DXSH4513N","WHS","270","출고완료","4","4","0","0","허새흰(HEEN1)","2026-05-08","2026-05-08","2026-05-08 17:30:04","2026-05-08 17:30:04","2026-05-08 17:30:04","","X202605000617716","Y",""
"XDIST202605070004991172","MD요청-상품","10029","롯데상인","위탁","25N","DXCP5015N","BLL","58","출고완료","1","1","0","1","장윤희(YHJANG)","2026-05-07","2026-05-08","2026-05-08 17:49:03","2026-05-08 17:49:03","2026-05-08 17:49:03","2026-05-09 01:02:23","X202605000554910","Y",""
"XDIST202605070004991172","MD요청-상품","50160","정읍(대-위)","위탁","25N","DXCP5015N","BLL","58","출고완료","1","1","0","1","장윤희(YHJANG)","2026-05-07","2026-05-08","2026-05-08 17:33:03","2026-05-08 17:33:03","2026-05-08 17:33:03","2026-05-09 01:02:30","X202605000554911","Y",""
"XDIST202605070004991172","MD요청-상품","10028","롯데일산","위탁","25N","DXCP5015N","BLL","58","출고완료","1","1","0","1","장윤희(YHJANG)","2026-05-07","2026-05-08","2026-05-08 17:49:03","2026-05-08 17:49:03","2026-05-08 17:49:03","2026-05-09 01:03:14","X202605000554912","Y",""
"XDIST202605070004991172","MD요청-상품","50042","대구성서(대-위)","위탁","25N","DXCP5015N","BLL","58","출고완료","1","1","0","1","장윤희(YHJANG)","2026-05-07","2026-05-08","2026-05-08 17:33:03","2026-05-08 17:33:03","2026-05-08 17:33:03","2026-05-09 01:02:47","X202605000554916","Y",""
"XDIST202605070004991172","MD요청-상품","50201","문경(대-위)","위탁","25N","DXCP5015N","BLL","58","출고완료","1","1","0","1","장윤희(YHJANG)","2026-05-07","2026-05-08","2026-05-08 17:49:03","2026-05-08 17:49:03","2026-05-08 17:49:03","2026-05-09 01:01:40","X202605000554919","Y",""
"XDIST202605070004991172","MD요청-상품","10025","롯데노원","위탁","25N","DXCP5015N","BLL","58","출고완료","1","1","0","1","장윤희(YHJANG)","2026-05-07","2026-05-08","2026-05-08 17:49:03","2026-05-08 17:49:03","2026-05-08 17:49:03","2026-05-09 01:03:14","X202605000554930","Y",""
"XDIST202605070004991172","MD요청-상품","31005","강남사옥(직)","위탁","25N","DXCP5015N","BLL","58","출고완료","1","1","0","1","장윤희(YHJANG)","2026-05-07","2026-05-08","2026-05-08 17:33:03","2026-05-08 17:33:03","2026-05-08 17:33:03","2026-05-09 10:03:36","X202605000554932","Y",""
"XDIST202605070004991172","MD요청-상품","10039","AK원주","위탁","25N","DXCP5015N","BLL","56","출고완료","1","1","0","1","장윤희(YHJANG)","2026-05-07","2026-05-08","2026-05-08 17:49:03","2026-05-08 17:49:03","2026-05-08 17:49:03","2026-05-09 01:02:14","X202605000554940","Y",""
"XDIST202605070004991172","MD요청-상품","50052","동해(대-위)","위탁","25N","DXCP5015N","BLL","58","출고완료","1","1","0","1","장윤희(YHJANG)","2026-05-07","2026-05-08","2026-05-08 17:49:03","2026-05-08 17:49:03","2026-05-08 17:49:03","2026-05-09 01:02:21","X202605000554941","Y",""
"XDIST202605070004991172","MD요청-상품","50172","안성(대-위)","위탁","25N","DXCP5015N","BLL","56","출고완료","1","1","0","1","장윤희(YHJANG)","2026-05-07","2026-05-08","2026-05-08 17:33:03","2026-05-08 17:33:03","2026-05-08 17:33:03","2026-05-09 01:02:28","X202605000554942","Y",""
"XDIST202605070004991172","MD요청-상품","50175","공주(대-위)","위탁","25N","DXCP5015N","BLL","58","출고완료","1","1","0","1","장윤희(YHJANG)","2026-05-07","2026-05-08","2026-05-08 17:33:03","2026-05-08 17:33:03","2026-05-08 17:33:03","2026-05-09 01:02:33","X202605000554943","Y",""
"XDIST202605070004991172","MD요청-상품","50177","남원(대-위)","위탁","25N","DXCP5015N","BLL","58","출고완료","1","1","0","1","장윤희(YHJANG)","2026-05-07","2026-05-08","2026-05-08 17:49:03","2026-05-08 17:49:03","2026-05-08 17:49:03","2026-05-09 01:03:09","X202605000554946","Y",""
"XDIST202605070004991172","MD요청-상품","50058","모다대전(대-위)","위탁","25N","DXCP5015N","BLL","58","출고완료","1","1","0","1","장윤희(YHJANG)","2026-05-07","2026-05-08","2026-05-08 17:49:03","2026-05-08 17:49:03","2026-05-08 17:49:03","2026-05-09 01:03:04","X202605000554950","Y",""
"XDIST202605070004991172","MD요청-상품","50057","여천(대-위)","위탁","25N","DXCP5015N","BLL","58","출고완료","1","1","0","1","장윤희(YHJANG)","2026-05-07","2026-05-08","2026-05-08 17:33:03","2026-05-08 17:33:03","2026-05-08 17:33:03","2026-05-09 01:02:00","X202605000554953","Y",""
"XDIST202605070004991172","MD요청-상품","30028","광주상무(직)","위탁","25N","DXCP5015N","BLL","56","출고완료","1","1","0","1","장윤희(YHJANG)","2026-05-07","2026-05-08","2026-05-08 17:49:03","2026-05-08 17:49:03","2026-05-08 17:49:03","2026-05-09 01:01:37","X202605000554959","Y",""
"XDIST202605070004991172","MD요청-상품","10007","롯데부산","위탁","25N","DXCP5015N","BLL","58","출고완료","1","1","0","1","장윤희(YHJANG)","2026-05-07","2026-05-08","2026-05-08 17:49:03","2026-05-08 17:49:03","2026-05-08 17:49:03","2026-05-09 01:01:34","X202605000554964","Y",""
"XDIST202605070004991172","MD요청-상품","10009","현대신촌","위탁","25N","DXCP5015N","BLL","58","출고완료","1","1","0","1","장윤희(YHJANG)","2026-05-07","2026-05-08","2026-05-08 17:49:03","2026-05-08 17:49:03","2026-05-08 17:49:03","2026-05-09 01:03:21","X202605000554968","Y",""
"XDIST202605070004991172","MD요청-상품","50183","대전은행(대-위)","위탁","25N","DXCP5015N","BLL","58","출고완료","1","1","0","1","장윤희(YHJANG)","2026-05-07","2026-05-08","2026-05-08 17:49:03","2026-05-08 17:49:03","2026-05-08 17:49:03","2026-05-09 01:02:13","X202605000554970","Y",""
"XDIST202605070004991172","MD요청-상품","50188","논산(대-위)","위탁","25N","DXCP5015N","BLL","56","출고완료","1","1","0","1","장윤희(YHJANG)","2026-05-07","2026-05-08","2026-05-08 17:33:03","2026-05-08 17:33:03","2026-05-08 17:33:03","2026-05-09 01:02:17","X202605000554977","Y",""
"XDIST202605070004991172","MD요청-상품","50069","신포(대-위)","위탁","25N","DXCP5015N","BLL","58","출고완료","1","1","0","1","장윤희(YHJANG)","2026-05-07","2026-05-08","2026-05-08 17:49:03","2026-05-08 17:49:03","2026-05-08 17:49:03","2026-05-09 01:03:54","X202605000554980","Y",""
"XDIST202605070004991172","MD요청-상품","50103","광주흑석(대-위)","위탁","25N","DXCP5015N","BLL","58","출고완료","1","1","0","1","장윤희(YHJANG)","2026-05-07","2026-05-08","2026-05-08 17:33:04","2026-05-08 17:33:04","2026-05-08 17:33:04","2026-05-09 01:02:02","X202605000554985","Y",""
"XDIST202605070004990176","엑셀수기배분","30012","롯데아울렛고양(직)","위탁","25S","DWWJ7H053","IVD","95","출고완료","3","3","0","3","김동환(WHITESTIR)","2026-05-07","2026-05-08","2026-05-08 17:33:03","2026-05-08 17:33:03","2026-05-08 17:33:03","2026-05-09 01:03:45","X202605000551566","Y",""
"XDIST202605060004973611","MD요청-상품","10061","신세계대구","위탁","26S","DXTB7A063","DTD","30","출고완료","1","1","0","1","권현정(KHJEONG)","2026-05-06","2026-05-06","2026-05-06 17:27:04","2026-05-06 17:27:04","2026-05-06 17:27:04","2026-05-07 01:02:39","X202605000364312","Y",""
"XDIST202605060004981672","엑셀수기배분","30024","롯데아울렛부여(직)","위탁","24S","DWTP68043","BKS","26","출고완료","2","2","0","2","이훈희(LEEHH1149)","2026-05-06","2026-05-07","2026-05-07 17:07:02","2026-05-07 17:07:02","2026-05-07 17:07:02","2026-05-08 01:02:32","X202605000399038","Y",""
"XDIST202605060004981672","엑셀수기배분","30024","롯데아울렛부여(직)","위탁","24S","DMTR61043","INS","105","출고완료","4","4","0","4","이훈희(LEEHH1149)","2026-05-06","2026-05-07","2026-05-07 17:07:02","2026-05-07 17:07:02","2026-05-07 17:07:02","2026-05-08 01:02:16","X202605000399039","Y",""
"XDIST202605060004981672","엑셀수기배분","30024","롯데아울렛부여(직)","위탁","24S","DWTR52043","BKS","100","출고완료","2","2","0","2","이훈희(LEEHH1149)","2026-05-06","2026-05-07","2026-05-07 17:07:02","2026-05-07 17:07:02","2026-05-07 17:07:02","2026-05-08 01:02:32","X202605000399039","Y",""
"XDIST202605060004981672","엑셀수기배분","30024","롯데아울렛부여(직)","위탁","24S","DXTR6E043","BKS","95","출고완료","4","4","0","4","이훈희(LEEHH1149)","2026-05-06","2026-05-07","2026-05-07 17:07:02","2026-05-07 17:07:02","2026-05-07 17:07:02","2026-05-08 01:02:53","X202605000399039","Y",""
"XDIST202605060004981672","엑셀수기배분","30024","롯데아울렛부여(직)","위탁","24S","DXTR75043","BRD","90","출고완료","3","3","0","3","이훈희(LEEHH1149)","2026-05-06","2026-05-07","2026-05-07 17:07:02","2026-05-07 17:07:02","2026-05-07 17:07:02","2026-05-08 01:02:41","X202605000399039","Y",""
"XDIST202605060004981672","엑셀수기배분","30024","롯데아울렛부여(직)","위탁","24S","DXTR75043","IVS","105","출고완료","2","2","0","2","이훈희(LEEHH1149)","2026-05-06","2026-05-07","2026-05-07 17:07:02","2026-05-07 17:07:02","2026-05-07 17:07:02","2026-05-08 01:02:41","X202605000399039","Y",""
"XDIST202605060004981672","엑셀수기배분","30024","롯데아울렛부여(직)","위탁","24S","DMTS55043","TQL","100","출고완료","5","5","0","5","이훈희(LEEHH1149)","2026-05-06","2026-05-07","2026-05-07 17:07:02","2026-05-07 17:07:02","2026-05-07 17:07:02","2026-05-08 01:02:16","X202605000399040","Y",""
"XDIST202605060004981672","엑셀수기배분","30024","롯데아울렛부여(직)","위탁","24S","DMTSGE043","DBS","95","출고완료","3","3","0","3","이훈희(LEEHH1149)","2026-05-06","2026-05-07","2026-05-07 17:07:02","2026-05-07 17:07:02","2026-05-07 17:07:02","2026-05-08 01:02:15","X202605000399040","Y",""
"XDIST202605060004981672","엑셀수기배분","30024","롯데아울렛부여(직)","위탁","24S","DMTSGQ043","GRD","95","출고완료","2","2","0","2","이훈희(LEEHH1149)","2026-05-06","2026-05-07","2026-05-07 17:07:02","2026-05-07 17:07:02","2026-05-07 17:07:02","2026-05-08 01:02:15","X202605000399040","Y",""
"XDIST202605060004981672","엑셀수기배분","30024","롯데아울렛부여(직)","위탁","24S","DWTS56043","YEL","100","출고완료","2","2","0","2","이훈희(LEEHH1149)","2026-05-06","2026-05-07","2026-05-07 17:07:02","2026-05-07 17:07:02","2026-05-07 17:07:02","2026-05-08 01:02:12","X202605000399040","Y",""
"XDIST202605060004981672","엑셀수기배분","30024","롯데아울렛부여(직)","위탁","24S","DWTSG4043","CRS","100","출고완료","2","2","0","2","이훈희(LEEHH1149)","2026-05-06","2026-05-07","2026-05-07 17:07:02","2026-05-07 17:07:02","2026-05-07 17:07:02","2026-05-08 01:02:12","X202605000399040","Y",""
"XDIST202605060004981672","엑셀수기배분","30024","롯데아울렛부여(직)","위탁","24S","DWWJ62043","LVD","95","출고완료","10","10","0","10","이훈희(LEEHH1149)","2026-05-06","2026-05-07","2026-05-07 17:07:02","2026-05-07 17:07:02","2026-05-07 17:07:02","2026-05-08 01:02:17","X202605000399041","Y",""
"XDIST202605060004981672","엑셀수기배분","30024","롯데아울렛부여(직)","위탁","24S","DWWJ93043","MTS","100","출고완료","2","2","0","2","이훈희(LEEHH1149)","2026-05-06","2026-05-07","2026-05-07 17:07:02","2026-05-07 17:07:02","2026-05-07 17:07:02","2026-05-08 01:02:15","X202605000399041","Y",""
"XDIST202605060004981672","엑셀수기배분","30024","롯데아울렛부여(직)","위탁","24S","DWWJ95043","NYD","100","출고완료","3","3","0","3","이훈희(LEEHH1149)","2026-05-06","2026-05-07","2026-05-07 17:07:02","2026-05-07 17:07:02","2026-05-07 17:07:02","2026-05-08 01:02:16","X202605000399041","Y",""
"XDIST202605060004981672","엑셀수기배분","30024","롯데아울렛부여(직)","위탁","24S","DXRS5C043","DBS","95","출고완료","3","3","0","3","이훈희(LEEHH1149)","2026-05-06","2026-05-07","2026-05-07 17:07:02","2026-05-07 17:07:02","2026-05-07 17:07:02","2026-05-08 01:02:17","X202605000399042","Y",""
"XDIST202605060004981672","엑셀수기배분","30024","롯데아울렛부여(직)","위탁","24S","DXRS7K043","BLL","95","출고완료","3","3","0","3","이훈희(LEEHH1149)","2026-05-06","2026-05-07","2026-05-07 17:07:02","2026-05-07 17:07:02","2026-05-07 17:07:02","2026-05-08 01:02:17","X202605000399042","Y",""
"XDIST202605070004990173","MD요청-상품","50074","모다인천(대-위)","위탁","25N","DXCP5025N","GRD","58","출고완료","4","4","0","4","장윤희(YHJANG)","2026-05-07","2026-05-08","2026-05-08 17:49:02","2026-05-08 17:49:02","2026-05-08 17:49:02","2026-05-09 01:01:38","X202605000551555","Y",""
"XDIST202605070004990173","MD요청-상품","50185","모다경주(대-위)","위탁","25N","DXCP5025N","GRD","56","출고완료","3","3","0","3","장윤희(YHJANG)","2026-05-07","2026-05-08","2026-05-08 17:49:02","2026-05-08 17:49:02","2026-05-08 17:49:02","2026-05-09 01:02:42","X202605000551558","Y",""
"XDIST202605070004990173","MD요청-상품","50178","태백(대-위)","위탁","25N","DXCP5025N","GRD","58","출고완료","1","1","0","1","장윤희(YHJANG)","2026-05-07","2026-05-08","2026-05-08 17:33:03","2026-05-08 17:33:03","2026-05-08 17:33:03","2026-05-09 01:01:49","X202605000551562","Y",""
"XDIST202605070004991545","MD요청-상품","50041","홍성점(대-위)","위탁","25N","DXCP5015N","LVS","56","출고완료","1","1","0","1","장윤희(YHJANG)","2026-05-07","2026-05-08","2026-05-08 17:33:04","2026-05-08 17:33:04","2026-05-08 17:33:04","2026-05-09 01:01:58","X202605000555816","Y",""
"XDIST202605070004991545","MD요청-상품","50200","홍천(대-위)","위탁","25N","DXCP5015N","LVS","56","출고완료","1","1","0","1","장윤희(YHJANG)","2026-05-07","2026-05-08","2026-05-08 17:49:03","2026-05-08 17:49:03","2026-05-08 17:49:03","2026-05-09 01:03:01","X202605000555822","Y",""
"XDIST202605060004974320","MD요청-상품","50065","화성봉담(대-위)","위탁","26S","DWRS9N063","NYD","95","출고완료","1","1","0","1","권현정(KHJEONG)","2026-05-06","2026-05-06","2026-05-06 17:26:09","2026-05-06 17:26:09","2026-05-06 17:26:09","2026-05-07 01:02:59","X202605000365181","Y",""
"XDIST202605060004974320","MD요청-상품","50185","모다경주(대-위)","위탁","26S","DWRS9N063","NYD","95","출고완료","1","1","0","1","권현정(KHJEONG)","2026-05-06","2026-05-06","2026-05-06 17:27:05","2026-05-06 17:27:05","2026-05-06 17:27:05","2026-05-07 01:02:54","X202605000365182","Y",""
"XDIST202605060004974320","MD요청-상품","50180","동광양(대-위)","위탁","26S","DWRS9N063","NYD","95","출고완료","1","1","0","1","권현정(KHJEONG)","2026-05-06","2026-05-06","2026-05-06 17:30:17","2026-05-06 17:30:17","2026-05-06 17:30:17","2026-05-07 01:02:33","X202605000365186","Y",""
"XDIST202605060004974320","MD요청-상품","50180","동광양(대-위)","위탁","26S","DWRS9N063","NYD","90","출고완료","1","1","0","1","권현정(KHJEONG)","2026-05-06","2026-05-06","2026-05-06 17:30:17","2026-05-06 17:30:17","2026-05-06 17:30:17","2026-05-07 01:02:33","X202605000365186","Y",""
"XDIST202605070004991545","MD요청-상품","10032","롯데수원","위탁","25N","DXCP5015N","LVS","56","출고완료","1","1","0","1","장윤희(YHJANG)","2026-05-07","2026-05-08","2026-05-08 17:49:03","2026-05-08 17:49:03","2026-05-08 17:49:03","2026-05-09 01:03:20","X202605000555841","Y",""
"XDIST202605070004991545","MD요청-상품","10033","현대중동","위탁","25N","DXCP5015N","LVS","56","출고완료","1","1","0","1","장윤희(YHJANG)","2026-05-07","2026-05-08","2026-05-08 17:49:03","2026-05-08 17:49:03","2026-05-08 17:49:03","2026-05-09 01:03:22","X202605000555844","Y",""
"XDIST202605070004991545","MD요청-상품","10080","엔터6왕십리","위탁","25N","DXCP5015N","LVS","56","출고완료","1","1","0","1","장윤희(YHJANG)","2026-05-07","2026-05-08","2026-05-08 17:33:04","2026-05-08 17:33:04","2026-05-08 17:33:04","2026-05-09 01:03:42","X202605000555848","Y",""
"XDIST202605070004991545","MD요청-상품","10003","롯데광복","위탁","25N","DXCP5015N","LVS","56","출고완료","1","1","0","1","장윤희(YHJANG)","2026-05-07","2026-05-08","2026-05-08 17:33:04","2026-05-08 17:33:04","2026-05-08 17:33:04","2026-05-09 01:01:59","X202605000555865","Y",""
"XDIST202605070004991545","MD요청-상품","10019","롯데대구","위탁","25N","DXCP5015N","LVS","56","출고완료","1","1","0","1","장윤희(YHJANG)","2026-05-07","2026-05-08","2026-05-08 17:33:04","2026-05-08 17:33:04","2026-05-08 17:33:04","2026-05-09 01:02:43","X202605000555873","Y",""
"XDIST202605070004991639","MD요청-상품","50208","전주신도시(대-위)","위탁","25N","DXCP5015N","ORS","56","출고완료","1","1","0","1","장윤희(YHJANG)","2026-05-07","2026-05-08","2026-05-08 17:33:04","2026-05-08 17:33:04","2026-05-08 17:33:04","2026-05-09 01:02:18","X202605000556253","Y",""
"XDIST202605070004991639","MD요청-상품","50059","신제주(대-위)","위탁","25N","DXCP5015N","ORS","56","출고완료","1","1","0","1","장윤희(YHJANG)","2026-05-07","2026-05-08","2026-05-08 17:33:04","2026-05-08 17:33:04","2026-05-08 17:33:04","2026-05-09 01:02:03","X202605000556265","Y",""
"XDIST202605070004991639","MD요청-상품","10035","신세계의정부","위탁","25N","DXCP5015N","ORS","56","출고완료","1","1","0","1","장윤희(YHJANG)","2026-05-07","2026-05-08","2026-05-08 17:33:04","2026-05-08 17:33:04","2026-05-08 17:33:04","2026-05-09 01:03:29","X202605000556266","Y",""
"XDIST202605070004991639","MD요청-상품","10007","롯데부산","위탁","25N","DXCP5015N","ORS","56","출고완료","1","1","0","1","장윤희(YHJANG)","2026-05-07","2026-05-08","2026-05-08 17:49:03","2026-05-08 17:49:03","2026-05-08 17:49:03","2026-05-09 01:01:34","X202605000556269","Y",""
"XDIST202605070004991639","MD요청-상품","50186","영광(대-위)","위탁","25N","DXCP5015N","ORS","56","출고완료","1","1","0","1","장윤희(YHJANG)","2026-05-07","2026-05-08","2026-05-08 17:33:04","2026-05-08 17:33:04","2026-05-08 17:33:04","2026-05-09 01:02:11","X202605000556274","Y",""
"XDIST202605070004991639","MD요청-상품","50104","애플사상(대-위)","위탁","25N","DXCP5015N","ORS","56","출고완료","1","1","0","1","장윤희(YHJANG)","2026-05-07","2026-05-08","2026-05-08 17:49:03","2026-05-08 17:49:03","2026-05-08 17:49:03","2026-05-09 01:02:56","X202605000556280","Y",""
"XDIST202605040004958986","엑셀수기배분","11023","K_신세계마산","위탁","26S","DKRS72063","DBS","140","출고완료","1","1","0","1","김소진(SOJIN1027)","2026-05-04","2026-05-04","2026-05-04 18:58:14","2026-05-04 18:58:14","2026-05-04 18:58:14","2026-05-05 01:07:14","X202605000175454","Y",""
"XDIST202605040004958986","엑셀수기배분","11023","K_신세계마산","위탁","26S","DKRS77063","GRS","140","출고완료","1","1","0","1","김소진(SOJIN1027)","2026-05-04","2026-05-04","2026-05-04 18:58:14","2026-05-04 18:58:14","2026-05-04 18:58:14","2026-05-05 01:07:14","X202605000175454","Y",""
"XDIST202605040004958986","엑셀수기배분","11023","K_신세계마산","위탁","26S","DKSP14063","MGS","160","출고완료","1","1","0","1","김소진(SOJIN1027)","2026-05-04","2026-05-04","2026-05-04 18:58:14","2026-05-04 18:58:14","2026-05-04 18:58:14","2026-05-05 01:05:47","X202605000175455","Y",""
"XDIST202605040004958986","엑셀수기배분","11024","K_롯데잠실","위탁","26S","DKRS72063","WHS","130","출고완료","1","1","0","1","김소진(SOJIN1027)","2026-05-04","2026-05-04","2026-05-04 18:59:02","2026-05-04 18:59:02","2026-05-04 18:59:02","2026-05-05 08:33:00","X202605000175458","Y",""
"XDIST202605040004958986","엑셀수기배분","11024","K_롯데잠실","위탁","26S","DKRS81063","LAL","140","출고완료","1","1","0","1","김소진(SOJIN1027)","2026-05-04","2026-05-04","2026-05-04 18:59:02","2026-05-04 18:59:02","2026-05-04 18:59:02","2026-05-05 08:33:00","X202605000175458","Y",""
"XDIST202605040004958986","엑셀수기배분","50047","순천중앙(대-위)","위탁","26S","DKAZ22063","YLS","140","출고완료","1","1","0","1","김소진(SOJIN1027)","2026-05-04","2026-05-04","2026-05-04 18:35:16","2026-05-04 18:35:16","2026-05-04 18:35:16","2026-05-05 01:05:57","X202605000175462","Y",""
"XDIST202605040004958986","엑셀수기배분","50053","전주송천(대-위)","위탁","26S","DKOP12063","IVS","130","출고완료","1","1","0","1","김소진(SOJIN1027)","2026-05-04","2026-05-04","2026-05-04 18:58:14","2026-05-04 18:58:14","2026-05-04 18:58:14","2026-05-05 01:05:38","X202605000175465","Y",""
"XDIST202605040004958986","엑셀수기배분","50053","전주송천(대-위)","위탁","26S","DKRS61063","BKS","140","출고완료","1","1","0","1","김소진(SOJIN1027)","2026-05-04","2026-05-04","2026-05-04 18:58:14","2026-05-04 18:58:14","2026-05-04 18:58:14","2026-05-05 01:06:34","X202605000175467","Y",""
"XDIST202605040004958986","엑셀수기배분","50181","경산(대-위)","위탁","26S","DKAZ31063","DMS","150","출고완료","1","1","0","1","김소진(SOJIN1027)","2026-05-04","2026-05-04","2026-05-04 18:35:16","2026-05-04 18:35:16","2026-05-04 18:35:16","2026-05-05 01:04:49","X202605000175471","Y",""
"XDIST202605040004958986","엑셀수기배분","50181","경산(대-위)","위탁","26S","DKTB51063","IND","150","출고완료","1","1","0","1","김소진(SOJIN1027)","2026-05-04","2026-05-04","2026-05-04 18:35:16","2026-05-04 18:35:16","2026-05-04 18:35:16","2026-05-05 01:06:53","X202605000175475","Y",""
"XDIST202605070004991545","MD요청-상품","50119","보령(대-위)","위탁","25N","DXCP5015N","LVS","58","출고완료","1","1","0","1","장윤희(YHJANG)","2026-05-07","2026-05-08","2026-05-08 17:33:04","2026-05-08 17:33:04","2026-05-08 17:33:04","2026-05-09 01:02:43","X202605000555881","Y",""
"XDIST202605070004991545","MD요청-상품","50088","진접(대-위)","위탁","25N","DXCP5015N","LVS","58","출고완료","1","1","0","1","장윤희(YHJANG)","2026-05-07","2026-05-08","2026-05-08 17:33:04","2026-05-08 17:33:04","2026-05-08 17:33:04","2026-05-09 01:02:27","X202605000555886","Y",""
"XDIST202605070004991545","MD요청-상품","50131","시화(대-위)","위탁","25N","DXCP5015N","LVS","56","출고완료","1","1","0","1","장윤희(YHJANG)","2026-05-07","2026-05-08","2026-05-08 17:33:04","2026-05-08 17:33:04","2026-05-08 17:33:04","2026-05-09 01:02:49","X202605000555896","Y",""
"XDIST202605070004991545","MD요청-상품","50148","김천(대-위)","위탁","25N","DXCP5015N","LVS","56","출고완료","1","1","0","1","장윤희(YHJANG)","2026-05-07","2026-05-08","2026-05-08 17:33:04","2026-05-08 17:33:04","2026-05-08 17:33:04","2026-05-09 01:02:46","X202605000555916","Y",""
"XDIST202605070004991545","MD요청-상품","10044","롯데구리","위탁","25N","DXCP5015N","LVS","56","출고완료","1","1","0","1","장윤희(YHJANG)","2026-05-07","2026-05-08","2026-05-08 17:49:03","2026-05-08 17:49:03","2026-05-08 17:49:03","2026-05-09 01:03:17","X202605000555917","Y",""
"XDIST202605070004991639","MD요청-상품","50073","거제고현(대-위)","위탁","25N","DXCP5015N","ORS","58","출고완료","1","1","0","1","장윤희(YHJANG)","2026-05-07","2026-05-08","2026-05-08 17:49:03","2026-05-08 17:49:03","2026-05-08 17:49:03","2026-05-09 01:02:19","X202605000556294","Y",""
"XDIST202605070004991639","MD요청-상품","10097","신세계대전","위탁","25N","DXCP5015N","ORS","58","출고완료","1","1","0","1","장윤희(YHJANG)","2026-05-07","2026-05-08","2026-05-08 17:33:04","2026-05-08 17:33:04","2026-05-08 17:33:04","2026-05-09 01:01:42","X202605000556297","Y",""
"XDIST202605070004991639","MD요청-상품","50117","아이즈빌부평(대-위)","위탁","25N","DXCP5015N","ORS","58","출고완료","1","1","0","1","장윤희(YHJANG)","2026-05-07","2026-05-08","2026-05-08 17:33:04","2026-05-08 17:33:04","2026-05-08 17:33:04","2026-05-09 01:03:44","X202605000556301","Y",""
"XDIST202605070004991639","MD요청-상품","10060","AK수원","위탁","25N","DXCP5015N","ORS","58","출고완료","1","1","0","1","장윤희(YHJANG)","2026-05-07","2026-05-08","2026-05-08 17:49:03","2026-05-08 17:49:03","2026-05-08 17:49:03","2026-05-09 01:03:41","X202605000556306","Y",""
"XDIST202605070004991639","MD요청-상품","50088","진접(대-위)","위탁","25N","DXCP5015N","ORS","56","출고완료","1","1","0","1","장윤희(YHJANG)","2026-05-07","2026-05-08","2026-05-08 17:33:04","2026-05-08 17:33:04","2026-05-08 17:33:04","2026-05-09 01:02:27","X202605000556311","Y",""
"XDIST202605070004991639","MD요청-상품","50123","포항중앙(대-위)","위탁","25N","DXCP5015N","ORS","56","출고완료","1","1","0","1","장윤희(YHJANG)","2026-05-07","2026-05-08","2026-05-08 17:33:04","2026-05-08 17:33:04","2026-05-08 17:33:04","2026-05-09 01:02:27","X202605000556312","Y",""
"XDIST202605070004991639","MD요청-상품","50092","모다울산(대-위)","위탁","25N","DXCP5015N","ORS","58","출고완료","1","1","0","1","장윤희(YHJANG)","2026-05-07","2026-05-08","2026-05-08 17:33:04","2026-05-08 17:33:04","2026-05-08 17:33:04","2026-05-09 01:02:20","X202605000556320","Y",""
"XDIST202605070004991639","MD요청-상품","10075","신세계본점","위탁","25N","DXCP5015N","ORS","58","출고완료","1","1","0","1","장윤희(YHJANG)","2026-05-07","2026-05-08","2026-05-08 17:49:03","2026-05-08 17:49:03","2026-05-08 17:49:03","2026-05-09 01:03:25","X202605000556324","Y",""
"XDIST202605080004993592","엑셀수기배분","30028","광주상무(직)","위탁","25S","DKTB73053","NBD","150","출고완료","2","2","0","2","김주형(RLAWNGUD14)","2026-05-08","2026-05-08","2026-05-08 17:46:01","2026-05-08 17:46:01","2026-05-08 17:46:01","2026-05-09 01:01:56","X202605000617764","Y",""
"XDIST202605080004993592","엑셀수기배분","30028","광주상무(직)","위탁","25S","DKTB73053","NBD","160","출고완료","2","2","0","2","김주형(RLAWNGUD14)","2026-05-08","2026-05-08","2026-05-08 17:46:01","2026-05-08 17:46:01","2026-05-08 17:46:01","2026-05-09 01:01:56","X202605000617764","Y",""
"XDIST202605080004993592","엑셀수기배분","30028","광주상무(직)","위탁","25S","DMRS85053","LKS","110","출고완료","2","2","0","2","김주형(RLAWNGUD14)","2026-05-08","2026-05-08","2026-05-08 17:46:01","2026-05-08 17:46:01","2026-05-08 17:46:01","2026-05-09 01:01:56","X202605000617765","Y",""
"XDIST202605080004993592","엑셀수기배분","30028","광주상무(직)","위탁","25S","DMRS8W053","KAD","105","출고완료","2","2","0","2","김주형(RLAWNGUD14)","2026-05-08","2026-05-08","2026-05-08 17:46:01","2026-05-08 17:46:01","2026-05-08 17:46:01","2026-05-09 01:01:54","X202605000617765","Y",""
"XDIST202605080004993592","엑셀수기배분","30028","광주상무(직)","위탁","25S","DWRS64053","BGL","90","출고완료","1","1","0","1","김주형(RLAWNGUD14)","2026-05-08","2026-05-08","2026-05-08 17:46:01","2026-05-08 17:46:01","2026-05-08 17:46:01","2026-05-09 01:01:52","X202605000617765","Y",""
"XDIST202605080004993592","엑셀수기배분","30028","광주상무(직)","위탁","25S","DWRS82053","NBD","90","출고완료","1","1","0","1","김주형(RLAWNGUD14)","2026-05-08","2026-05-08","2026-05-08 17:46:01","2026-05-08 17:46:01","2026-05-08 17:46:01","2026-05-09 01:01:52","X202605000617765","Y",""
"XDIST202605080004993592","엑셀수기배분","30028","광주상무(직)","위탁","25S","DWRS9L053","OLD","90","출고완료","1","1","0","1","김주형(RLAWNGUD14)","2026-05-08","2026-05-08","2026-05-08 17:46:01","2026-05-08 17:46:01","2026-05-08 17:46:01","2026-05-09 01:01:43","X202605000617765","Y",""
"XDIST202605080004993592","엑셀수기배분","30028","광주상무(직)","위탁","25S","DWRS9L053","WHS","95","출고완료","1","1","0","1","김주형(RLAWNGUD14)","2026-05-08","2026-05-08","2026-05-08 17:46:01","2026-05-08 17:46:01","2026-05-08 17:46:01","2026-05-09 01:01:43","X202605000617765","Y",""
"XDIST202605080004993592","엑셀수기배분","30028","광주상무(직)","위탁","25S","DXRS8R053","MTL","90","출고완료","1","1","0","1","김주형(RLAWNGUD14)","2026-05-08","2026-05-08","2026-05-08 17:46:01","2026-05-08 17:46:01","2026-05-08 17:46:01","2026-05-09 01:01:54","X202605000617765","Y",""
"XDIST202605080004993592","엑셀수기배분","30028","광주상무(직)","위탁","25S","DMRS81053","BKS","115","출고완료","2","2","0","2","김주형(RLAWNGUD14)","2026-05-08","2026-05-08","2026-05-08 17:46:01","2026-05-08 17:46:01","2026-05-08 17:46:01","2026-05-09 01:01:52","X202605000617765","Y",""
"XDIST202605080004993592","엑셀수기배분","30028","광주상무(직)","위탁","25S","DMRS81053","DKS","100","출고완료","2","2","0","2","김주형(RLAWNGUD14)","2026-05-08","2026-05-08","2026-05-08 17:46:01","2026-05-08 17:46:01","2026-05-08 17:46:01","2026-05-09 01:01:54","X202605000617765","Y",""
"XDIST202605080004993592","엑셀수기배분","30028","광주상무(직)","위탁","25S","DMRS81053","DKS","105","출고완료","1","1","0","1","김주형(RLAWNGUD14)","2026-05-08","2026-05-08","2026-05-08 17:46:01","2026-05-08 17:46:01","2026-05-08 17:46:01","2026-05-09 01:01:54","X202605000617765","Y",""
"XDIST202605080004993592","엑셀수기배분","30028","광주상무(직)","위탁","25S","DWTB66053","MGS","28","출고완료","2","2","0","2","김주형(RLAWNGUD14)","2026-05-08","2026-05-08","2026-05-08 17:46:01","2026-05-08 17:46:01","2026-05-08 17:46:01","2026-05-09 01:01:46","X202605000617766","Y",""
"XDIST202605080004993592","엑셀수기배분","30028","광주상무(직)","위탁","25S","DWTB9B053","BKS","25","출고완료","1","1","0","1","김주형(RLAWNGUD14)","2026-05-08","2026-05-08","2026-05-08 17:46:01","2026-05-08 17:46:01","2026-05-08 17:46:01","2026-05-09 01:01:43","X202605000617766","Y",""
"XDIST202605080004993592","엑셀수기배분","30028","광주상무(직)","위탁","25S","DWTB9B053","BKS","28","출고완료","2","2","0","2","김주형(RLAWNGUD14)","2026-05-08","2026-05-08","2026-05-08 17:46:01","2026-05-08 17:46:01","2026-05-08 17:46:01","2026-05-09 01:01:43","X202605000617766","Y",""
"XDIST202605080004993592","엑셀수기배분","30028","광주상무(직)","위탁","25S","DXTB7A053","BGL","36","출고완료","1","1","0","1","김주형(RLAWNGUD14)","2026-05-08","2026-05-08","2026-05-08 17:46:01","2026-05-08 17:46:01","2026-05-08 17:46:01","2026-05-09 01:01:43","X202605000617766","Y",""
"XDIST202605080004993592","엑셀수기배분","30028","광주상무(직)","위탁","25S","DXTB7A053","GRD","34","출고완료","1","1","0","1","김주형(RLAWNGUD14)","2026-05-08","2026-05-08","2026-05-08 17:46:01","2026-05-08 17:46:01","2026-05-08 17:46:01","2026-05-09 01:01:52","X202605000617766","Y",""
"XDIST202605080004993592","엑셀수기배분","30028","광주상무(직)","위탁","25S","DXTR7E053","BGS","95","출고완료","1","1","0","1","김주형(RLAWNGUD14)","2026-05-08","2026-05-08","2026-05-08 17:46:02","2026-05-08 17:46:02","2026-05-08 17:46:02","2026-05-09 01:01:46","X202605000617768","Y",""
"XDIST202605080004993592","엑셀수기배분","30028","광주상무(직)","위탁","25S","DXTR7E053","BGS","100","출고완료","1","1","0","1","김주형(RLAWNGUD14)","2026-05-08","2026-05-08","2026-05-08 17:46:02","2026-05-08 17:46:02","2026-05-08 17:46:02","2026-05-09 01:01:43","X202605000617768","Y",""
"XDIST202605080004993592","엑셀수기배분","30028","광주상무(직)","위탁","25S","DMTS73053","DGS","100","출고완료","1","1","0","1","김주형(RLAWNGUD14)","2026-05-08","2026-05-08","2026-05-08 17:46:02","2026-05-08 17:46:02","2026-05-08 17:46:02","2026-05-09 01:01:43","X202605000617769","Y",""
"XDIST202605080004993592","엑셀수기배분","30028","광주상무(직)","위탁","25S","DMTS73053","DGS","105","출고완료","1","1","0","1","김주형(RLAWNGUD14)","2026-05-08","2026-05-08","2026-05-08 17:46:02","2026-05-08 17:46:02","2026-05-08 17:46:02","2026-05-09 01:01:47","X202605000617769","Y",""
"XDIST202605080004993592","엑셀수기배분","30028","광주상무(직)","위탁","25S","DMTS73053","DGS","110","출고완료","1","1","0","1","김주형(RLAWNGUD14)","2026-05-08","2026-05-08","2026-05-08 17:46:02","2026-05-08 17:46:02","2026-05-08 17:46:02","2026-05-09 01:01:52","X202605000617769","Y",""
"XDIST202605080004993592","엑셀수기배분","30028","광주상무(직)","위탁","25S","DWTS74053","BKS","95","출고완료","1","1","0","1","김주형(RLAWNGUD14)","2026-05-08","2026-05-08","2026-05-08 17:46:02","2026-05-08 17:46:02","2026-05-08 17:46:02","2026-05-09 01:01:46","X202605000617769","Y",""
"XDIST202605080004993592","엑셀수기배분","50157","충주(대-위)","위탁","25S","DKRS51053","BKS","160","출고완료","1","1","0","1","김주형(RLAWNGUD14)","2026-05-08","2026-05-08","2026-05-08 17:32:01","2026-05-08 17:32:01","2026-05-08 17:32:01","2026-05-09 01:02:26","X202605000617770","Y",""
"XDIST202605080004993592","엑셀수기배분","50157","충주(대-위)","위탁","25S","DKRS75053","BKS","160","출고완료","1","1","0","1","김주형(RLAWNGUD14)","2026-05-08","2026-05-08","2026-05-08 17:32:01","2026-05-08 17:32:01","2026-05-08 17:32:01","2026-05-09 01:02:26","X202605000617770","Y",""
"XDIST202605080004993592","엑셀수기배분","50157","충주(대-위)","위탁","25S","DKTB73053","NBD","130","출고완료","1","1","0","1","김주형(RLAWNGUD14)","2026-05-08","2026-05-08","2026-05-08 17:32:01","2026-05-08 17:32:01","2026-05-08 17:32:01","2026-05-09 01:02:26","X202605000617771","Y",""
"XDIST202605080004993592","엑셀수기배분","50157","충주(대-위)","위탁","25S","DKTB73053","NBD","150","출고완료","1","1","0","1","김주형(RLAWNGUD14)","2026-05-08","2026-05-08","2026-05-08 17:32:01","2026-05-08 17:32:01","2026-05-08 17:32:01","2026-05-09 01:02:26","X202605000617771","Y",""
"XDIST202605080004993592","엑셀수기배분","50157","충주(대-위)","위탁","25S","DMRS6A053","BKS","100","출고완료","1","1","0","1","김주형(RLAWNGUD14)","2026-05-08","2026-05-08","2026-05-08 17:32:01","2026-05-08 17:32:01","2026-05-08 17:32:01","2026-05-09 01:02:26","X202605000617772","Y",""
"XDIST202605080004993592","엑셀수기배분","50157","충주(대-위)","위탁","25S","DMRS6A053","BKS","105","출고완료","1","1","0","1","김주형(RLAWNGUD14)","2026-05-08","2026-05-08","2026-05-08 17:32:01","2026-05-08 17:32:01","2026-05-08 17:32:01","2026-05-09 01:01:45","X202605000617772","Y",""
"XDIST202605080004993592","엑셀수기배분","50157","충주(대-위)","위탁","25S","DMRS81053","DKS","95","출고완료","1","1","0","1","김주형(RLAWNGUD14)","2026-05-08","2026-05-08","2026-05-08 17:32:01","2026-05-08 17:32:01","2026-05-08 17:32:01","2026-05-09 01:02:08","X202605000617772","Y",""
"XDIST202605080004993592","엑셀수기배분","50157","충주(대-위)","위탁","25S","DMRS81053","NBD","105","출고완료","2","2","0","2","김주형(RLAWNGUD14)","2026-05-08","2026-05-08","2026-05-08 17:32:01","2026-05-08 17:32:01","2026-05-08 17:32:01","2026-05-09 01:02:06","X202605000617772","Y",""
"XDIST202605080004993592","엑셀수기배분","50157","충주(대-위)","위탁","25S","DWRS9P053","NYD","95","출고완료","1","1","0","1","김주형(RLAWNGUD14)","2026-05-08","2026-05-08","2026-05-08 17:32:02","2026-05-08 17:32:02","2026-05-08 17:32:02","2026-05-09 01:02:01","X202605000617772","Y",""
"XDIST202605080004993592","엑셀수기배분","50157","충주(대-위)","위탁","25S","DXRS8R053","BKS","100","출고완료","1","1","0","1","김주형(RLAWNGUD14)","2026-05-08","2026-05-08","2026-05-08 17:32:02","2026-05-08 17:32:02","2026-05-08 17:32:02","2026-05-09 01:01:45","X202605000617772","Y",""
"XDIST202605080004993592","엑셀수기배분","50157","충주(대-위)","위탁","25S","DXRS8R053","BKS","105","출고완료","1","1","0","1","김주형(RLAWNGUD14)","2026-05-08","2026-05-08","2026-05-08 17:32:02","2026-05-08 17:32:02","2026-05-08 17:32:02","2026-05-09 01:01:45","X202605000617772","Y",""
"XDIST202605080004993592","엑셀수기배분","50157","충주(대-위)","위탁","25S","DXRS8R053","PPS","95","출고완료","1","1","0","1","김주형(RLAWNGUD14)","2026-05-08","2026-05-08","2026-05-08 17:32:02","2026-05-08 17:32:02","2026-05-08 17:32:02","2026-05-09 01:02:04","X202605000617772","Y",""
"XDIST202605080004993592","엑셀수기배분","50157","충주(대-위)","위탁","25S","DXRS8R053","WHS","95","출고완료","1","1","0","1","김주형(RLAWNGUD14)","2026-05-08","2026-05-08","2026-05-08 17:32:02","2026-05-08 17:32:02","2026-05-08 17:32:02","2026-05-09 01:01:45","X202605000617772","Y",""
"XDIST202605080004993592","엑셀수기배분","50157","충주(대-위)","위탁","25S","DXRS8R053","WHS","100","출고완료","1","1","0","1","김주형(RLAWNGUD14)","2026-05-08","2026-05-08","2026-05-08 17:32:02","2026-05-08 17:32:02","2026-05-08 17:32:02","2026-05-09 01:01:45","X202605000617772","Y",""
"XDIST202605080004993592","엑셀수기배분","50157","충주(대-위)","위탁","25S","DMTB67053","BKS","34","출고완료","1","1","0","1","김주형(RLAWNGUD14)","2026-05-08","2026-05-08","2026-05-08 17:32:02","2026-05-08 17:32:02","2026-05-08 17:32:02","2026-05-09 01:02:04","X202605000617773","Y",""
"XDIST202605080004993592","엑셀수기배분","50157","충주(대-위)","위탁","25S","DWTB66053","BKS","26","출고완료","1","1","0","1","김주형(RLAWNGUD14)","2026-05-08","2026-05-08","2026-05-08 17:32:02","2026-05-08 17:32:02","2026-05-08 17:32:02","2026-05-09 01:02:06","X202605000617773","Y",""
"XDIST202605080004993592","엑셀수기배분","50157","충주(대-위)","위탁","25S","DWTB66053","MGS","28","출고완료","1","1","0","1","김주형(RLAWNGUD14)","2026-05-08","2026-05-08","2026-05-08 17:32:02","2026-05-08 17:32:02","2026-05-08 17:32:02","2026-05-09 01:02:01","X202605000617773","Y",""
"XDIST202605080004993592","엑셀수기배분","50157","충주(대-위)","위탁","25S","DWTB66053","NBD","27","출고완료","1","1","0","1","김주형(RLAWNGUD14)","2026-05-08","2026-05-08","2026-05-08 17:32:02","2026-05-08 17:32:02","2026-05-08 17:32:02","2026-05-09 01:02:01","X202605000617773","Y",""
"XDIST202605080004993592","엑셀수기배분","50157","충주(대-위)","위탁","25S","DWTB91053","BKS","26","출고완료","2","2","0","2","김주형(RLAWNGUD14)","2026-05-08","2026-05-08","2026-05-08 17:32:02","2026-05-08 17:32:02","2026-05-08 17:32:02","2026-05-09 01:02:04","X202605000617773","Y",""
"XDIST202605080004993592","엑셀수기배분","50157","충주(대-위)","위탁","25S","DWTB94053","NBD","27","출고완료","2","2","0","2","김주형(RLAWNGUD14)","2026-05-08","2026-05-08","2026-05-08 17:32:02","2026-05-08 17:32:02","2026-05-08 17:32:02","2026-05-09 01:02:04","X202605000617773","Y",""
"XDIST202605080004993592","엑셀수기배분","50157","충주(대-위)","위탁","25S","DWTB9B053","BKS","26","출고완료","1","1","0","1","김주형(RLAWNGUD14)","2026-05-08","2026-05-08","2026-05-08 17:32:02","2026-05-08 17:32:02","2026-05-08 17:32:02","2026-05-09 01:02:04","X202605000617773","Y",""
"XDIST202605080004993592","엑셀수기배분","50157","충주(대-위)","위탁","25S","DXTB7A053","BGL","27","출고완료","1","1","0","1","김주형(RLAWNGUD14)","2026-05-08","2026-05-08","2026-05-08 17:32:02","2026-05-08 17:32:02","2026-05-08 17:32:02","2026-05-09 01:02:04","X202605000617773","Y",""
"XDIST202605080004993592","엑셀수기배분","50157","충주(대-위)","위탁","25S","DXTB7A053","BKS","34","출고완료","1","1","0","1","김주형(RLAWNGUD14)","2026-05-08","2026-05-08","2026-05-08 17:32:02","2026-05-08 17:32:02","2026-05-08 17:32:02","2026-05-09 01:02:26","X202605000617773","Y",""
"XDIST202605080004993592","엑셀수기배분","50157","충주(대-위)","위탁","25S","DXTB7A053","GRD","38","출고완료","1","1","0","1","김주형(RLAWNGUD14)","2026-05-08","2026-05-08","2026-05-08 17:32:02","2026-05-08 17:32:02","2026-05-08 17:32:02","2026-05-09 01:02:26","X202605000617773","Y",""
"XDIST202605080004993592","엑셀수기배분","50157","충주(대-위)","위탁","25S","DMTP61053","BKS","34","출고완료","1","1","0","1","김주형(RLAWNGUD14)","2026-05-08","2026-05-08","2026-05-08 17:32:02","2026-05-08 17:32:02","2026-05-08 17:32:02","2026-05-09 01:01:45","X202605000617774","Y",""
"XDIST202605080004993592","엑셀수기배분","50157","충주(대-위)","위탁","25S","DMTP73053","BKS","28","출고완료","1","1","0","1","김주형(RLAWNGUD14)","2026-05-08","2026-05-08","2026-05-08 17:32:02","2026-05-08 17:32:02","2026-05-08 17:32:02","2026-05-09 01:02:04","X202605000617774","Y",""
"XDIST202605080004993592","엑셀수기배분","50157","충주(대-위)","위탁","25S","DMTP73053","BKS","32","출고완료","1","1","0","1","김주형(RLAWNGUD14)","2026-05-08","2026-05-08","2026-05-08 17:32:02","2026-05-08 17:32:02","2026-05-08 17:32:02","2026-05-09 01:01:45","X202605000617774","Y",""
"XDIST202605080004993592","엑셀수기배분","50157","충주(대-위)","위탁","25S","DWTP74053","BKS","28","출고완료","1","1","0","1","김주형(RLAWNGUD14)","2026-05-08","2026-05-08","2026-05-08 17:32:02","2026-05-08 17:32:02","2026-05-08 17:32:02","2026-05-09 01:02:01","X202605000617774","Y",""
"XDIST202605080004993592","엑셀수기배분","50157","충주(대-위)","위탁","25S","DXTP77053","BKS","34","출고완료","1","1","0","1","김주형(RLAWNGUD14)","2026-05-08","2026-05-08","2026-05-08 17:32:02","2026-05-08 17:32:02","2026-05-08 17:32:02","2026-05-09 01:02:01","X202605000617774","Y",""
"XDIST202605080004993592","엑셀수기배분","50157","충주(대-위)","위탁","25S","DXTR7A053","BKS","110","출고완료","1","1","0","1","김주형(RLAWNGUD14)","2026-05-08","2026-05-08","2026-05-08 17:32:02","2026-05-08 17:32:02","2026-05-08 17:32:02","2026-05-09 01:02:26","X202605000617775","Y",""
"XDIST202605080004993592","엑셀수기배분","50157","충주(대-위)","위탁","25S","DXTR7A053","GRD","110","출고완료","1","1","0","1","김주형(RLAWNGUD14)","2026-05-08","2026-05-08","2026-05-08 17:32:02","2026-05-08 17:32:02","2026-05-08 17:32:02","2026-05-09 01:02:06","X202605000617775","Y",""
"XDIST202605080004993592","엑셀수기배분","50157","충주(대-위)","위탁","25S","DMTS6L053","DGS","100","출고완료","1","1","0","1","김주형(RLAWNGUD14)","2026-05-08","2026-05-08","2026-05-08 17:32:02","2026-05-08 17:32:02","2026-05-08 17:32:02","2026-05-09 01:01:45","X202605000617776","Y",""
"XDIST202605080004993592","엑셀수기배분","50157","충주(대-위)","위탁","25S","DMTS73053","DGS","110","출고완료","1","1","0","1","김주형(RLAWNGUD14)","2026-05-08","2026-05-08","2026-05-08 17:32:02","2026-05-08 17:32:02","2026-05-08 17:32:02","2026-05-09 01:02:01","X202605000617776","Y",""
"XDIST202605080004993592","엑셀수기배분","50157","충주(대-위)","위탁","25S","DWTS74053","WHS","95","출고완료","1","1","0","1","김주형(RLAWNGUD14)","2026-05-08","2026-05-08","2026-05-08 17:32:02","2026-05-08 17:32:02","2026-05-08 17:32:02","2026-05-09 01:02:08","X202605000617776","Y",""
"XDIST202605080004993592","엑셀수기배분","50190","아트몰링하단(대-위)","위탁","25S","DMPT73053","BKS","32","출고완료","1","1","0","1","김주형(RLAWNGUD14)","2026-05-08","2026-05-08","2026-05-08 17:33:10","2026-05-08 17:33:10","2026-05-08 17:33:10","2026-05-09 01:02:06","X202605000617777","Y",""
"XDIST202605080004993592","엑셀수기배분","50190","아트몰링하단(대-위)","위탁","25S","DWPT7F053","BGD","25","출고완료","1","1","0","1","김주형(RLAWNGUD14)","2026-05-08","2026-05-08","2026-05-08 17:33:10","2026-05-08 17:33:10","2026-05-08 17:33:10","2026-05-09 01:02:09","X202605000617777","Y",""
"XDIST202605080004993592","엑셀수기배분","50190","아트몰링하단(대-위)","위탁","25S","DMRS63053","BKS","105","출고완료","2","2","0","2","김주형(RLAWNGUD14)","2026-05-08","2026-05-08","2026-05-08 17:33:10","2026-05-08 17:33:10","2026-05-08 17:33:10","2026-05-09 01:01:56","X202605000617778","Y",""
"XDIST202605080004993592","엑셀수기배분","50190","아트몰링하단(대-위)","위탁","25S","DMRS6A053","GRD","100","출고완료","2","2","0","2","김주형(RLAWNGUD14)","2026-05-08","2026-05-08","2026-05-08 17:33:10","2026-05-08 17:33:10","2026-05-08 17:33:10","2026-05-09 01:02:06","X202605000617778","Y",""
"XDIST202605080004993592","엑셀수기배분","50190","아트몰링하단(대-위)","위탁","25S","DWRS64053","BGL","90","출고완료","2","2","0","2","김주형(RLAWNGUD14)","2026-05-08","2026-05-08","2026-05-08 17:33:10","2026-05-08 17:33:10","2026-05-08 17:33:10","2026-05-09 01:02:06","X202605000617778","Y",""
"XDIST202605080004993592","엑셀수기배분","50190","아트몰링하단(대-위)","위탁","25S","DWRS64053","BGL","95","출고완료","2","2","0","2","김주형(RLAWNGUD14)","2026-05-08","2026-05-08","2026-05-08 17:33:10","2026-05-08 17:33:10","2026-05-08 17:33:10","2026-05-09 01:02:06","X202605000617778","Y",""
"XDIST202605080004993592","엑셀수기배분","50190","아트몰링하단(대-위)","위탁","25S","DWRS64053","WHS","95","출고완료","2","2","0","2","김주형(RLAWNGUD14)","2026-05-08","2026-05-08","2026-05-08 17:33:10","2026-05-08 17:33:10","2026-05-08 17:33:10","2026-05-09 01:02:07","X202605000617778","Y",""
"XDIST202605080004993592","엑셀수기배분","50190","아트몰링하단(대-위)","위탁","25S","DWRS9H053","BLD","95","출고완료","2","2","0","2","김주형(RLAWNGUD14)","2026-05-08","2026-05-08","2026-05-08 17:33:10","2026-05-08 17:33:10","2026-05-08 17:33:10","2026-05-09 01:01:56","X202605000617778","Y",""
"XDIST202605080004993592","엑셀수기배분","50190","아트몰링하단(대-위)","위탁","25S","DWRS9P053","MTL","95","출고완료","1","1","0","1","김주형(RLAWNGUD14)","2026-05-08","2026-05-08","2026-05-08 17:33:10","2026-05-08 17:33:10","2026-05-08 17:33:10","2026-05-09 01:02:15","X202605000617778","Y",""
"XDIST202605080004993592","엑셀수기배분","50190","아트몰링하단(대-위)","위탁","25S","DWRS9P053","NYD","100","출고완료","1","1","0","1","김주형(RLAWNGUD14)","2026-05-08","2026-05-08","2026-05-08 17:33:10","2026-05-08 17:33:10","2026-05-08 17:33:10","2026-05-09 01:02:02","X202605000617778","Y",""
"XDIST202605080004993592","엑셀수기배분","50190","아트몰링하단(대-위)","위탁","25S","DXRS8R053","PPS","110","출고완료","1","1","0","1","김주형(RLAWNGUD14)","2026-05-08","2026-05-08","2026-05-08 17:33:10","2026-05-08 17:33:10","2026-05-08 17:33:10","2026-05-09 01:02:03","X202605000617778","Y",""
"XDIST202605080004993592","엑셀수기배분","50190","아트몰링하단(대-위)","위탁","25S","DXRS8R053","WHS","90","출고완료","1","1","0","1","김주형(RLAWNGUD14)","2026-05-08","2026-05-08","2026-05-08 17:33:10","2026-05-08 17:33:10","2026-05-08 17:33:10","2026-05-09 01:02:06","X202605000617778","Y",""
"XDIST202605080004993592","엑셀수기배분","50190","아트몰링하단(대-위)","위탁","25S","DXRS8R053","WHS","100","출고완료","1","1","0","1","김주형(RLAWNGUD14)","2026-05-08","2026-05-08","2026-05-08 17:33:10","2026-05-08 17:33:10","2026-05-08 17:33:10","2026-05-09 01:02:06","X202605000617778","Y",""
"XDIST202605080004993592","엑셀수기배분","50190","아트몰링하단(대-위)","위탁","25S","DXRS8T053","DGS","100","출고완료","1","1","0","1","김주형(RLAWNGUD14)","2026-05-08","2026-05-08","2026-05-08 17:33:10","2026-05-08 17:33:10","2026-05-08 17:33:10","2026-05-09 01:02:07","X202605000617778","Y",""
"XDIST202605080004993592","엑셀수기배분","50190","아트몰링하단(대-위)","위탁","25S","DXRS8T053","DGS","110","출고완료","1","1","0","1","김주형(RLAWNGUD14)","2026-05-08","2026-05-08","2026-05-08 17:33:10","2026-05-08 17:33:10","2026-05-08 17:33:10","2026-05-09 01:01:56","X202605000617778","Y",""
"XDIST202605080004993592","엑셀수기배분","50190","아트몰링하단(대-위)","위탁","25S","DMSB71053","DGS","32","출고완료","1","1","0","1","김주형(RLAWNGUD14)","2026-05-08","2026-05-08","2026-05-08 17:33:10","2026-05-08 17:33:10","2026-05-08 17:33:10","2026-05-09 01:02:06","X202605000617779","Y",""
"XDIST202605080004993592","엑셀수기배분","50190","아트몰링하단(대-위)","위탁","25S","DWSB62053","NYD","28","출고완료","1","1","0","1","김주형(RLAWNGUD14)","2026-05-08","2026-05-08","2026-05-08 17:33:10","2026-05-08 17:33:10","2026-05-08 17:33:10","2026-05-09 01:02:02","X202605000617779","Y",""
"XDIST202605080004993592","엑셀수기배분","50190","아트몰링하단(대-위)","위탁","25S","DWSB62053","PKD","27","출고완료","1","1","0","1","김주형(RLAWNGUD14)","2026-05-08","2026-05-08","2026-05-08 17:33:10","2026-05-08 17:33:10","2026-05-08 17:33:10","2026-05-09 01:02:07","X202605000617779","Y",""
"XDIST202605080004993592","엑셀수기배분","50190","아트몰링하단(대-위)","위탁","25S","DMSP7C053","BKS","34","출고완료","1","1","0","1","김주형(RLAWNGUD14)","2026-05-08","2026-05-08","2026-05-08 17:33:10","2026-05-08 17:33:10","2026-05-08 17:33:10","2026-05-09 01:01:56","X202605000617780","Y",""
"XDIST202605080004993592","엑셀수기배분","50190","아트몰링하단(대-위)","위탁","25S","DWSP91053","BKS","27","출고완료","1","1","0","1","김주형(RLAWNGUD14)","2026-05-08","2026-05-08","2026-05-08 17:33:10","2026-05-08 17:33:10","2026-05-08 17:33:10","2026-05-09 01:02:09","X202605000617780","Y",""
"XDIST202605080004993592","엑셀수기배분","50190","아트몰링하단(대-위)","위탁","25S","DWSP91053","GRD","26","출고완료","1","1","0","1","김주형(RLAWNGUD14)","2026-05-08","2026-05-08","2026-05-08 17:33:10","2026-05-08 17:33:10","2026-05-08 17:33:10","2026-05-09 01:02:09","X202605000617780","Y",""
"XDIST202605080004993592","엑셀수기배분","50190","아트몰링하단(대-위)","위탁","25S","DMSW63053","BKS","100","출고완료","1","1","0","1","김주형(RLAWNGUD14)","2026-05-08","2026-05-08","2026-05-08 17:33:10","2026-05-08 17:33:10","2026-05-08 17:33:10","2026-05-09 01:02:03","X202605000617781","Y",""
"XDIST202605080004993592","엑셀수기배분","50190","아트몰링하단(대-위)","위탁","25S","DMSW63053","DGS","100","출고완료","1","1","0","1","김주형(RLAWNGUD14)","2026-05-08","2026-05-08","2026-05-08 17:33:11","2026-05-08 17:33:11","2026-05-08 17:33:11","2026-05-09 01:02:03","X202605000617781","Y",""
"XDIST202605080004993592","엑셀수기배분","50190","아트몰링하단(대-위)","위탁","25S","DMSW65053","INS","105","출고완료","1","1","0","1","김주형(RLAWNGUD14)","2026-05-08","2026-05-08","2026-05-08 17:33:11","2026-05-08 17:33:11","2026-05-08 17:33:11","2026-05-09 01:02:07","X202605000617781","Y",""
"XDIST202605080004993592","엑셀수기배분","50190","아트몰링하단(대-위)","위탁","25S","DMSW75053","BKS","110","출고완료","1","1","0","1","김주형(RLAWNGUD14)","2026-05-08","2026-05-08","2026-05-08 17:33:11","2026-05-08 17:33:11","2026-05-08 17:33:11","2026-05-09 01:02:03","X202605000617781","Y",""
"XDIST202605080004993592","엑셀수기배분","50190","아트몰링하단(대-위)","위탁","25S","DMSW77053","BKS","95","출고완료","1","1","0","1","김주형(RLAWNGUD14)","2026-05-08","2026-05-08","2026-05-08 17:33:11","2026-05-08 17:33:11","2026-05-08 17:33:11","2026-05-09 01:02:09","X202605000617781","Y",""
"XDIST202605080004993592","엑셀수기배분","50190","아트몰링하단(대-위)","위탁","25S","DMSW77053","BKS","105","출고완료","1","1","0","1","김주형(RLAWNGUD14)","2026-05-08","2026-05-08","2026-05-08 17:33:11","2026-05-08 17:33:11","2026-05-08 17:33:11","2026-05-09 01:02:02","X202605000617781","Y",""
"XDIST202605080004993592","엑셀수기배분","50190","아트몰링하단(대-위)","위탁","25S","DMSW77053","BKS","110","출고완료","1","1","0","1","김주형(RLAWNGUD14)","2026-05-08","2026-05-08","2026-05-08 17:33:11","2026-05-08 17:33:11","2026-05-08 17:33:11","2026-05-09 01:02:07","X202605000617781","Y",""
"XDIST202605080004993592","엑셀수기배분","50190","아트몰링하단(대-위)","위탁","25S","DMSW77053","WHS","100","출고완료","1","1","0","1","김주형(RLAWNGUD14)","2026-05-08","2026-05-08","2026-05-08 17:33:11","2026-05-08 17:33:11","2026-05-08 17:33:11","2026-05-09 01:02:02","X202605000617781","Y",""
"XDIST202605080004993592","엑셀수기배분","50190","아트몰링하단(대-위)","위탁","25S","DWSW92053","BKL","95","출고완료","1","1","0","1","김주형(RLAWNGUD14)","2026-05-08","2026-05-08","2026-05-08 17:33:11","2026-05-08 17:33:11","2026-05-08 17:33:11","2026-05-09 01:02:09","X202605000617781","Y",""
"XDIST202605080004993592","엑셀수기배분","50190","아트몰링하단(대-위)","위탁","25S","DWWJ91053","OLS","90","출고완료","1","1","0","1","김주형(RLAWNGUD14)","2026-05-08","2026-05-08","2026-05-08 17:33:11","2026-05-08 17:33:11","2026-05-08 17:33:11","2026-05-09 01:02:06","X202605000617786","Y",""
"XDIST202605080004993592","엑셀수기배분","50190","아트몰링하단(대-위)","위탁","25S","DWLG9A053","BKS","M","출고완료","1","1","0","1","김주형(RLAWNGUD14)","2026-05-08","2026-05-08","2026-05-08 17:33:11","2026-05-08 17:33:11","2026-05-08 17:33:11","2026-05-09 01:02:07","X202605000617787","Y",""
"XDIST202605080004993592","엑셀수기배분","50190","아트몰링하단(대-위)","위탁","25S","DWSK91053","BGD","27","출고완료","1","1","0","1","김주형(RLAWNGUD14)","2026-05-08","2026-05-08","2026-05-08 17:33:11","2026-05-08 17:33:11","2026-05-08 17:33:11","2026-05-09 01:02:03","X202605000617788","Y",""
"XDIST202605080004993592","엑셀수기배분","50190","아트몰링하단(대-위)","위탁","25S","DWSK91053","BGD","28","출고완료","1","1","0","1","김주형(RLAWNGUD14)","2026-05-08","2026-05-08","2026-05-08 17:33:11","2026-05-08 17:33:11","2026-05-08 17:33:11","2026-05-09 01:02:03","X202605000617788","Y",""
"XDIST202605080004993592","엑셀수기배분","50190","아트몰링하단(대-위)","위탁","25S","DWSK91053","DGS","25","출고완료","1","1","0","1","김주형(RLAWNGUD14)","2026-05-08","2026-05-08","2026-05-08 17:33:11","2026-05-08 17:33:11","2026-05-08 17:33:11","2026-05-09 01:02:03","X202605000617788","Y",""
"XDIST202605080004993592","엑셀수기배분","50190","아트몰링하단(대-위)","위탁","25S","DWSK91053","NBD","26","출고완료","1","1","0","1","김주형(RLAWNGUD14)","2026-05-08","2026-05-08","2026-05-08 17:33:11","2026-05-08 17:33:11","2026-05-08 17:33:11","2026-05-09 01:02:02","X202605000617788","Y",""
"XDIST202605080004993592","엑셀수기배분","50190","아트몰링하단(대-위)","위탁","25S","DWSK91053","OLD","26","출고완료","1","1","0","1","김주형(RLAWNGUD14)","2026-05-08","2026-05-08","2026-05-08 17:33:11","2026-05-08 17:33:11","2026-05-08 17:33:11","2026-05-09 01:02:15","X202605000617788","Y",""
"XDIST202605060004973614","MD요청-상품","10081","신세계스타일마켓","위탁","26S","DXTR7C063","BKS","95","출고완료","1","1","0","1","권현정(KHJEONG)","2026-05-06","2026-05-06","2026-05-06 17:27:04","2026-05-06 17:27:04","2026-05-06 17:27:04","2026-05-07 01:02:37","X202605000364316","Y",""
"XDIST202605070004984929","MD요청-상품","50041","홍성점(대-위)","위탁","26S","DKAZ22063","WHS","130","출고완료","1","1","0","1","김소진(SOJIN1027)","2026-05-07","2026-05-07","2026-05-07 16:54:08","2026-05-07 16:54:08","2026-05-07 16:54:08","2026-05-08 01:02:31","X202605000487175","Y",""
"XDIST202605070004984929","MD요청-상품","50122","상주(대-위)","위탁","26S","DKAZ22063","WHS","150","출고완료","1","1","0","1","김소진(SOJIN1027)","2026-05-07","2026-05-07","2026-05-07 17:08:01","2026-05-07 17:08:01","2026-05-07 17:08:01","2026-05-08 01:02:26","X202605000487179","Y",""
"XDIST202605070004984929","MD요청-상품","50122","상주(대-위)","위탁","26S","DKAZ22063","WHS","130","출고완료","1","1","0","1","김소진(SOJIN1027)","2026-05-07","2026-05-07","2026-05-07 17:08:01","2026-05-07 17:08:01","2026-05-07 17:08:01","2026-05-08 01:02:26","X202605000487179","Y",""
"XDIST202605070004984929","MD요청-상품","50122","상주(대-위)","위탁","26S","DKAZ22063","WHS","140","출고완료","1","1","0","1","김소진(SOJIN1027)","2026-05-07","2026-05-07","2026-05-07 17:08:01","2026-05-07 17:08:01","2026-05-07 17:08:01","2026-05-08 01:02:26","X202605000487179","Y",""
"XDIST202605070004984929","MD요청-상품","50165","청주율량(대-위)","위탁","26S","DKAZ22063","WHS","140","출고완료","1","1","0","1","김소진(SOJIN1027)","2026-05-07","2026-05-07","2026-05-07 16:54:08","2026-05-07 16:54:08","2026-05-07 16:54:08","2026-05-08 01:02:22","X202605000487181","Y",""
"XDIST202605070004984929","MD요청-상품","50126","강릉(대-위)","위탁","26S","DKAZ22063","WHS","130","출고완료","1","1","0","1","김소진(SOJIN1027)","2026-05-07","2026-05-07","2026-05-07 16:54:08","2026-05-07 16:54:08","2026-05-07 16:54:08","2026-05-08 01:02:49","X202605000487186","Y",""
"XDIST202605070004984929","MD요청-상품","50006","제주(대-위)","위탁","26S","DKAZ22063","WHS","130","출고완료","1","1","0","1","김소진(SOJIN1027)","2026-05-07","2026-05-07","2026-05-07 16:54:08","2026-05-07 16:54:08","2026-05-07 16:54:08","2026-05-08 01:02:45","X202605000487190","Y",""
"XDIST202605070004984929","MD요청-상품","11008","K_AK수원","위탁","26S","DKAZ22063","WHS","140","출고완료","1","1","0","1","김소진(SOJIN1027)","2026-05-07","2026-05-07","2026-05-07 17:08:01","2026-05-07 17:08:01","2026-05-07 17:08:01","2026-05-08 01:03:51","X202605000487193","Y",""
"XDIST202605070004984929","MD요청-상품","50053","전주송천(대-위)","위탁","26S","DKAZ22063","WHS","150","출고완료","1","1","0","1","김소진(SOJIN1027)","2026-05-07","2026-05-07","2026-05-07 17:07:08","2026-05-07 17:07:08","2026-05-07 17:07:08","2026-05-08 01:02:30","X202605000487197","Y",""
"XDIST202605070004984929","MD요청-상품","50057","여천(대-위)","위탁","26S","DKAZ22063","WHS","150","출고완료","1","1","0","1","김소진(SOJIN1027)","2026-05-07","2026-05-07","2026-05-07 16:54:08","2026-05-07 16:54:08","2026-05-07 16:54:08","2026-05-08 01:02:36","X202605000487202","Y",""
"XDIST202605070004984929","MD요청-상품","10079","신세계하남","위탁","26S","DKAZ22063","WHS","140","출고완료","1","1","0","1","김소진(SOJIN1027)","2026-05-07","2026-05-07","2026-05-07 17:08:01","2026-05-07 17:08:01","2026-05-07 17:08:01","2026-05-08 01:03:41","X202605000487205","Y",""
"XDIST202605070004984929","MD요청-상품","11018","K_LF스퀘어광양","위탁","26S","DKAZ22063","WHS","140","출고완료","1","1","0","1","김소진(SOJIN1027)","2026-05-07","2026-05-07","2026-05-07 17:07:08","2026-05-07 17:07:08","2026-05-07 17:07:08","2026-05-08 01:02:22","X202605000487212","Y",""
"XDIST202605070004984929","MD요청-상품","50140","에버랜드용인(대-위)","위탁","26S","DKAZ22063","WHS","130","출고완료","1","1","0","1","김소진(SOJIN1027)","2026-05-07","2026-05-07","2026-05-07 16:54:08","2026-05-07 16:54:08","2026-05-07 16:54:08","2026-05-08 01:04:23","X202605000487214","Y",""
"XDIST202605070004984929","MD요청-상품","50065","화성봉담(대-위)","위탁","26S","DKAZ22063","WHS","140","출고완료","1","1","0","1","김소진(SOJIN1027)","2026-05-07","2026-05-07","2026-05-07 17:07:08","2026-05-07 17:07:08","2026-05-07 17:07:08","2026-05-08 01:02:17","X202605000487215","Y",""
"XDIST202605070004984929","MD요청-상품","50144","당진(대-위)","위탁","26S","DKAZ22063","WHS","150","출고완료","1","1","0","1","김소진(SOJIN1027)","2026-05-07","2026-05-07","2026-05-07 17:07:08","2026-05-07 17:07:08","2026-05-07 17:07:08","2026-05-08 01:02:52","X202605000487219","Y",""
"XDIST202605070004991696","MD요청-상품","50185","모다경주(대-위)","위탁","25N","DXCP6015N","NYD","58","출고완료","3","3","0","3","장윤희(YHJANG)","2026-05-07","2026-05-08","2026-05-08 17:49:04","2026-05-08 17:49:04","2026-05-08 17:49:04","2026-05-09 01:01:37","X202605000556478","Y",""
"XDIST202605070004991696","MD요청-상품","50180","동광양(대-위)","위탁","25N","DXCP6015N","NYD","56","출고완료","3","3","0","3","장윤희(YHJANG)","2026-05-07","2026-05-08","2026-05-08 17:33:05","2026-05-08 17:33:05","2026-05-08 17:33:05","2026-05-09 01:01:51","X202605000556482","Y",""
"XDIST202605070004984929","MD요청-상품","50143","통영(대-위)","위탁","26S","DKAZ22063","WHS","140","출고완료","1","1","0","1","김소진(SOJIN1027)","2026-05-07","2026-05-07","2026-05-07 16:54:08","2026-05-07 16:54:08","2026-05-07 16:54:08","2026-05-08 01:02:44","X202605000487222","Y",""
"XDIST202605070004984929","MD요청-상품","50146","안산사동(대-위)","위탁","26S","DKAZ22063","WHS","130","출고완료","1","1","0","1","김소진(SOJIN1027)","2026-05-07","2026-05-07","2026-05-07 16:54:08","2026-05-07 16:54:08","2026-05-07 16:54:08","2026-05-08 01:02:50","X202605000487225","Y",""
"XDIST202605070004984929","MD요청-상품","11010","K_신세계김해","위탁","26S","DKAZ22063","WHS","150","출고완료","1","1","0","1","김소진(SOJIN1027)","2026-05-07","2026-05-07","2026-05-07 17:08:01","2026-05-07 17:08:01","2026-05-07 17:08:01","2026-05-08 01:02:57","X202605000487228","Y",""
"XDIST202605070004984929","MD요청-상품","11010","K_신세계김해","위탁","26S","DKAZ22063","WHS","140","출고완료","1","1","0","1","김소진(SOJIN1027)","2026-05-07","2026-05-07","2026-05-07 17:08:01","2026-05-07 17:08:01","2026-05-07 17:08:01","2026-05-08 01:02:57","X202605000487228","Y",""
"XDIST202605070004984929","MD요청-상품","50148","김천(대-위)","위탁","26S","DKAZ22063","WHS","130","출고완료","1","1","0","1","김소진(SOJIN1027)","2026-05-07","2026-05-07","2026-05-07 16:54:08","2026-05-07 16:54:08","2026-05-07 16:54:08","2026-05-08 01:02:24","X202605000487229","Y",""
"XDIST202605070004984929","MD요청-상품","50103","광주흑석(대-위)","위탁","26S","DKAZ22063","WHS","130","출고완료","1","1","0","1","김소진(SOJIN1027)","2026-05-07","2026-05-07","2026-05-07 16:54:08","2026-05-07 16:54:08","2026-05-07 16:54:08","2026-05-08 01:02:39","X202605000487231","Y",""
"XDIST202605070004984929","MD요청-상품","50106","세정광주(대-위)","위탁","26S","DKAZ22063","WHS","130","출고완료","1","1","0","1","김소진(SOJIN1027)","2026-05-07","2026-05-07","2026-05-07 16:54:08","2026-05-07 16:54:08","2026-05-07 16:54:08","2026-05-08 01:02:47","X202605000487233","Y",""
"XDIST202605070004984929","MD요청-상품","11015","K_롯데부산","위탁","26S","DKAZ22063","WHS","150","출고완료","1","1","0","1","김소진(SOJIN1027)","2026-05-07","2026-05-07","2026-05-07 17:07:08","2026-05-07 17:07:08","2026-05-07 17:07:08","2026-05-08 01:02:28","X202605000487234","Y",""
"XDIST202605070004984929","MD요청-상품","11017","K_롯데광복","위탁","26S","DKAZ22063","WHS","140","출고완료","1","1","0","1","김소진(SOJIN1027)","2026-05-07","2026-05-07","2026-05-07 17:07:08","2026-05-07 17:07:08","2026-05-07 17:07:08","2026-05-08 01:03:03","X202605000487237","Y",""
"XDIST202605070004984929","MD요청-상품","50151","속초(대-위)","위탁","26S","DKAZ22063","WHS","150","출고완료","1","1","0","1","김소진(SOJIN1027)","2026-05-07","2026-05-07","2026-05-07 16:54:08","2026-05-07 16:54:08","2026-05-07 16:54:08","2026-05-08 01:02:39","X202605000487242","Y",""
"XDIST202605070004984929","MD요청-상품","50151","속초(대-위)","위탁","26S","DKAZ22063","WHS","130","출고완료","1","1","0","1","김소진(SOJIN1027)","2026-05-07","2026-05-07","2026-05-07 16:54:08","2026-05-07 16:54:08","2026-05-07 16:54:08","2026-05-08 01:02:39","X202605000487242","Y",""
"XDIST202605070004984929","MD요청-상품","50156","익산영등(대-위)","위탁","26S","DKAZ22063","WHS","150","출고완료","1","1","0","1","김소진(SOJIN1027)","2026-05-07","2026-05-07","2026-05-07 16:54:08","2026-05-07 16:54:08","2026-05-07 16:54:08","2026-05-08 01:02:47","X202605000487249","Y",""
"XDIST202605070004984929","MD요청-상품","50114","원주중앙(대-위)","위탁","26S","DKAZ22063","WHS","140","출고완료","1","1","0","1","김소진(SOJIN1027)","2026-05-07","2026-05-07","2026-05-07 17:07:08","2026-05-07 17:07:08","2026-05-07 17:07:08","2026-05-08 01:03:00","X202605000487251","Y",""
"XDIST202605070004990043","엑셀수기배분","10097","신세계대전","위탁","26S","DMTS7Q063","IVD","105","출고완료","26","26","0","26","김주형(RLAWNGUD14)","2026-05-07","2026-05-08","2026-05-08 17:33:03","2026-05-08 17:33:03","2026-05-08 17:33:03","2026-05-09 01:01:42","X202605000550894","Y",""
"XDIST202605080004993351","엑셀수기배분","11020","K_신세계영등포","위탁","26S","DKAZ22063","WHS","140","출고완료","1","1","0","1","김소진(SOJIN1027)","2026-05-08","2026-05-08","2026-05-08 17:46:01","2026-05-08 17:46:01","2026-05-08 17:46:01","2026-05-09 01:03:30","X202605000616163","Y",""
"XDIST202605080004993351","엑셀수기배분","50047","순천중앙(대-위)","위탁","26S","DKRS61063","WHS","140","출고완료","1","1","0","1","김소진(SOJIN1027)","2026-05-08","2026-05-08","2026-05-08 17:32:01","2026-05-08 17:32:01","2026-05-08 17:32:01","2026-05-09 01:02:30","X202605000616165","Y",""
"XDIST202605080004993351","엑셀수기배분","50207","전주평화점(대-위)","위탁","26S","DKRS76063","SBL","130","출고완료","4","4","0","4","김소진(SOJIN1027)","2026-05-08","2026-05-08","2026-05-08 17:46:01","2026-05-08 17:46:01","2026-05-08 17:46:01","2026-05-09 01:02:07","X202605000616168","Y",""
"XDIST202605060004974215","MD요청-상품","10014","롯데중동","위탁","26S","DWRS97063","PCL","95","출고완료","1","1","0","1","권현정(KHJEONG)","2026-05-06","2026-05-06","2026-05-06 17:26:09","2026-05-06 17:26:09","2026-05-06 17:26:09","2026-05-07 01:04:51","X202605000364944","Y",""
"XDIST202605060004974216","MD요청-상품","10061","신세계대구","위탁","26S","DWRS8J063","IVS","95","출고완료","1","1","0","1","권현정(KHJEONG)","2026-05-06","2026-05-06","2026-05-06 17:27:04","2026-05-06 17:27:04","2026-05-06 17:27:04","2026-05-07 01:03:56","X202605000364948","Y",""
"XDIST202605060004974216","MD요청-상품","50188","논산(대-위)","위탁","26S","DWRS8J063","IVS","90","출고완료","1","1","0","1","권현정(KHJEONG)","2026-05-06","2026-05-06","2026-05-06 17:30:17","2026-05-06 17:30:17","2026-05-06 17:30:17","2026-05-07 01:04:33","X202605000364959","Y",""
"XDIST202605060004975243","엑셀수기배분","11018","K_LF스퀘어광양","위탁","26S","DWRS94063","WHS","90","출고완료","1","1","0","1","이훈희(LEEHH1149)","2026-05-06","2026-05-07","2026-05-07 17:07:00","2026-05-07 17:07:00","2026-05-07 17:07:00","2026-05-08 01:02:22","X202605000366743","Y",""
"XDIST202605060004975243","엑셀수기배분","11018","K_LF스퀘어광양","위탁","26S","DMPT73063","BKS","34","출고완료","1","1","0","1","이훈희(LEEHH1149)","2026-05-06","2026-05-07","2026-05-07 17:07:00","2026-05-07 17:07:00","2026-05-07 17:07:00","2026-05-08 01:02:22","X202605000366748","Y",""
"XDIST202605060004975243","엑셀수기배분","11018","K_LF스퀘어광양","위탁","26S","DXRS5G063","BKS","100","출고완료","1","1","0","1","이훈희(LEEHH1149)","2026-05-06","2026-05-07","2026-05-07 17:07:00","2026-05-07 17:07:00","2026-05-07 17:07:00","2026-05-08 01:02:22","X202605000366750","Y",""
"XDIST202605070004990843","MD요청-상품","31006","명동점(직)","위탁","25N","DXCP5015N","BES","56","출고완료","2","2","0","2","장윤희(YHJANG)","2026-05-07","2026-05-08","2026-05-08 17:33:03","2026-05-08 17:33:03","2026-05-08 17:33:03","2026-05-09 13:23:00","X202605000553218","Y",""
"XDIST202605060004973820","MD요청-상품","10008","롯데건대","위탁","26S","DXRS5G063","PCS","100","출고완료","1","1","0","1","권현정(KHJEONG)","2026-05-06","2026-05-06","2026-05-06 17:26:09","2026-05-06 17:26:09","2026-05-06 17:26:09","2026-05-07 01:04:50","X202605000364519","Y",""
"XDIST202605060004973820","MD요청-상품","50146","안산사동(대-위)","위탁","26S","DXRS5G063","PCS","100","출고완료","1","1","0","1","권현정(KHJEONG)","2026-05-06","2026-05-06","2026-05-06 17:30:16","2026-05-06 17:30:16","2026-05-06 17:30:16","2026-05-07 01:04:35","X202605000364525","Y",""
"XDIST202605080004995773","엑셀수기배분","90019","EC-온라인물류","위탁","25F","DKDJ73056","BKS","160","출고완료","3","3","0","3","허새흰(HEEN1)","2026-05-08","2026-05-08","2026-05-08 15:39:00","2026-05-08 15:39:00","2026-05-08 15:39:00","2026-05-09 01:01:30","X202605000653137","Y",""
"XDIST202605080004995773","엑셀수기배분","90019","EC-온라인물류","위탁","25F","DWDJ9A056","DGS","85","출고완료","1","1","0","1","허새흰(HEEN1)","2026-05-08","2026-05-08","2026-05-08 15:39:01","2026-05-08 15:39:01","2026-05-08 15:39:01","2026-05-09 01:01:18","X202605000653138","Y",""
"XDIST202605080004995773","엑셀수기배분","90019","EC-온라인물류","위탁","25F","DWDJ9A056","BKS","90","출고완료","5","5","0","5","허새흰(HEEN1)","2026-05-08","2026-05-08","2026-05-08 15:39:01","2026-05-08 15:39:01","2026-05-08 15:39:01","2026-05-09 01:01:18","X202605000653138","Y",""
"XDIST202605080004995773","엑셀수기배분","90019","EC-온라인물류","위탁","25F","DMDJ5K056","OLD","105","출고완료","1","1","0","1","허새흰(HEEN1)","2026-05-08","2026-05-08","2026-05-08 15:39:00","2026-05-08 15:39:00","2026-05-08 15:39:00","2026-05-09 01:01:17","X202605000653138","Y",""
"XDIST202605080004995773","엑셀수기배분","90019","EC-온라인물류","위탁","25F","DMDJ5K056","PPD","100","출고완료","10","10","0","10","허새흰(HEEN1)","2026-05-08","2026-05-08","2026-05-08 15:39:00","2026-05-08 15:39:00","2026-05-08 15:39:00","2026-05-09 01:01:26","X202605000653138","Y",""
"XDIST202605080004995773","엑셀수기배분","90019","EC-온라인물류","위탁","25F","DMDJ63056","BKS","95","출고완료","5","5","0","5","허새흰(HEEN1)","2026-05-08","2026-05-08","2026-05-08 15:39:00","2026-05-08 15:39:00","2026-05-08 15:39:00","2026-05-09 01:01:19","X202605000653138","Y",""
"XDIST202605080004995773","엑셀수기배분","90019","EC-온라인물류","위탁","25F","DMDJ63056","BKS","110","출고완료","5","5","0","5","허새흰(HEEN1)","2026-05-08","2026-05-08","2026-05-08 15:39:00","2026-05-08 15:39:00","2026-05-08 15:39:00","2026-05-09 01:01:19","X202605000653138","Y",""
"XDIST202605080004995773","엑셀수기배분","90019","EC-온라인물류","위탁","25F","DMDJ67056","BKS","95","출고완료","5","5","0","5","허새흰(HEEN1)","2026-05-08","2026-05-08","2026-05-08 15:39:00","2026-05-08 15:39:00","2026-05-08 15:39:00","2026-05-09 01:01:19","X202605000653138","Y",""
"XDIST202605080004995773","엑셀수기배분","90019","EC-온라인물류","위탁","25F","DMDJ67056","BKS","110","출고완료","5","5","0","5","허새흰(HEEN1)","2026-05-08","2026-05-08","2026-05-08 15:39:00","2026-05-08 15:39:00","2026-05-08 15:39:00","2026-05-09 01:01:17","X202605000653138","Y",""
"XDIST202605080004995773","엑셀수기배분","90019","EC-온라인물류","위탁","25F","DWDJ68056","BKS","95","출고완료","5","5","0","5","허새흰(HEEN1)","2026-05-08","2026-05-08","2026-05-08 15:39:00","2026-05-08 15:39:00","2026-05-08 15:39:00","2026-05-09 01:01:18","X202605000653138","Y",""
"XDIST202605080004995773","엑셀수기배분","90019","EC-온라인물류","위탁","25F","DWDJ8D056","TQN","90","출고완료","5","5","0","5","허새흰(HEEN1)","2026-05-08","2026-05-08","2026-05-08 15:39:00","2026-05-08 15:39:00","2026-05-08 15:39:00","2026-05-09 01:01:21","X202605000653138","Y",""
"XDIST202605080004995773","엑셀수기배분","90019","EC-온라인물류","위탁","25F","DWDJ94056","CRS","90","출고완료","5","5","0","5","허새흰(HEEN1)","2026-05-08","2026-05-08","2026-05-08 15:39:00","2026-05-08 15:39:00","2026-05-08 15:39:00","2026-05-09 01:01:33","X202605000653138","Y",""
"XDIST202605080004995773","엑셀수기배분","90019","EC-온라인물류","위탁","25F","DWDJ94056","CRS","100","출고완료","5","5","0","5","허새흰(HEEN1)","2026-05-08","2026-05-08","2026-05-08 15:39:01","2026-05-08 15:39:01","2026-05-08 15:39:01","2026-05-09 01:01:17","X202605000653138","Y",""
"XDIST202605080004995773","엑셀수기배분","90019","EC-온라인물류","위탁","25F","DKDJ80056","TQD","120","출고완료","5","5","0","5","허새흰(HEEN1)","2026-05-08","2026-05-08","2026-05-08 15:39:01","2026-05-08 15:39:01","2026-05-08 15:39:01","2026-05-09 01:01:30","X202605000653139","Y",""
"XDIST202605080004995773","엑셀수기배분","90019","EC-온라인물류","위탁","25F","DKDJ80056","TQD","140","출고완료","5","5","0","5","허새흰(HEEN1)","2026-05-08","2026-05-08","2026-05-08 15:39:01","2026-05-08 15:39:01","2026-05-08 15:39:01","2026-05-09 01:01:30","X202605000653139","Y",""
"XDIST202605080004995773","엑셀수기배분","90019","EC-온라인물류","위탁","25F","DKDJ54056","LKS","140","출고완료","5","5","0","5","허새흰(HEEN1)","2026-05-08","2026-05-08","2026-05-08 15:39:01","2026-05-08 15:39:01","2026-05-08 15:39:01","2026-05-09 01:01:32","X202605000653139","Y",""
"XDIST202605080004995773","엑셀수기배분","90019","EC-온라인물류","위탁","25F","DKDJ54056","ORL","160","출고완료","5","5","0","5","허새흰(HEEN1)","2026-05-08","2026-05-08","2026-05-08 15:39:01","2026-05-08 15:39:01","2026-05-08 15:39:01","2026-05-09 01:01:33","X202605000653139","Y",""
"XDIST202605080004995773","엑셀수기배분","90019","EC-온라인물류","위탁","25F","DKDJ54056","BGS","120","출고완료","5","5","0","5","허새흰(HEEN1)","2026-05-08","2026-05-08","2026-05-08 15:39:01","2026-05-08 15:39:01","2026-05-08 15:39:01","2026-05-09 01:01:33","X202605000653139","Y",""
"XDIST202605080004995773","엑셀수기배분","90019","EC-온라인물류","위탁","25F","DKDJ54056","BKS","120","출고완료","5","5","0","5","허새흰(HEEN1)","2026-05-08","2026-05-08","2026-05-08 15:39:01","2026-05-08 15:39:01","2026-05-08 15:39:01","2026-05-09 01:01:33","X202605000653139","Y",""
"XDIST202605080004995773","엑셀수기배분","90019","EC-온라인물류","위탁","25F","DKDJ61056","LKS","150","출고완료","5","5","0","5","허새흰(HEEN1)","2026-05-08","2026-05-08","2026-05-08 15:39:01","2026-05-08 15:39:01","2026-05-08 15:39:01","2026-05-09 01:01:31","X202605000653139","Y",""
"XDIST202605080004995773","엑셀수기배분","90019","EC-온라인물류","위탁","25F","DKDJ61056","CRS","140","출고완료","5","5","0","5","허새흰(HEEN1)","2026-05-08","2026-05-08","2026-05-08 15:39:01","2026-05-08 15:39:01","2026-05-08 15:39:01","2026-05-09 01:01:26","X202605000653139","Y",""
"XDIST202605080004995773","엑셀수기배분","90019","EC-온라인물류","위탁","25F","DKDJ61056","LKS","130","출고완료","5","5","0","5","허새흰(HEEN1)","2026-05-08","2026-05-08","2026-05-08 15:39:01","2026-05-08 15:39:01","2026-05-08 15:39:01","2026-05-09 01:01:31","X202605000653139","Y",""
"XDIST202605080004995773","엑셀수기배분","90019","EC-온라인물류","위탁","25F","DKDJ75056","BKS","130","출고완료","5","5","0","5","허새흰(HEEN1)","2026-05-08","2026-05-08","2026-05-08 15:39:01","2026-05-08 15:39:01","2026-05-08 15:39:01","2026-05-09 01:01:32","X202605000653139","Y",""
"XDIST202605080004995773","엑셀수기배분","90019","EC-온라인물류","위탁","25F","DKDJ80056","BKS","140","출고완료","5","5","0","5","허새흰(HEEN1)","2026-05-08","2026-05-08","2026-05-08 15:39:01","2026-05-08 15:39:01","2026-05-08 15:39:01","2026-05-09 01:01:30","X202605000653139","Y",""
"XDIST202605080004995773","엑셀수기배분","90019","EC-온라인물류","위탁","25F","DWDJ8D056","PKL","85","출고완료","5","5","0","5","허새흰(HEEN1)","2026-05-08","2026-05-08","2026-05-08 15:39:01","2026-05-08 15:39:01","2026-05-08 15:39:01","2026-05-09 01:01:18","X202605000653140","Y",""
"XDIST202605080004995773","엑셀수기배분","90019","EC-온라인물류","위탁","25F","DWDJ8D056","PPS","90","출고완료","5","5","0","5","허새흰(HEEN1)","2026-05-08","2026-05-08","2026-05-08 15:39:01","2026-05-08 15:39:01","2026-05-08 15:39:01","2026-05-09 01:01:20","X202605000653140","Y",""
"XDIST202605080004995773","엑셀수기배분","90019","EC-온라인물류","위탁","25F","DWDJ8D056","BKL","85","출고완료","5","5","0","5","허새흰(HEEN1)","2026-05-08","2026-05-08","2026-05-08 15:39:01","2026-05-08 15:39:01","2026-05-08 15:39:01","2026-05-09 01:01:18","X202605000653140","Y",""
"XDIST202605080004995773","엑셀수기배분","90019","EC-온라인물류","위탁","25F","DWDJ8D056","PPS","100","출고완료","5","5","0","5","허새흰(HEEN1)","2026-05-08","2026-05-08","2026-05-08 15:39:01","2026-05-08 15:39:01","2026-05-08 15:39:01","2026-05-09 01:01:17","X202605000653140","Y",""
"XDIST202605080004995773","엑셀수기배분","90019","EC-온라인물류","위탁","25F","DWDJ8D056","PKL","100","출고완료","5","5","0","5","허새흰(HEEN1)","2026-05-08","2026-05-08","2026-05-08 15:39:01","2026-05-08 15:39:01","2026-05-08 15:39:01","2026-05-09 01:01:18","X202605000653140","Y",""
"XDIST202605080004995773","엑셀수기배분","90019","EC-온라인물류","위탁","25F","DWDJ8D056","TQN","85","출고완료","5","5","0","5","허새흰(HEEN1)","2026-05-08","2026-05-08","2026-05-08 15:39:01","2026-05-08 15:39:01","2026-05-08 15:39:01","2026-05-09 01:01:18","X202605000653140","Y",""
"XDIST202605080004995773","엑셀수기배분","90019","EC-온라인물류","위탁","25F","DWDJ8D056","BKS","90","출고완료","5","5","0","5","허새흰(HEEN1)","2026-05-08","2026-05-08","2026-05-08 15:39:01","2026-05-08 15:39:01","2026-05-08 15:39:01","2026-05-09 01:01:18","X202605000653140","Y",""
"XDIST202605060004973820","MD요청-상품","50104","애플사상(대-위)","위탁","26S","DXRS5G063","PCS","105","출고완료","1","1","0","1","권현정(KHJEONG)","2026-05-06","2026-05-06","2026-05-06 17:26:09","2026-05-06 17:26:09","2026-05-06 17:26:09","2026-05-07 01:04:09","X202605000364527","Y",""
"XDIST202605070004991689","MD요청-상품","50160","정읍(대-위)","위탁","25N","DXCP6015N","BKS","58","출고완료","2","2","0","2","장윤희(YHJANG)","2026-05-07","2026-05-08","2026-05-08 17:33:04","2026-05-08 17:33:04","2026-05-08 17:33:04","2026-05-09 01:02:30","X202605000556468","Y",""
"XDIST202605070004991689","MD요청-상품","50185","모다경주(대-위)","위탁","25N","DXCP6015N","BKS","58","출고완료","3","3","0","3","장윤희(YHJANG)","2026-05-07","2026-05-08","2026-05-08 17:49:03","2026-05-08 17:49:03","2026-05-08 17:49:03","2026-05-09 01:01:37","X202605000556471","Y",""
"XDIST202605060004974122","MD요청-상품","10029","롯데상인","위탁","26S","DWRS97063","DGS","90","출고완료","1","1","0","1","권현정(KHJEONG)","2026-05-06","2026-05-06","2026-05-06 17:26:09","2026-05-06 17:26:09","2026-05-06 17:26:09","2026-05-07 01:03:08","X202605000364832","Y",""
"XDIST202605060004974122","MD요청-상품","50126","강릉(대-위)","위탁","26S","DWRS97063","DGS","95","출고완료","1","1","0","1","권현정(KHJEONG)","2026-05-06","2026-05-06","2026-05-06 17:31:05","2026-05-06 17:31:05","2026-05-06 17:31:05","2026-05-07 01:03:16","X202605000364846","Y",""
"XDIST202605060004974122","MD요청-상품","10046","갤러리아센터시티","위탁","26S","DWRS97063","DGS","95","출고완료","1","1","0","1","권현정(KHJEONG)","2026-05-06","2026-05-06","2026-05-06 17:26:09","2026-05-06 17:26:09","2026-05-06 17:26:09","2026-05-07 01:02:58","X202605000364849","Y",""
"XDIST202605060004974319","MD요청-상품","30050","타임스트림신림(직)","위탁","26S","DWRS9N063","LDL","95","출고완료","1","1","0","1","권현정(KHJEONG)","2026-05-06","2026-05-06","2026-05-06 17:31:06","2026-05-06 17:31:06","2026-05-06 17:31:06","2026-05-07 01:03:37","X202605000365178","Y",""
"XDIST202605060004974319","MD요청-상품","10048","아이파크용산","위탁","26S","DWRS9N063","LDL","95","출고완료","1","1","0","1","권현정(KHJEONG)","2026-05-06","2026-05-06","2026-05-06 17:26:09","2026-05-06 17:26:09","2026-05-06 17:26:09","2026-05-07 01:05:01","X202605000365180","Y",""
"XDIST202605060004979832","엑셀수기배분","30051","신세계아울렛여주(직)","위탁","24S","DMPT57043","GRD","36","출고완료","5","5","0","5","이훈희(LEEHH1149)","2026-05-06","2026-05-07","2026-05-07 16:51:01","2026-05-07 16:51:01","2026-05-07 16:51:01","2026-05-08 01:03:04","X202605000385216","Y",""
"XDIST202605060004979832","엑셀수기배분","30051","신세계아울렛여주(직)","위탁","24S","DMPT57043","NBD","34","출고완료","5","5","0","5","이훈희(LEEHH1149)","2026-05-06","2026-05-07","2026-05-07 16:51:01","2026-05-07 16:51:01","2026-05-07 16:51:01","2026-05-08 01:03:04","X202605000385216","Y",""
"XDIST202605060004979832","엑셀수기배분","30051","신세계아울렛여주(직)","위탁","24S","DMPT7A043","BKS","30","출고완료","5","5","0","5","이훈희(LEEHH1149)","2026-05-06","2026-05-07","2026-05-07 16:51:01","2026-05-07 16:51:01","2026-05-07 16:51:01","2026-05-08 01:03:06","X202605000385216","Y",""
"XDIST202605060004979832","엑셀수기배분","30051","신세계아울렛여주(직)","위탁","24S","DMPT7A043","DMS","34","출고완료","5","5","0","5","이훈희(LEEHH1149)","2026-05-06","2026-05-07","2026-05-07 16:51:01","2026-05-07 16:51:01","2026-05-07 16:51:01","2026-05-08 01:03:06","X202605000385216","Y",""
"XDIST202605060004979832","엑셀수기배분","30051","신세계아울렛여주(직)","위탁","24S","DMPT7C043","BKS","36","출고완료","3","3","0","3","이훈희(LEEHH1149)","2026-05-06","2026-05-07","2026-05-07 16:51:01","2026-05-07 16:51:01","2026-05-07 16:51:01","2026-05-08 01:03:06","X202605000385216","Y",""
"XDIST202605060004979832","엑셀수기배분","30051","신세계아울렛여주(직)","위탁","24S","DMPT7C043","NBD","32","출고완료","10","10","0","10","이훈희(LEEHH1149)","2026-05-06","2026-05-07","2026-05-07 16:51:01","2026-05-07 16:51:01","2026-05-07 16:51:01","2026-05-08 01:03:06","X202605000385216","Y",""
"XDIST202605060004979832","엑셀수기배분","30051","신세계아울렛여주(직)","위탁","24S","DMPT7C043","NBD","34","출고완료","5","5","0","5","이훈희(LEEHH1149)","2026-05-06","2026-05-07","2026-05-07 16:51:01","2026-05-07 16:51:01","2026-05-07 16:51:01","2026-05-08 01:03:06","X202605000385216","Y",""
"XDIST202605060004979832","엑셀수기배분","30051","신세계아울렛여주(직)","위탁","24S","DMTB61043","INS","36","출고완료","5","5","0","5","이훈희(LEEHH1149)","2026-05-06","2026-05-07","2026-05-07 16:51:01","2026-05-07 16:51:01","2026-05-07 16:51:01","2026-05-08 01:03:04","X202605000385217","Y",""
"XDIST202605060004979832","엑셀수기배분","30051","신세계아울렛여주(직)","위탁","24S","DWTP52043","BKS","26","출고완료","5","5","0","5","이훈희(LEEHH1149)","2026-05-06","2026-05-07","2026-05-07 16:51:01","2026-05-07 16:51:01","2026-05-07 16:51:01","2026-05-08 01:03:05","X202605000385218","Y",""
"XDIST202605060004979832","엑셀수기배분","30051","신세계아울렛여주(직)","위탁","24S","DMTR51043","CRD","100","출고완료","5","5","0","5","이훈희(LEEHH1149)","2026-05-06","2026-05-07","2026-05-07 16:51:01","2026-05-07 16:51:01","2026-05-07 16:51:01","2026-05-08 01:03:06","X202605000385219","Y",""
"XDIST202605060004979832","엑셀수기배분","30051","신세계아울렛여주(직)","위탁","24S","DMTR51043","CRD","105","출고완료","5","5","0","5","이훈희(LEEHH1149)","2026-05-06","2026-05-07","2026-05-07 16:51:01","2026-05-07 16:51:01","2026-05-07 16:51:01","2026-05-08 01:03:06","X202605000385219","Y",""
"XDIST202605060004979832","엑셀수기배분","30051","신세계아울렛여주(직)","위탁","24S","DMTR51043","CRD","95","출고완료","5","5","0","5","이훈희(LEEHH1149)","2026-05-06","2026-05-07","2026-05-07 16:51:01","2026-05-07 16:51:01","2026-05-07 16:51:01","2026-05-08 01:03:06","X202605000385219","Y",""
"XDIST202605060004979832","엑셀수기배분","30051","신세계아울렛여주(직)","위탁","24S","DMTR78043","BKS","100","출고완료","5","5","0","5","이훈희(LEEHH1149)","2026-05-06","2026-05-07","2026-05-07 16:51:01","2026-05-07 16:51:01","2026-05-07 16:51:01","2026-05-08 01:03:04","X202605000385219","Y",""
"XDIST202605060004979832","엑셀수기배분","30051","신세계아울렛여주(직)","위탁","24S","DWTR52043","BKS","90","출고완료","5","5","0","5","이훈희(LEEHH1149)","2026-05-06","2026-05-07","2026-05-07 16:51:01","2026-05-07 16:51:01","2026-05-07 16:51:01","2026-05-08 01:03:07","X202605000385219","Y",""
"XDIST202605060004979832","엑셀수기배분","30051","신세계아울렛여주(직)","위탁","24S","DWTR52043","CRD","95","출고완료","5","5","0","5","이훈희(LEEHH1149)","2026-05-06","2026-05-07","2026-05-07 16:51:01","2026-05-07 16:51:01","2026-05-07 16:51:01","2026-05-08 01:03:07","X202605000385219","Y",""
"XDIST202605060004979832","엑셀수기배분","30051","신세계아울렛여주(직)","위탁","24S","DWTR52043","IVD","90","출고완료","10","10","0","10","이훈희(LEEHH1149)","2026-05-06","2026-05-07","2026-05-07 16:51:01","2026-05-07 16:51:01","2026-05-07 16:51:01","2026-05-08 01:03:07","X202605000385219","Y",""
"XDIST202605060004979832","엑셀수기배분","30051","신세계아울렛여주(직)","위탁","24S","DWTR52043","IVD","95","출고완료","10","10","0","10","이훈희(LEEHH1149)","2026-05-06","2026-05-07","2026-05-07 16:51:01","2026-05-07 16:51:01","2026-05-07 16:51:01","2026-05-08 01:03:07","X202605000385219","Y",""
"XDIST202605060004979832","엑셀수기배분","30051","신세계아울렛여주(직)","위탁","24S","DXTR75043","BRD","90","출고완료","5","5","0","5","이훈희(LEEHH1149)","2026-05-06","2026-05-07","2026-05-07 16:51:01","2026-05-07 16:51:01","2026-05-07 16:51:01","2026-05-08 01:03:06","X202605000385219","Y",""
"XDIST202605060004979832","엑셀수기배분","30051","신세계아울렛여주(직)","위탁","24S","DXTR75043","BRD","95","출고완료","5","5","0","5","이훈희(LEEHH1149)","2026-05-06","2026-05-07","2026-05-07 16:51:01","2026-05-07 16:51:01","2026-05-07 16:51:01","2026-05-08 01:03:06","X202605000385219","Y",""
"XDIST202605060004979832","엑셀수기배분","30051","신세계아울렛여주(직)","위탁","24S","DXTR76043","BRD","100","출고완료","5","5","0","5","이훈희(LEEHH1149)","2026-05-06","2026-05-07","2026-05-07 16:51:01","2026-05-07 16:51:01","2026-05-07 16:51:01","2026-05-08 01:03:07","X202605000385219","Y",""
"XDIST202605060004979832","엑셀수기배분","30051","신세계아울렛여주(직)","위탁","24S","DMTS55043","TQL","110","출고완료","5","5","0","5","이훈희(LEEHH1149)","2026-05-06","2026-05-07","2026-05-07 16:51:01","2026-05-07 16:51:01","2026-05-07 16:51:01","2026-05-08 01:03:07","X202605000385220","Y",""
"XDIST202605060004979832","엑셀수기배분","30051","신세계아울렛여주(직)","위탁","24S","DMTS73043","TQS","110","출고완료","5","5","0","5","이훈희(LEEHH1149)","2026-05-06","2026-05-07","2026-05-07 16:51:01","2026-05-07 16:51:01","2026-05-07 16:51:01","2026-05-08 01:03:07","X202605000385220","Y",""
"XDIST202605060004979832","엑셀수기배분","30051","신세계아울렛여주(직)","위탁","24S","DMTSG3043","TQD","105","출고완료","5","5","0","5","이훈희(LEEHH1149)","2026-05-06","2026-05-07","2026-05-07 16:51:01","2026-05-07 16:51:01","2026-05-07 16:51:01","2026-05-08 01:03:07","X202605000385220","Y",""
"XDIST202605060004979832","엑셀수기배분","30051","신세계아울렛여주(직)","위탁","24S","DMTSG3043","TQD","110","출고완료","5","5","0","5","이훈희(LEEHH1149)","2026-05-06","2026-05-07","2026-05-07 16:51:01","2026-05-07 16:51:01","2026-05-07 16:51:01","2026-05-08 01:03:05","X202605000385220","Y",""
"XDIST202605060004979832","엑셀수기배분","30051","신세계아울렛여주(직)","위탁","24S","DMTSGE043","DBS","105","출고완료","5","5","0","5","이훈희(LEEHH1149)","2026-05-06","2026-05-07","2026-05-07 16:51:01","2026-05-07 16:51:01","2026-05-07 16:51:01","2026-05-08 01:03:05","X202605000385220","Y",""
"XDIST202605060004979832","엑셀수기배분","30051","신세계아울렛여주(직)","위탁","24S","DMTSGI043","NYD","105","출고완료","5","5","0","5","이훈희(LEEHH1149)","2026-05-06","2026-05-07","2026-05-07 16:51:01","2026-05-07 16:51:01","2026-05-07 16:51:01","2026-05-08 01:03:05","X202605000385220","Y",""
"XDIST202605060004979832","엑셀수기배분","30051","신세계아울렛여주(직)","위탁","24S","DMTSGQ043","GRD","105","출고완료","5","5","0","5","이훈희(LEEHH1149)","2026-05-06","2026-05-07","2026-05-07 16:51:01","2026-05-07 16:51:01","2026-05-07 16:51:01","2026-05-08 01:03:08","X202605000385220","Y",""
"XDIST202605060004979832","엑셀수기배분","30051","신세계아울렛여주(직)","위탁","24S","DMTSGU043","GNN","100","출고완료","5","5","0","5","이훈희(LEEHH1149)","2026-05-06","2026-05-07","2026-05-07 16:51:01","2026-05-07 16:51:01","2026-05-07 16:51:01","2026-05-08 01:03:04","X202605000385220","Y",""
"XDIST202605060004979832","엑셀수기배분","30051","신세계아울렛여주(직)","위탁","24S","DMTSGU043","GNN","105","출고완료","5","5","0","5","이훈희(LEEHH1149)","2026-05-06","2026-05-07","2026-05-07 16:51:01","2026-05-07 16:51:01","2026-05-07 16:51:01","2026-05-08 01:03:03","X202605000385220","Y",""
"XDIST202605060004979832","엑셀수기배분","30051","신세계아울렛여주(직)","위탁","24S","DWTSGF043","CRS","100","출고완료","2","2","0","2","이훈희(LEEHH1149)","2026-05-06","2026-05-07","2026-05-07 16:51:01","2026-05-07 16:51:01","2026-05-07 16:51:01","2026-05-08 01:03:04","X202605000385220","Y",""
"XDIST202605060004979832","엑셀수기배분","30051","신세계아울렛여주(직)","위탁","24S","DWTSGP043","CBL","90","출고완료","5","5","0","5","이훈희(LEEHH1149)","2026-05-06","2026-05-07","2026-05-07 16:51:01","2026-05-07 16:51:01","2026-05-07 16:51:01","2026-05-08 01:03:04","X202605000385220","Y",""
"XDIST202605060004979832","엑셀수기배분","30051","신세계아울렛여주(직)","위탁","24S","DWWJ94043","PKS","95","출고완료","5","5","0","5","이훈희(LEEHH1149)","2026-05-06","2026-05-07","2026-05-07 16:51:01","2026-05-07 16:51:01","2026-05-07 16:51:01","2026-05-08 01:03:05","X202605000385221","Y",""
"XDIST202605060004979832","엑셀수기배분","30051","신세계아울렛여주(직)","위탁","24S","DWWJ95043","NYD","95","출고완료","15","15","0","15","이훈희(LEEHH1149)","2026-05-06","2026-05-07","2026-05-07 16:51:01","2026-05-07 16:51:01","2026-05-07 16:51:01","2026-05-08 01:03:04","X202605000385221","Y",""
"XDIST202605060004979832","엑셀수기배분","30051","신세계아울렛여주(직)","위탁","24S","DMWJ61043","BKS","105","출고완료","5","5","0","5","이훈희(LEEHH1149)","2026-05-06","2026-05-07","2026-05-07 16:51:01","2026-05-07 16:51:01","2026-05-07 16:51:01","2026-05-08 01:03:03","X202605000385221","Y",""
"XDIST202605060004979832","엑셀수기배분","30051","신세계아울렛여주(직)","위탁","24S","DWWJ62043","BKS","95","출고완료","5","5","0","5","이훈희(LEEHH1149)","2026-05-06","2026-05-07","2026-05-07 16:51:01","2026-05-07 16:51:01","2026-05-07 16:51:01","2026-05-08 01:03:05","X202605000385221","Y",""
"XDIST202605060004979832","엑셀수기배분","30051","신세계아울렛여주(직)","위탁","24S","DWWJ62043","MTL","90","출고완료","5","5","0","5","이훈희(LEEHH1149)","2026-05-06","2026-05-07","2026-05-07 16:51:01","2026-05-07 16:51:01","2026-05-07 16:51:01","2026-05-08 01:03:05","X202605000385221","Y",""
"XDIST202605060004979832","엑셀수기배분","30051","신세계아울렛여주(직)","위탁","24S","DWWJ93043","LYS","90","출고완료","5","5","0","5","이훈희(LEEHH1149)","2026-05-06","2026-05-07","2026-05-07 16:51:01","2026-05-07 16:51:01","2026-05-07 16:51:01","2026-05-08 01:03:05","X202605000385221","Y",""
"XDIST202605060004979832","엑셀수기배분","30051","신세계아울렛여주(직)","위탁","24S","DXRS5C043","DBS","105","출고완료","5","5","0","5","이훈희(LEEHH1149)","2026-05-06","2026-05-07","2026-05-07 16:51:01","2026-05-07 16:51:01","2026-05-07 16:51:01","2026-05-08 01:03:04","X202605000385222","Y",""
"XDIST202605060004979832","엑셀수기배분","30051","신세계아울렛여주(직)","위탁","24S","DXRS5C043","DBS","85","출고완료","3","3","0","3","이훈희(LEEHH1149)","2026-05-06","2026-05-07","2026-05-07 16:51:01","2026-05-07 16:51:01","2026-05-07 16:51:01","2026-05-08 01:03:04","X202605000385222","Y",""
"XDIST202605060004979832","엑셀수기배분","30051","신세계아울렛여주(직)","위탁","24S","DXRS79043","BLD","95","출고완료","5","5","0","5","이훈희(LEEHH1149)","2026-05-06","2026-05-07","2026-05-07 16:51:01","2026-05-07 16:51:01","2026-05-07 16:51:01","2026-05-08 01:03:04","X202605000385222","Y",""
"XDIST202605060004979832","엑셀수기배분","30051","신세계아울렛여주(직)","위탁","24S","DXRS7C043","GNN","105","출고완료","5","5","0","5","이훈희(LEEHH1149)","2026-05-06","2026-05-07","2026-05-07 16:51:01","2026-05-07 16:51:01","2026-05-07 16:51:01","2026-05-08 01:03:03","X202605000385222","Y",""
"XDIST202605060004979832","엑셀수기배분","30051","신세계아울렛여주(직)","위탁","24S","DXRS7K043","BLL","95","출고완료","5","5","0","5","이훈희(LEEHH1149)","2026-05-06","2026-05-07","2026-05-07 16:51:01","2026-05-07 16:51:01","2026-05-07 16:51:01","2026-05-08 01:03:03","X202605000385222","Y",""
"XDIST202605070004990843","MD요청-상품","10092","엔터6안양","위탁","25N","DXCP5015N","BES","56","출고완료","1","1","0","1","장윤희(YHJANG)","2026-05-07","2026-05-08","2026-05-08 17:33:03","2026-05-08 17:33:03","2026-05-08 17:33:03","2026-05-09 01:03:45","X202605000553201","Y",""
"XDIST202605070004990843","MD요청-상품","50023","순천연향(대-위)","위탁","25N","DXCP5015N","BES","58","출고완료","2","2","0","2","장윤희(YHJANG)","2026-05-07","2026-05-08","2026-05-08 17:49:03","2026-05-08 17:49:03","2026-05-08 17:49:03","2026-05-09 01:02:12","X202605000553208","Y",""
"XDIST202605080004993353","엑셀수기배분","90019","EC-온라인물류","위탁","24N","DKCP2064N","BLS","56","출고완료","1","1","0","1","허새흰(HEEN1)","2026-05-08","2026-05-08","2026-05-08 17:30:03","2026-05-08 17:30:03","2026-05-08 17:30:03","2026-05-09 01:01:23","X202605000616236","Y",""
"XDIST202605080004993353","엑셀수기배분","90019","EC-온라인물류","위탁","25N","DXSG0015N","BLS","F","출고완료","2","2","0","2","허새흰(HEEN1)","2026-05-08","2026-05-08","2026-05-08 17:30:03","2026-05-08 17:30:03","2026-05-08 17:30:03","2026-05-09 01:01:23","X202605000616241","Y",""
"XDIST202605080004993353","엑셀수기배분","90019","EC-온라인물류","위탁","25N","DXSH5415N","SIL","260","출고완료","3","3","0","3","허새흰(HEEN1)","2026-05-08","2026-05-08","2026-05-08 17:30:03","2026-05-08 17:30:03","2026-05-08 17:30:03","2026-05-09 01:01:27","X202605000616242","Y",""
"XDIST202605080004993353","엑셀수기배분","90019","EC-온라인물류","위탁","25N","DXSH5415N","WHS","265","출고완료","1","1","0","1","허새흰(HEEN1)","2026-05-08","2026-05-08","2026-05-08 17:30:03","2026-05-08 17:30:03","2026-05-08 17:30:03","2026-05-09 01:01:28","X202605000616242","Y",""
"XDIST202605080004993353","엑셀수기배분","90019","EC-온라인물류","위탁","25N","DXSO7035N","IVS","24","출고완료","9","9","0","9","허새흰(HEEN1)","2026-05-08","2026-05-08","2026-05-08 17:30:03","2026-05-08 17:30:03","2026-05-08 17:30:03","2026-05-09 01:01:21","X202605000616245","Y",""
"XDIST202605080004993353","엑셀수기배분","90019","EC-온라인물류","위탁","25S","DKSW53053","BKS","160","출고완료","11","11","0","11","허새흰(HEEN1)","2026-05-08","2026-05-08","2026-05-08 17:30:03","2026-05-08 17:30:03","2026-05-08 17:30:03","2026-05-09 01:01:21","X202605000616249","Y",""
"XDIST202605080004993353","엑셀수기배분","90019","EC-온라인물류","위탁","25S","DKSW55053","BLS","130","출고완료","3","3","0","3","허새흰(HEEN1)","2026-05-08","2026-05-08","2026-05-08 17:30:03","2026-05-08 17:30:03","2026-05-08 17:30:03","2026-05-09 01:01:20","X202605000616249","Y",""
"XDIST202605080004993353","엑셀수기배분","90019","EC-온라인물류","위탁","25S","DWPT91053","BKS","27","출고완료","1","1","0","1","허새흰(HEEN1)","2026-05-08","2026-05-08","2026-05-08 17:30:03","2026-05-08 17:30:03","2026-05-08 17:30:03","2026-05-09 01:01:23","X202605000616252","Y",""
"XDIST202605080004993353","엑셀수기배분","90019","EC-온라인물류","위탁","25S","DWPT91053","BRD","26","출고완료","2","2","0","2","허새흰(HEEN1)","2026-05-08","2026-05-08","2026-05-08 17:30:03","2026-05-08 17:30:03","2026-05-08 17:30:03","2026-05-09 01:01:23","X202605000616252","Y",""
"XDIST202605080004993353","엑셀수기배분","90019","EC-온라인물류","위탁","25S","DMRS8V053","BRS","105","출고완료","11","11","0","11","허새흰(HEEN1)","2026-05-08","2026-05-08","2026-05-08 17:30:04","2026-05-08 17:30:04","2026-05-08 17:30:04","2026-05-09 01:01:22","X202605000616253","Y",""
"XDIST202605080004993353","엑셀수기배분","90019","EC-온라인물류","위탁","25S","DMRS8V053","BRS","95","출고완료","7","7","0","7","허새흰(HEEN1)","2026-05-08","2026-05-08","2026-05-08 17:30:04","2026-05-08 17:30:04","2026-05-08 17:30:04","2026-05-09 01:01:22","X202605000616253","Y",""
"XDIST202605080004993353","엑셀수기배분","90019","EC-온라인물류","위탁","25S","DWRS6B053","BKS","95","출고완료","2","2","0","2","허새흰(HEEN1)","2026-05-08","2026-05-08","2026-05-08 17:30:04","2026-05-08 17:30:04","2026-05-08 17:30:04","2026-05-09 01:01:23","X202605000616253","Y",""
"XDIST202605080004993353","엑셀수기배분","90019","EC-온라인물류","위탁","25S","DXRS87053","NYD","115","출고완료","7","7","0","7","허새흰(HEEN1)","2026-05-08","2026-05-08","2026-05-08 17:30:04","2026-05-08 17:30:04","2026-05-08 17:30:04","2026-05-09 01:01:22","X202605000616253","Y",""
"XDIST202605080004993353","엑셀수기배분","90019","EC-온라인물류","위탁","25S","DXRS87053","WID","100","출고완료","1","1","0","1","허새흰(HEEN1)","2026-05-08","2026-05-08","2026-05-08 17:30:04","2026-05-08 17:30:04","2026-05-08 17:30:04","2026-05-09 01:01:23","X202605000616253","Y",""
"XDIST202605080004993353","엑셀수기배분","90019","EC-온라인물류","위탁","25S","DMSW61053","BKS","95","출고완료","3","3","0","3","허새흰(HEEN1)","2026-05-08","2026-05-08","2026-05-08 17:30:04","2026-05-08 17:30:04","2026-05-08 17:30:04","2026-05-09 01:01:27","X202605000616257","Y",""
"XDIST202605080004993353","엑셀수기배분","90019","EC-온라인물류","위탁","25S","DWTB91053","GRD","26","출고완료","2","2","0","2","허새흰(HEEN1)","2026-05-08","2026-05-08","2026-05-08 17:30:04","2026-05-08 17:30:04","2026-05-08 17:30:04","2026-05-09 01:01:22","X202605000616258","Y",""
"XDIST202605080004993353","엑셀수기배분","90019","EC-온라인물류","위탁","25S","DWTR47051","KAN","95","출고완료","4","4","0","0","허새흰(HEEN1)","2026-05-08","2026-05-08","2026-05-08 17:30:04","2026-05-08 17:30:04","2026-05-08 17:30:04","","X202605000616260","Y",""
"XDIST202605080004993353","엑셀수기배분","90019","EC-온라인물류","위탁","25S","DXTR7E053","SBL","105","출고완료","3","3","0","3","허새흰(HEEN1)","2026-05-08","2026-05-08","2026-05-08 17:30:04","2026-05-08 17:30:04","2026-05-08 17:30:04","2026-05-09 01:01:29","X202605000616260","Y",""
"XDIST202605080004993353","엑셀수기배분","90019","EC-온라인물류","위탁","25S","DMTS77053","BKS","95","출고완료","7","7","0","7","허새흰(HEEN1)","2026-05-08","2026-05-08","2026-05-08 17:30:04","2026-05-08 17:30:04","2026-05-08 17:30:04","2026-05-09 01:01:22","X202605000616261","Y",""
"XDIST202605080004993353","엑셀수기배분","90019","EC-온라인물류","위탁","25S","DMTS77053","DGS","105","출고완료","14","14","0","14","허새흰(HEEN1)","2026-05-08","2026-05-08","2026-05-08 17:30:04","2026-05-08 17:30:04","2026-05-08 17:30:04","2026-05-09 01:01:22","X202605000616261","Y",""
"XDIST202605080004993353","엑셀수기배분","90019","EC-온라인물류","위탁","25S","DMWJ7C053","WID","95","출고완료","5","5","0","5","허새흰(HEEN1)","2026-05-08","2026-05-08","2026-05-08 17:30:04","2026-05-08 17:30:04","2026-05-08 17:30:04","2026-05-09 01:01:26","X202605000616263","Y",""
"XDIST202605080004993353","엑셀수기배분","90019","EC-온라인물류","위탁","25S","DMWJ7Q053","BKS","105","출고완료","7","7","0","7","허새흰(HEEN1)","2026-05-08","2026-05-08","2026-05-08 17:30:04","2026-05-08 17:30:04","2026-05-08 17:30:04","2026-05-09 01:01:28","X202605000616263","Y",""
"XDIST202605080004993353","엑셀수기배분","90019","EC-온라인물류","위탁","25S","DMWJ7Q053","TQS","110","출고완료","4","4","0","4","허새흰(HEEN1)","2026-05-08","2026-05-08","2026-05-08 17:30:04","2026-05-08 17:30:04","2026-05-08 17:30:04","2026-05-09 01:01:26","X202605000616263","Y",""
"XDIST202605080004993353","엑셀수기배분","90019","EC-온라인물류","위탁","25S","DWWJ94053","WHS","95","출고완료","31","31","0","31","허새흰(HEEN1)","2026-05-08","2026-05-08","2026-05-08 17:30:04","2026-05-08 17:30:04","2026-05-08 17:30:04","2026-05-09 01:01:28","X202605000616263","Y",""
"XDIST202605080004993353","엑셀수기배분","90019","EC-온라인물류","위탁","25S","DWBR45051","BKS","S","출고완료","1","1","0","1","허새흰(HEEN1)","2026-05-08","2026-05-08","2026-05-08 17:30:04","2026-05-08 17:30:04","2026-05-08 17:30:04","2026-05-09 01:01:21","X202605000616264","Y",""
"XDIST202605080004993353","엑셀수기배분","90019","EC-온라인물류","위탁","25S","DWLG9C053","BKS","S","출고완료","1","1","0","1","허새흰(HEEN1)","2026-05-08","2026-05-08","2026-05-08 17:30:04","2026-05-08 17:30:04","2026-05-08 17:30:04","2026-05-09 01:01:22","X202605000616265","Y",""
"XDIST202605080004993353","엑셀수기배분","90019","EC-온라인물류","위탁","25S","DWSK95053","BKS","28","출고완료","1","1","0","1","허새흰(HEEN1)","2026-05-08","2026-05-08","2026-05-08 17:30:04","2026-05-08 17:30:04","2026-05-08 17:30:04","2026-05-09 01:01:26","X202605000616266","Y",""
"XDIST202605080004993353","엑셀수기배분","90019","EC-온라인물류","위탁","25S","DWSK96053","OLD","27","출고완료","1","1","0","1","허새흰(HEEN1)","2026-05-08","2026-05-08","2026-05-08 17:30:04","2026-05-08 17:30:04","2026-05-08 17:30:04","2026-05-09 01:01:28","X202605000616266","Y",""
"XDIST202605080004993353","엑셀수기배분","90019","EC-온라인물류","위탁","24N","DXML7124N","BKS","L","출고완료","2","2","0","2","허새흰(HEEN1)","2026-05-08","2026-05-08","2026-05-08 17:30:04","2026-05-08 17:30:04","2026-05-08 17:30:04","2026-05-09 01:01:22","X202605000616269","Y",""
"XDIST202605060004980366","엑셀수기배분","10014","롯데중동","위탁","26S","DMTB6B063","MGS","32","출고완료","1","1","0","1","권현정(KHJEONG)","2026-05-06","2026-05-07","2026-05-07 17:07:01","2026-05-07 17:07:01","2026-05-07 17:07:01","2026-05-08 01:03:28","X202605000388685","Y",""
"XDIST202605060004980366","엑셀수기배분","10027","롯데평촌","위탁","26S","DMTR71063","BKS","110","출고완료","1","1","0","1","권현정(KHJEONG)","2026-05-06","2026-05-07","2026-05-07 17:07:01","2026-05-07 17:07:01","2026-05-07 17:07:01","2026-05-08 01:03:32","X202605000388686","Y",""
"XDIST202605060004980366","엑셀수기배분","10043","롯데울산","위탁","26S","DWTR91063","IVD","100","출고완료","1","1","0","1","권현정(KHJEONG)","2026-05-06","2026-05-07","2026-05-07 17:07:01","2026-05-07 17:07:01","2026-05-07 17:07:01","2026-05-08 01:02:51","X202605000388687","Y",""
"XDIST202605060004980366","엑셀수기배분","10059","현대대구","위탁","26S","DXTB3A061","MGS","30","출고완료","1","1","0","1","권현정(KHJEONG)","2026-05-06","2026-05-07","2026-05-07 16:54:01","2026-05-07 16:54:01","2026-05-07 16:54:01","2026-05-08 01:02:16","X202605000388689","Y",""
"XDIST202605060004980366","엑셀수기배분","10063","롯데전주","위탁","26S","DWTR91063","BKS","85","출고완료","1","1","0","1","권현정(KHJEONG)","2026-05-06","2026-05-07","2026-05-07 17:07:01","2026-05-07 17:07:01","2026-05-07 17:07:01","2026-05-08 01:02:24","X202605000388690","Y",""
"XDIST202605060004980366","엑셀수기배분","50102","일산덕이(대-위)","위탁","26S","DXTB3A061","BKS","30","출고완료","1","1","0","1","권현정(KHJEONG)","2026-05-06","2026-05-07","2026-05-07 16:54:01","2026-05-07 16:54:01","2026-05-07 16:54:01","2026-05-08 01:02:35","X202605000388701","Y",""
"XDIST202605060004980366","엑셀수기배분","50130","NC야탑(대-위)","위탁","26S","DWTR91063","LVL","100","출고완료","1","1","0","1","권현정(KHJEONG)","2026-05-06","2026-05-07","2026-05-07 16:54:01","2026-05-07 16:54:01","2026-05-07 16:54:01","2026-05-08 01:03:45","X202605000388705","Y",""
"XDIST202605060004980366","엑셀수기배분","50130","NC야탑(대-위)","위탁","26S","DWTR91063","BKS","85","출고완료","1","1","0","1","권현정(KHJEONG)","2026-05-06","2026-05-07","2026-05-07 16:54:01","2026-05-07 16:54:01","2026-05-07 16:54:01","2026-05-08 01:03:45","X202605000388705","Y",""
"XDIST202605060004980366","엑셀수기배분","50137","NC송파(대-위)","위탁","26S","DXTB3A061","BKS","30","출고완료","1","1","0","1","권현정(KHJEONG)","2026-05-06","2026-05-07","2026-05-07 16:54:01","2026-05-07 16:54:01","2026-05-07 16:54:01","2026-05-08 01:03:46","X202605000388707","Y",""
"XDIST202605060004980366","엑셀수기배분","50147","경기시흥(대-위)","위탁","26S","DMTR71063","BKS","95","출고완료","1","1","0","1","권현정(KHJEONG)","2026-05-06","2026-05-07","2026-05-07 16:54:01","2026-05-07 16:54:01","2026-05-07 16:54:01","2026-05-08 01:02:23","X202605000388711","Y",""
"XDIST202605060004980366","엑셀수기배분","50168","모다김제(대-위)","위탁","26S","DMTR71063","DGS","100","출고완료","1","1","0","1","권현정(KHJEONG)","2026-05-06","2026-05-07","2026-05-07 16:54:01","2026-05-07 16:54:01","2026-05-07 16:54:01","2026-05-08 01:02:27","X202605000388712","Y",""
"XDIST202605060004980366","엑셀수기배분","50168","모다김제(대-위)","위탁","26S","DWTR91063","LVL","100","출고완료","1","1","0","1","권현정(KHJEONG)","2026-05-06","2026-05-07","2026-05-07 16:54:01","2026-05-07 16:54:01","2026-05-07 16:54:01","2026-05-08 01:02:27","X202605000388712","Y",""
"XDIST202605040004960123","엑셀수기배분","90019","EC-온라인물류","위탁","25N","DXBK1015N","BKS","F","출고완료","2","2","0","2","허새흰(HEEN1)","2026-05-04","2026-05-04","2026-05-04 18:18:03","2026-05-04 18:18:03","2026-05-04 18:18:03","2026-05-05 01:01:59","X202605000179388","Y",""
"XDIST202605040004960123","엑셀수기배분","90019","EC-온라인물류","위탁","25S","DWRS9H053","GRD","100","출고완료","5","5","0","5","허새흰(HEEN1)","2026-05-04","2026-05-04","2026-05-04 18:18:03","2026-05-04 18:18:03","2026-05-04 18:18:03","2026-05-05 01:02:12","X202605000179394","Y",""
"XDIST202605040004960123","엑셀수기배분","90019","EC-온라인물류","위탁","25S","DXRS7Q053","ORD","100","출고완료","4","4","0","4","허새흰(HEEN1)","2026-05-04","2026-05-04","2026-05-04 18:18:03","2026-05-04 18:18:03","2026-05-04 18:18:03","2026-05-05 01:02:03","X202605000179394","Y",""
"XDIST202605040004960123","엑셀수기배분","90019","EC-온라인물류","위탁","25S","DMTB6A053","BKS","36","출고완료","19","19","0","19","허새흰(HEEN1)","2026-05-04","2026-05-04","2026-05-04 18:18:03","2026-05-04 18:18:03","2026-05-04 18:18:03","2026-05-05 01:02:08","X202605000179398","Y",""
"XDIST202605040004960123","엑셀수기배분","90019","EC-온라인물류","위탁","25S","DMTB6A053","BKS","34","출고완료","21","21","0","21","허새흰(HEEN1)","2026-05-04","2026-05-04","2026-05-04 18:18:03","2026-05-04 18:18:03","2026-05-04 18:18:03","2026-05-05 01:02:08","X202605000179398","Y",""
"XDIST202605040004960123","엑셀수기배분","90019","EC-온라인물류","위탁","25S","DMTP6C053","NYD","32","출고완료","2","2","0","2","허새흰(HEEN1)","2026-05-04","2026-05-04","2026-05-04 18:18:03","2026-05-04 18:18:03","2026-05-04 18:18:03","2026-05-05 01:02:01","X202605000179399","Y",""
"XDIST202605040004960123","엑셀수기배분","90019","EC-온라인물류","위탁","25S","DMVT71053","NBD","105","출고완료","2","2","0","2","허새흰(HEEN1)","2026-05-04","2026-05-04","2026-05-04 18:18:03","2026-05-04 18:18:03","2026-05-04 18:18:03","2026-05-05 01:02:09","X202605000179401","Y",""
"XDIST202605040004960123","엑셀수기배분","90019","EC-온라인물류","위탁","25S","DWLG9B053","BKS","M","출고완료","1","1","0","1","허새흰(HEEN1)","2026-05-04","2026-05-04","2026-05-04 18:18:03","2026-05-04 18:18:03","2026-05-04 18:18:03","2026-05-05 01:02:02","X202605000179404","Y",""
"XDIST202605040004960123","엑셀수기배분","90019","EC-온라인물류","위탁","24N","DXSG3094N","BKS","F","출고완료","29","29","0","29","허새흰(HEEN1)","2026-05-04","2026-05-04","2026-05-04 18:18:03","2026-05-04 18:18:03","2026-05-04 18:18:03","2026-05-05 01:02:10","X202605000179409","Y",""
"XDIST202605040004968544","엑셀수기배분","90019","EC-온라인물류","위탁","26S","DMSW7D063","NYD","100","출고완료","5","5","0","5","박정민(PJM1003)","2026-05-04","2026-05-06","2026-05-06 17:19:00","2026-05-06 17:19:00","2026-05-06 17:19:00","2026-05-07 01:01:54","X202605000199978","Y",""
"XDIST202605040004968544","엑셀수기배분","90019","EC-온라인물류","위탁","26S","DMSW7D063","NYD","95","출고완료","5","5","0","5","박정민(PJM1003)","2026-05-04","2026-05-06","2026-05-06 17:19:00","2026-05-06 17:19:00","2026-05-06 17:19:00","2026-05-07 01:01:54","X202605000199978","Y",""
"XDIST202605040004968544","엑셀수기배분","90019","EC-온라인물류","위탁","26S","DWSW96063","WHS","90","출고완료","10","10","0","10","박정민(PJM1003)","2026-05-04","2026-05-06","2026-05-06 17:19:00","2026-05-06 17:19:00","2026-05-06 17:19:00","2026-05-07 01:01:53","X202605000199978","Y",""
"XDIST202605040004968544","엑셀수기배분","90019","EC-온라인물류","위탁","26S","DWRS9M063","MGL","100","출고완료","10","10","0","10","박정민(PJM1003)","2026-05-04","2026-05-06","2026-05-06 17:19:01","2026-05-06 17:19:01","2026-05-06 17:19:01","2026-05-07 01:01:57","X202605000199979","Y",""
"XDIST202605040004968544","엑셀수기배분","90019","EC-온라인물류","위탁","26S","DWRS9M063","WHS","90","출고완료","10","10","0","10","박정민(PJM1003)","2026-05-04","2026-05-06","2026-05-06 17:19:01","2026-05-06 17:19:01","2026-05-06 17:19:01","2026-05-07 01:01:57","X202605000199979","Y",""
"XDIST202605040004968544","엑셀수기배분","90019","EC-온라인물류","위탁","26S","DWSBB2063","DWS","25","출고완료","5","5","0","5","박정민(PJM1003)","2026-05-04","2026-05-06","2026-05-06 17:19:01","2026-05-06 17:19:01","2026-05-06 17:19:01","2026-05-07 01:01:57","X202605000199980","Y",""
"XDIST202605040004968544","엑셀수기배분","90019","EC-온라인물류","위탁","26S","DWSBB2063","DWS","27","출고완료","5","5","0","5","박정민(PJM1003)","2026-05-04","2026-05-06","2026-05-06 17:19:01","2026-05-06 17:19:01","2026-05-06 17:19:01","2026-05-07 01:01:57","X202605000199980","Y",""
"XDIST202605060004979188","엑셀수기배분","90019","EC-온라인물류","위탁","26N","DXSH7536N","BES","235","출고완료","1","1","0","1","박정민(PJM1003)","2026-05-06","2026-05-06","2026-05-07 16:51:00","2026-05-07 16:51:00","2026-05-07 16:51:00","2026-05-08 01:01:00","X202605000380957","Y",""
"XDIST202605060004979188","엑셀수기배분","90019","EC-온라인물류","위탁","26N","DXSH7536N","WHS","235","출고완료","14","14","0","14","박정민(PJM1003)","2026-05-06","2026-05-06","2026-05-07 16:51:00","2026-05-07 16:51:00","2026-05-07 16:51:00","2026-05-08 01:01:01","X202605000380957","Y",""
"XDIST202605060004979188","엑셀수기배분","90019","EC-온라인물류","위탁","24N","DXSH7244N","SIL","280","출고완료","4","4","0","4","박정민(PJM1003)","2026-05-06","2026-05-06","2026-05-07 16:51:00","2026-05-07 16:51:00","2026-05-07 16:51:00","2026-05-08 01:01:01","X202605000380959","Y",""
"XDIST202605060004979188","엑셀수기배분","90019","EC-온라인물류","위탁","26S","DMTS71063","BKS","105","출고완료","2","2","0","2","박정민(PJM1003)","2026-05-06","2026-05-06","2026-05-07 16:51:01","2026-05-07 16:51:01","2026-05-07 16:51:01","2026-05-08 01:01:01","X202605000380965","Y",""
"XDIST202605060004979188","엑셀수기배분","90019","EC-온라인물류","위탁","26S","DMTS81063","NYD","115","출고완료","3","3","0","3","박정민(PJM1003)","2026-05-06","2026-05-06","2026-05-07 16:51:01","2026-05-07 16:51:01","2026-05-07 16:51:01","2026-05-08 01:01:02","X202605000380965","Y",""
"XDIST202605060004979188","엑셀수기배분","90019","EC-온라인물류","위탁","26S","DWTS64063","PCL","105","출고완료","2","2","0","2","박정민(PJM1003)","2026-05-06","2026-05-06","2026-05-07 16:51:01","2026-05-07 16:51:01","2026-05-07 16:51:01","2026-05-08 01:01:01","X202605000380965","Y",""
"XDIST202605060004979188","엑셀수기배분","90019","EC-온라인물류","위탁","26S","DWTR96063","BES","100","출고완료","4","4","0","4","박정민(PJM1003)","2026-05-06","2026-05-06","2026-05-07 16:51:01","2026-05-07 16:51:01","2026-05-07 16:51:01","2026-05-08 01:01:02","X202605000380968","Y",""
"XDIST202605060004979188","엑셀수기배분","90019","EC-온라인물류","위탁","26S","DXRS7T063","NYD","100","출고완료","3","3","0","3","박정민(PJM1003)","2026-05-06","2026-05-06","2026-05-07 16:51:01","2026-05-07 16:51:01","2026-05-07 16:51:01","2026-05-08 01:01:01","X202605000380969","Y",""
"XDIST202605060004973610","MD요청-상품","10028","롯데일산","위탁","26S","DXTB7A063","BKS","34","출고완료","1","1","0","1","권현정(KHJEONG)","2026-05-06","2026-05-06","2026-05-06 17:27:04","2026-05-06 17:27:04","2026-05-06 17:27:04","2026-05-07 01:04:47","X202605000364183","Y",""
"XDIST202605060004973610","MD요청-상품","10020","롯데청량리","위탁","26S","DXTB7A063","BKS","34","출고완료","1","1","0","1","권현정(KHJEONG)","2026-05-06","2026-05-06","2026-05-06 17:31:05","2026-05-06 17:31:05","2026-05-06 17:31:05","2026-05-07 01:04:47","X202605000364191","Y",""
"XDIST202605060004973610","MD요청-상품","10022","롯데광주","위탁","26S","DXTB7A063","BKS","34","출고완료","1","1","0","1","권현정(KHJEONG)","2026-05-06","2026-05-06","2026-05-06 17:26:09","2026-05-06 17:26:09","2026-05-06 17:26:09","2026-05-07 01:03:43","X202605000364194","Y",""
"XDIST202605060004973610","MD요청-상품","50205","NC강서(대-위)","위탁","26S","DXTB7A063","BKS","26","출고완료","1","1","0","1","권현정(KHJEONG)","2026-05-06","2026-05-06","2026-05-06 17:27:04","2026-05-06 17:27:04","2026-05-06 17:27:04","2026-05-07 01:05:18","X202605000364195","Y",""
"XDIST202605060004973610","MD요청-상품","10026","롯데김포","위탁","26S","DXTB7A063","BKS","34","출고완료","1","1","0","1","권현정(KHJEONG)","2026-05-06","2026-05-06","2026-05-06 17:27:04","2026-05-06 17:27:04","2026-05-06 17:27:04","2026-05-07 01:04:52","X202605000364198","Y",""
"XDIST202605060004973610","MD요청-상품","50052","동해(대-위)","위탁","26S","DXTB7A063","BKS","34","출고완료","1","1","0","1","권현정(KHJEONG)","2026-05-06","2026-05-06","2026-05-06 17:27:04","2026-05-06 17:27:04","2026-05-06 17:27:04","2026-05-07 01:03:19","X202605000364204","Y",""
"XDIST202605060004973610","MD요청-상품","50175","공주(대-위)","위탁","26S","DXTB7A063","BKS","34","출고완료","1","1","0","1","권현정(KHJEONG)","2026-05-06","2026-05-06","2026-05-06 17:31:05","2026-05-06 17:31:05","2026-05-06 17:31:05","2026-05-07 01:03:56","X202605000364206","Y",""
"XDIST202605060004973610","MD요청-상품","50211","청주성안(대-위)","위탁","26S","DXTB7A063","BKS","30","출고완료","2","2","0","2","권현정(KHJEONG)","2026-05-06","2026-05-06","2026-05-06 17:31:05","2026-05-06 17:31:05","2026-05-06 17:31:05","2026-05-07 10:34:02","X202605000364212","Y",""
"XDIST202605060004973610","MD요청-상품","50064","포천송우(대-위)","위탁","26S","DXTB7A063","BKS","30","출고완료","2","2","0","2","권현정(KHJEONG)","2026-05-06","2026-05-06","2026-05-06 17:26:09","2026-05-06 17:26:09","2026-05-06 17:26:09","2026-05-07 01:02:46","X202605000364223","Y",""
"XDIST202605060004973610","MD요청-상품","50189","양산(대-위)","위탁","26S","DXTB7A063","BKS","34","출고완료","1","1","0","1","권현정(KHJEONG)","2026-05-06","2026-05-06","2026-05-06 17:30:16","2026-05-06 17:30:16","2026-05-06 17:30:16","2026-05-07 01:03:25","X202605000364229","Y",""
"XDIST202605060004973610","MD요청-상품","10090","신세계영등포","위탁","26S","DXTB7A063","BKS","34","출고완료","1","1","0","1","권현정(KHJEONG)","2026-05-06","2026-05-06","2026-05-06 17:26:09","2026-05-06 17:26:09","2026-05-06 17:26:09","2026-05-07 01:05:07","X202605000364234","Y",""
"XDIST202605060004973610","MD요청-상품","50074","모다인천(대-위)","위탁","26S","DXTB7A063","BKS","26","출고완료","1","1","0","1","권현정(KHJEONG)","2026-05-06","2026-05-06","2026-05-06 17:27:04","2026-05-06 17:27:04","2026-05-06 17:27:04","2026-05-07 01:02:40","X202605000364242","Y",""
"XDIST202605060004973610","MD요청-상품","50115","부천(대-위)","위탁","26S","DXTB7A063","BKS","34","출고완료","1","1","0","1","권현정(KHJEONG)","2026-05-06","2026-05-06","2026-05-06 17:26:09","2026-05-06 17:26:09","2026-05-06 17:26:09","2026-05-07 01:03:07","X202605000364249","Y",""
"XDIST202605060004973610","MD요청-상품","50116","오산(대-위)","위탁","26S","DXTB7A063","BKS","34","출고완료","1","1","0","1","권현정(KHJEONG)","2026-05-06","2026-05-06","2026-05-06 17:26:09","2026-05-06 17:26:09","2026-05-06 17:26:09","2026-05-07 01:04:20","X202605000364253","Y",""
"XDIST202605060004973610","MD요청-상품","50123","포항중앙(대-위)","위탁","26S","DXTB7A063","BKS","34","출고완료","1","1","0","1","권현정(KHJEONG)","2026-05-06","2026-05-06","2026-05-06 17:31:05","2026-05-06 17:31:05","2026-05-06 17:31:05","2026-05-07 01:03:17","X202605000364263","Y",""
"XDIST202605060004973610","MD요청-상품","50006","제주(대-위)","위탁","26S","DXTB7A063","BKS","32","출고완료","2","2","0","2","권현정(KHJEONG)","2026-05-06","2026-05-06","2026-05-06 17:31:05","2026-05-06 17:31:05","2026-05-06 17:31:05","2026-05-07 01:02:41","X202605000364268","Y",""
"XDIST202605060004973610","MD요청-상품","50131","시화(대-위)","위탁","26S","DXTB7A063","BKS","26","출고완료","1","1","0","1","권현정(KHJEONG)","2026-05-06","2026-05-06","2026-05-06 17:31:05","2026-05-06 17:31:05","2026-05-06 17:31:05","2026-05-07 01:03:58","X202605000364273","Y",""
"XDIST202605060004973610","MD요청-상품","50137","NC송파(대-위)","위탁","26S","DXTB7A063","BKS","34","출고완료","1","1","0","1","권현정(KHJEONG)","2026-05-06","2026-05-06","2026-05-06 17:30:16","2026-05-06 17:30:16","2026-05-06 17:30:16","2026-05-07 01:05:17","X202605000364278","Y",""
"XDIST202605060004973610","MD요청-상품","50139","대구칠곡(대-위)","위탁","26S","DXTB7A063","BKS","34","출고완료","1","1","0","1","권현정(KHJEONG)","2026-05-06","2026-05-06","2026-05-06 17:31:05","2026-05-06 17:31:05","2026-05-06 17:31:05","2026-05-07 01:03:59","X202605000364280","Y",""
"XDIST202605060004973610","MD요청-상품","10056","갤러리아진주","위탁","26S","DXTB7A063","BKS","34","출고완료","1","1","0","1","권현정(KHJEONG)","2026-05-06","2026-05-06","2026-05-06 17:31:05","2026-05-06 17:31:05","2026-05-06 17:31:05","2026-05-07 01:04:36","X202605000364306","Y",""
"XDIST202605060004975357","엑셀수기배분","30011","롯데아울렛수완(직)","위탁","24S","DMSW65043","BKS","105","출고완료","16","16","0","16","이훈희(LEEHH1149)","2026-05-06","2026-05-19","2026-05-19 16:09:01","2026-05-19 16:09:01","2026-05-19 16:09:01","2026-05-20 01:00:50","X202605000367549","Y",""
"XDIST202605060004975357","엑셀수기배분","30012","롯데아울렛고양(직)","위탁","24S","DMSW65043","BKS","95","출고완료","2","2","0","2","이훈희(LEEHH1149)","2026-05-06","2026-05-19","2026-05-19 16:09:01","2026-05-19 16:09:01","2026-05-19 16:09:01","2026-05-20 01:02:29","X202605000367550","Y",""
"XDIST202605060004975357","엑셀수기배분","30012","롯데아울렛고양(직)","위탁","24S","DMSW65043","BKS","105","출고완료","15","15","0","15","이훈희(LEEHH1149)","2026-05-06","2026-05-19","2026-05-19 16:09:01","2026-05-19 16:09:01","2026-05-19 16:09:01","2026-05-20 01:02:29","X202605000367550","Y",""
"XDIST202605060004975357","엑셀수기배분","30012","롯데아울렛고양(직)","위탁","24S","DWSW68043","BKS","90","출고완료","14","14","0","14","이훈희(LEEHH1149)","2026-05-06","2026-05-19","2026-05-19 16:09:01","2026-05-19 16:09:01","2026-05-19 16:09:01","2026-05-20 01:02:29","X202605000367550","Y",""
"XDIST202605060004975357","엑셀수기배분","30016","롯데아울렛동부산(직)","위탁","24S","DMSW65043","BKS","95","출고완료","3","3","0","3","이훈희(LEEHH1149)","2026-05-06","2026-05-19","2026-05-19 16:09:01","2026-05-19 16:09:01","2026-05-19 16:09:01","2026-05-20 01:00:50","X202605000367552","Y",""
"XDIST202605060004975357","엑셀수기배분","30019","롯데아울렛김해(직)","위탁","24S","DMSW65043","BKS","100","출고완료","23","23","0","23","이훈희(LEEHH1149)","2026-05-06","2026-05-19","2026-05-19 16:09:01","2026-05-19 16:09:01","2026-05-19 16:09:01","2026-05-20 01:00:50","X202605000367553","Y",""
"XDIST202605060004975357","엑셀수기배분","30021","롯데아울렛광교(직)","위탁","24S","DMSW65043","BKS","110","출고완료","3","3","0","3","이훈희(LEEHH1149)","2026-05-06","2026-05-19","2026-05-19 16:09:01","2026-05-19 16:09:01","2026-05-19 16:09:01","2026-05-20 01:02:27","X202605000367555","Y",""
"XDIST202605060004975357","엑셀수기배분","30022","롯데아울렛진주(직)","위탁","24S","DMSW65043","BKS","110","출고완료","3","3","0","3","이훈희(LEEHH1149)","2026-05-06","2026-05-19","2026-05-19 16:09:01","2026-05-19 16:09:01","2026-05-19 16:09:01","2026-05-20 01:00:51","X202605000367556","Y",""
"XDIST202605060004975357","엑셀수기배분","30023","롯데아울렛파주(직)","위탁","24S","DMSW65043","BKS","95","출고완료","3","3","0","3","이훈희(LEEHH1149)","2026-05-06","2026-05-19","2026-05-19 16:09:01","2026-05-19 16:09:01","2026-05-19 16:09:01","2026-05-20 01:02:24","X202605000367557","Y",""
"XDIST202605060004975357","엑셀수기배분","30023","롯데아울렛파주(직)","위탁","24S","DWSW68043","BKS","100","출고완료","6","6","0","6","이훈희(LEEHH1149)","2026-05-06","2026-05-19","2026-05-19 16:09:01","2026-05-19 16:09:01","2026-05-19 16:09:01","2026-05-20 01:02:24","X202605000367557","Y",""
"XDIST202605060004975357","엑셀수기배분","30024","롯데아울렛부여(직)","위탁","24S","DMSW65043","BKS","100","출고완료","23","23","0","23","이훈희(LEEHH1149)","2026-05-06","2026-05-19","2026-05-19 16:09:01","2026-05-19 16:09:01","2026-05-19 16:09:01","2026-05-20 01:00:50","X202605000367558","Y",""
"XDIST202605060004975357","엑셀수기배분","30024","롯데아울렛부여(직)","위탁","24S","DMSW65043","BKS","105","출고완료","15","15","0","15","이훈희(LEEHH1149)","2026-05-06","2026-05-19","2026-05-19 16:09:01","2026-05-19 16:09:01","2026-05-19 16:09:01","2026-05-20 01:00:50","X202605000367558","Y",""
"XDIST202605060004975357","엑셀수기배분","30033","롯데아울렛군산(직)","위탁","24S","DMSW65043","BKS","100","출고완료","22","22","0","22","이훈희(LEEHH1149)","2026-05-06","2026-05-19","2026-05-19 16:09:01","2026-05-19 16:09:01","2026-05-19 16:09:01","2026-05-20 01:00:50","X202605000367560","Y",""
"XDIST202605060004975357","엑셀수기배분","30033","롯데아울렛군산(직)","위탁","24S","DWSW68043","BKS","90","출고완료","14","14","0","14","이훈희(LEEHH1149)","2026-05-06","2026-05-19","2026-05-19 16:09:01","2026-05-19 16:09:01","2026-05-19 16:09:01","2026-05-20 01:00:50","X202605000367560","Y",""
"XDIST202605060004975357","엑셀수기배분","30037","롯데아울렛율하(직)","위탁","24S","DMSW65043","BKS","105","출고완료","15","15","0","15","이훈희(LEEHH1149)","2026-05-06","2026-05-19","2026-05-19 16:09:01","2026-05-19 16:09:01","2026-05-19 16:09:01","2026-05-20 01:00:50","X202605000367561","Y",""
"XDIST202605060004975357","엑셀수기배분","30038","롯데아울렛기흥(직)","위탁","24S","DMSW65043","BKS","110","출고완료","4","4","0","4","이훈희(LEEHH1149)","2026-05-06","2026-05-19","2026-05-19 16:09:01","2026-05-19 16:09:01","2026-05-19 16:09:01","2026-05-20 01:02:31","X202605000367562","Y",""
"XDIST202605060004975357","엑셀수기배분","30049","롯데아울렛의왕(직)","위탁","24S","DWSW68043","BKS","100","출고완료","6","6","0","6","이훈희(LEEHH1149)","2026-05-06","2026-05-19","2026-05-19 16:09:01","2026-05-19 16:09:01","2026-05-19 16:09:01","2026-05-20 01:02:33","X202605000367563","Y",""
"XDIST202605060004975357","엑셀수기배분","30053","롯데아울렛남악(직)","위탁","24S","DWSW68043","BKS","100","출고완료","6","6","0","6","이훈희(LEEHH1149)","2026-05-06","2026-05-19","2026-05-19 16:09:01","2026-05-19 16:09:01","2026-05-19 16:09:01","2026-05-20 01:00:51","X202605000367564","Y",""
"XDIST202605060004974321","MD요청-상품","50206","부산녹산(대-위)","위탁","26S","DMRS8I063","IVS","115","출고완료","1","1","0","1","권현정(KHJEONG)","2026-05-06","2026-05-06","2026-05-06 17:26:10","2026-05-06 17:26:10","2026-05-06 17:26:10","2026-05-07 01:04:18","X202605000365207","Y",""
"XDIST202605060004974321","MD요청-상품","50174","구미중앙(대-위)","위탁","26S","DMRS8I063","IVS","115","출고완료","1","1","0","1","권현정(KHJEONG)","2026-05-06","2026-05-06","2026-05-06 17:30:17","2026-05-06 17:30:17","2026-05-06 17:30:17","2026-05-07 01:04:30","X202605000365213","Y",""
"XDIST202605060004974321","MD요청-상품","50178","태백(대-위)","위탁","26S","DMRS8I063","IVS","115","출고완료","1","1","0","1","권현정(KHJEONG)","2026-05-06","2026-05-06","2026-05-06 17:30:17","2026-05-06 17:30:17","2026-05-06 17:30:17","2026-05-07 01:04:40","X202605000365218","Y",""
"XDIST202605060004974321","MD요청-상품","50140","에버랜드용인(대-위)","위탁","26S","DMRS8I063","IVS","95","출고완료","1","1","0","1","권현정(KHJEONG)","2026-05-06","2026-05-06","2026-05-06 17:30:17","2026-05-06 17:30:17","2026-05-06 17:30:17","2026-05-07 01:05:58","X202605000365226","Y",""
"XDIST202605060004974321","MD요청-상품","50147","경기시흥(대-위)","위탁","26S","DMRS8I063","IVS","115","출고완료","1","1","0","1","권현정(KHJEONG)","2026-05-06","2026-05-06","2026-05-06 17:30:17","2026-05-06 17:30:17","2026-05-06 17:30:17","2026-05-07 01:04:15","X202605000365235","Y",""
"XDIST202605070004991172","MD요청-상품","10004","롯데영등포","위탁","25N","DXCP5015N","BLL","58","출고완료","1","1","0","1","장윤희(YHJANG)","2026-05-07","2026-05-08","2026-05-08 17:49:03","2026-05-08 17:49:03","2026-05-08 17:49:03","2026-05-09 01:03:12","X202605000554989","Y",""
"XDIST202605070004991172","MD요청-상품","10092","엔터6안양","위탁","25N","DXCP5015N","BLL","58","출고완료","1","1","0","1","장윤희(YHJANG)","2026-05-07","2026-05-08","2026-05-08 17:33:04","2026-05-08 17:33:04","2026-05-08 17:33:04","2026-05-09 01:03:45","X202605000554991","Y",""
"XDIST202605070004991172","MD요청-상품","10092","엔터6안양","위탁","25N","DXCP5015N","BLL","56","출고완료","1","1","0","1","장윤희(YHJANG)","2026-05-07","2026-05-08","2026-05-08 17:33:04","2026-05-08 17:33:04","2026-05-08 17:33:04","2026-05-09 01:03:45","X202605000554991","Y",""
"XDIST202605070004991172","MD요청-상품","50190","아트몰링하단(대-위)","위탁","25N","DXCP5015N","BLL","56","출고완료","1","1","0","1","장윤희(YHJANG)","2026-05-07","2026-05-08","2026-05-08 17:33:04","2026-05-08 17:33:04","2026-05-08 17:33:04","2026-05-09 01:01:56","X202605000554997","Y",""
"XDIST202605070004991172","MD요청-상품","50073","거제고현(대-위)","위탁","25N","DXCP5015N","BLL","58","출고완료","1","1","0","1","장윤희(YHJANG)","2026-05-07","2026-05-08","2026-05-08 17:49:03","2026-05-08 17:49:03","2026-05-08 17:49:03","2026-05-09 01:02:19","X202605000555002","Y",""
"XDIST202605070004991172","MD요청-상품","10015","롯데포항","위탁","25N","DXCP5015N","BLL","58","출고완료","1","1","0","1","장윤희(YHJANG)","2026-05-07","2026-05-08","2026-05-08 17:49:03","2026-05-08 17:49:03","2026-05-08 17:49:03","2026-05-09 01:02:28","X202605000555017","Y",""
"XDIST202605070004991172","MD요청-상품","50007","에버세이브청주(대-위)","위탁","25N","DXCP5015N","BLL","58","출고완료","1","1","0","1","장윤희(YHJANG)","2026-05-07","2026-05-08","2026-05-08 17:33:04","2026-05-08 17:33:04","2026-05-08 17:33:04","2026-05-09 01:01:50","X202605000555032","Y",""
"XDIST202605060004974322","MD요청-상품","10061","신세계대구","위탁","26S","DMRS8I063","KAD","100","출고완료","1","1","0","1","권현정(KHJEONG)","2026-05-06","2026-05-06","2026-05-06 17:27:05","2026-05-06 17:27:05","2026-05-06 17:27:05","2026-05-07 01:03:56","X202605000365255","Y",""
"XDIST202605060004974322","MD요청-상품","50023","순천연향(대-위)","위탁","26S","DMRS8I063","KAD","100","출고완료","1","1","0","1","권현정(KHJEONG)","2026-05-06","2026-05-06","2026-05-06 17:26:10","2026-05-06 17:26:10","2026-05-06 17:26:10","2026-05-07 01:03:45","X202605000365262","Y",""
"XDIST202605060004974322","MD요청-상품","50007","에버세이브청주(대-위)","위탁","26S","DMRS8I063","KAD","100","출고완료","1","1","0","1","권현정(KHJEONG)","2026-05-06","2026-05-06","2026-05-06 17:30:17","2026-05-06 17:30:17","2026-05-06 17:30:17","2026-05-07 01:03:38","X202605000365266","Y",""
"XDIST202605070004991172","MD요청-상품","50096","LF스퀘어양주(대-위)","위탁","25N","DXCP5015N","BLL","58","출고완료","1","1","0","1","장윤희(YHJANG)","2026-05-07","2026-05-08","2026-05-08 17:49:03","2026-05-08 17:49:03","2026-05-08 17:49:03","2026-05-09 01:03:43","X202605000555039","Y",""
"XDIST202605070004991172","MD요청-상품","50140","에버랜드용인(대-위)","위탁","25N","DXCP5015N","BLL","58","출고완료","1","1","0","1","장윤희(YHJANG)","2026-05-07","2026-05-08","2026-05-08 17:33:04","2026-05-08 17:33:04","2026-05-08 17:33:04","2026-05-08 19:53:00","X202605000555058","Y",""
"XDIST202605070004991172","MD요청-상품","50143","통영(대-위)","위탁","25N","DXCP5015N","BLL","58","출고완료","1","1","0","1","장윤희(YHJANG)","2026-05-07","2026-05-08","2026-05-08 17:33:04","2026-05-08 17:33:04","2026-05-08 17:33:04","2026-05-09 01:01:51","X202605000555063","Y",""
"XDIST202605070004991172","MD요청-상품","50148","김천(대-위)","위탁","25N","DXCP5015N","BLL","58","출고완료","1","1","0","1","장윤희(YHJANG)","2026-05-07","2026-05-08","2026-05-08 17:33:04","2026-05-08 17:33:04","2026-05-08 17:33:04","2026-05-09 01:02:46","X202605000555068","Y",""
"XDIST202605070004991172","MD요청-상품","50148","김천(대-위)","위탁","25N","DXCP5015N","BLL","56","출고완료","1","1","0","1","장윤희(YHJANG)","2026-05-07","2026-05-08","2026-05-08 17:33:04","2026-05-08 17:33:04","2026-05-08 17:33:04","2026-05-09 01:02:46","X202605000555068","Y",""
"XDIST202605070004991172","MD요청-상품","50147","경기시흥(대-위)","위탁","25N","DXCP5015N","BLL","58","출고완료","1","1","0","1","장윤희(YHJANG)","2026-05-07","2026-05-08","2026-05-08 17:33:04","2026-05-08 17:33:04","2026-05-08 17:33:04","2026-05-09 01:02:40","X202605000555070","Y",""
"XDIST202605070004991172","MD요청-상품","50028","광주첨단(대-위)","위탁","25N","DXCP5015N","BLL","56","출고완료","1","1","0","1","장윤희(YHJANG)","2026-05-07","2026-05-08","2026-05-08 17:33:04","2026-05-08 17:33:04","2026-05-08 17:33:04","2026-05-09 01:02:52","X202605000555071","Y",""
"XDIST202605070004991172","MD요청-상품","10051","롯데안산","위탁","25N","DXCP5015N","BLL","56","출고완료","1","1","0","1","장윤희(YHJANG)","2026-05-07","2026-05-08","2026-05-08 17:49:03","2026-05-08 17:49:03","2026-05-08 17:49:03","2026-05-09 01:03:18","X202605000555076","Y",""
"XDIST202605040004968716","엑셀수기배분","90019","EC-온라인물류","위탁","26S","DWPT7F063","BKS","28","출고완료","5","5","0","5","박정민(PJM1003)","2026-05-04","2026-05-06","2026-05-06 17:19:01","2026-05-06 17:19:01","2026-05-06 17:19:01","2026-05-07 01:01:57","X202605000201525","Y",""
"XDIST202605040004968716","엑셀수기배분","90019","EC-온라인물류","위탁","26S","DWRS94063","IVD","85","출고완료","15","15","0","15","박정민(PJM1003)","2026-05-04","2026-05-06","2026-05-06 17:19:01","2026-05-06 17:19:01","2026-05-06 17:19:01","2026-05-07 01:01:57","X202605000201526","Y",""
"XDIST202605040004968716","엑셀수기배분","90019","EC-온라인물류","위탁","26S","DWRS94063","BKS","90","출고완료","10","10","0","10","박정민(PJM1003)","2026-05-04","2026-05-06","2026-05-06 17:19:01","2026-05-06 17:19:01","2026-05-06 17:19:01","2026-05-07 01:01:53","X202605000201526","Y",""
"XDIST202605040004968716","엑셀수기배분","90019","EC-온라인물류","위탁","26S","DWRS94063","LVL","85","출고완료","4","4","0","4","박정민(PJM1003)","2026-05-04","2026-05-06","2026-05-06 17:19:01","2026-05-06 17:19:01","2026-05-06 17:19:01","2026-05-07 01:01:55","X202605000201526","Y",""
"XDIST202605040004968716","엑셀수기배분","90019","EC-온라인물류","위탁","26S","DWRS97063","DGS","85","출고완료","15","15","0","15","박정민(PJM1003)","2026-05-04","2026-05-06","2026-05-06 17:19:01","2026-05-06 17:19:01","2026-05-06 17:19:01","2026-05-07 01:01:57","X202605000201526","Y",""
"XDIST202605040004968716","엑셀수기배분","90019","EC-온라인물류","위탁","26S","DWRS97063","IVD","100","출고완료","5","5","0","5","박정민(PJM1003)","2026-05-04","2026-05-06","2026-05-06 17:19:01","2026-05-06 17:19:01","2026-05-06 17:19:01","2026-05-07 01:01:53","X202605000201526","Y",""
"XDIST202605040004968716","엑셀수기배분","90019","EC-온라인물류","위탁","26S","DWSBB2063","DWS","28","출고완료","15","15","0","15","박정민(PJM1003)","2026-05-04","2026-05-06","2026-05-06 17:19:01","2026-05-06 17:19:01","2026-05-06 17:19:01","2026-05-07 01:01:57","X202605000201527","Y",""
"XDIST202605040004968716","엑셀수기배분","90019","EC-온라인물류","위탁","26S","DWWJR2063","COD","100","출고완료","10","10","0","10","박정민(PJM1003)","2026-05-04","2026-05-06","2026-05-06 17:19:01","2026-05-06 17:19:01","2026-05-06 17:19:01","2026-05-07 01:01:53","X202605000201529","Y",""
"XDIST202605070004989715","MD요청-상품","31006","명동점(직)","위탁","25N","DXCP5025N","BKS","58","출고완료","5","5","0","5","장윤희(YHJANG)","2026-05-07","2026-05-08","2026-05-08 17:33:03","2026-05-08 17:33:03","2026-05-08 17:33:03","2026-05-09 13:23:00","X202605000549985","Y",""
"XDIST202605070004990400","MD요청-상품","30052","스타필드수원(직)","위탁","25N","DXCP5025N","KAL","58","출고완료","4","4","0","4","장윤희(YHJANG)","2026-05-07","2026-05-08","2026-05-08 17:49:02","2026-05-08 17:49:02","2026-05-08 17:49:02","2026-05-09 01:03:30","X202605000551835","Y",""
"XDIST202605080004993589","엑셀수기배분","90019","EC-온라인물류","위탁","25S","DWWJ42051","CAD","85","출고완료","3","3","0","3","허새흰(HEEN1)","2026-05-08","2026-05-08","2026-05-08 17:30:04","2026-05-08 17:30:04","2026-05-08 17:30:04","2026-05-09 01:01:23","X202605000617707","Y",""
"XDIST202605080004993589","엑셀수기배분","90019","EC-온라인물류","위탁","25S","DWRS99053","WHS","90","출고완료","1","1","0","0","허새흰(HEEN1)","2026-05-08","2026-05-08","2026-05-08 17:30:04","2026-05-08 17:30:04","2026-05-08 17:30:04","","X202605000617710","Y",""
"XDIST202605080004993589","엑셀수기배분","90019","EC-온라인물류","위탁","24N","DXSH3214N","NYS","245","출고완료","1","1","0","0","허새흰(HEEN1)","2026-05-08","2026-05-08","2026-05-08 17:30:04","2026-05-08 17:30:04","2026-05-08 17:30:04","","X202605000617715","Y",""
"XDIST202605070004991172","MD요청-상품","30030","스타필드고양(직)","위탁","25N","DXCP5015N","BLL","58","출고완료","1","1","0","1","장윤희(YHJANG)","2026-05-07","2026-05-08","2026-05-08 17:33:03","2026-05-08 17:33:03","2026-05-08 17:33:03","2026-05-09 01:03:32","X202605000554915","Y",""
"XDIST202605070004991172","MD요청-상품","10021","신세계천안아산","위탁","25N","DXCP5015N","BLL","58","출고완료","1","1","0","1","장윤희(YHJANG)","2026-05-07","2026-05-08","2026-05-08 17:49:03","2026-05-08 17:49:03","2026-05-08 17:49:03","2026-05-09 01:03:03","X202605000554922","Y",""
"XDIST202605070004991172","MD요청-상품","50175","공주(대-위)","위탁","25N","DXCP5015N","BLL","56","출고완료","1","1","0","1","장윤희(YHJANG)","2026-05-07","2026-05-08","2026-05-08 17:33:03","2026-05-08 17:33:03","2026-05-08 17:33:03","2026-05-09 01:02:33","X202605000554943","Y",""
"XDIST202605070004991172","MD요청-상품","50210","해남(대-위)","위탁","25N","DXCP5015N","BLL","58","출고완료","1","1","0","1","장윤희(YHJANG)","2026-05-07","2026-05-08","2026-05-08 17:49:03","2026-05-08 17:49:03","2026-05-08 17:49:03","2026-05-09 01:02:50","X202605000554947","Y",""
"XDIST202605070004991172","MD요청-상품","50179","나주(대-위)","위탁","25N","DXCP5015N","BLL","58","출고완료","1","1","0","1","장윤희(YHJANG)","2026-05-07","2026-05-08","2026-05-08 17:33:03","2026-05-08 17:33:03","2026-05-08 17:33:03","2026-05-09 01:01:59","X202605000554951","Y",""
"XDIST202605070004991172","MD요청-상품","10008","롯데건대","위탁","25N","DXCP5015N","BLL","58","출고완료","1","1","0","1","장윤희(YHJANG)","2026-05-07","2026-05-08","2026-05-08 17:49:03","2026-05-08 17:49:03","2026-05-08 17:49:03","2026-05-09 01:03:16","X202605000554971","Y",""
"XDIST202605070004991172","MD요청-상품","50186","영광(대-위)","위탁","25N","DXCP5015N","BLL","58","출고완료","1","1","0","1","장윤희(YHJANG)","2026-05-07","2026-05-08","2026-05-08 17:33:03","2026-05-08 17:33:03","2026-05-08 17:33:03","2026-05-09 01:02:11","X202605000554973","Y",""
"XDIST202605070004991172","MD요청-상품","50187","인천계산(대-위)","위탁","25N","DXCP5015N","BLL","56","출고완료","1","1","0","1","장윤희(YHJANG)","2026-05-07","2026-05-08","2026-05-08 17:33:03","2026-05-08 17:33:03","2026-05-08 17:33:03","2026-05-09 01:02:32","X202605000554978","Y",""
"XDIST202605070004991172","MD요청-상품","50104","애플사상(대-위)","위탁","25N","DXCP5015N","BLL","58","출고완료","1","1","0","1","장윤희(YHJANG)","2026-05-07","2026-05-08","2026-05-08 17:49:03","2026-05-08 17:49:03","2026-05-08 17:49:03","2026-05-09 01:02:56","X202605000554984","Y",""
"XDIST202605060004981672","엑셀수기배분","30024","롯데아울렛부여(직)","위탁","24S","DMPT7C043","BKS","30","출고완료","3","3","0","3","이훈희(LEEHH1149)","2026-05-06","2026-05-07","2026-05-07 17:07:01","2026-05-07 17:07:01","2026-05-07 17:07:01","2026-05-08 01:02:53","X202605000399036","Y",""
"XDIST202605060004981672","엑셀수기배분","30024","롯데아울렛부여(직)","위탁","24S","DMTP67043","GRS","32","출고완료","2","2","0","2","이훈희(LEEHH1149)","2026-05-06","2026-05-07","2026-05-07 17:07:02","2026-05-07 17:07:02","2026-05-07 17:07:02","2026-05-08 01:02:15","X202605000399038","Y",""
"XDIST202605060004981672","엑셀수기배분","30024","롯데아울렛부여(직)","위탁","24S","DWTR52043","CRD","95","출고완료","3","3","0","3","이훈희(LEEHH1149)","2026-05-06","2026-05-07","2026-05-07 17:07:02","2026-05-07 17:07:02","2026-05-07 17:07:02","2026-05-08 01:02:32","X202605000399039","Y",""
"XDIST202605060004981672","엑셀수기배분","30024","롯데아울렛부여(직)","위탁","24S","DXTR6E043","BKS","110","출고완료","4","4","0","4","이훈희(LEEHH1149)","2026-05-06","2026-05-07","2026-05-07 17:07:02","2026-05-07 17:07:02","2026-05-07 17:07:02","2026-05-08 01:02:48","X202605000399039","Y",""
"XDIST202605060004981672","엑셀수기배분","30024","롯데아울렛부여(직)","위탁","24S","DXTR76043","BRD","105","출고완료","3","3","0","3","이훈희(LEEHH1149)","2026-05-06","2026-05-07","2026-05-07 17:07:02","2026-05-07 17:07:02","2026-05-07 17:07:02","2026-05-08 01:02:48","X202605000399039","Y",""
"XDIST202605060004981672","엑셀수기배분","30024","롯데아울렛부여(직)","위탁","24S","DMTSG3043","CAS","100","출고완료","3","3","0","3","이훈희(LEEHH1149)","2026-05-06","2026-05-07","2026-05-07 17:07:02","2026-05-07 17:07:02","2026-05-07 17:07:02","2026-05-08 01:02:15","X202605000399040","Y",""
"XDIST202605060004981672","엑셀수기배분","30024","롯데아울렛부여(직)","위탁","24S","DMTSGE043","DBS","100","출고완료","3","3","0","3","이훈희(LEEHH1149)","2026-05-06","2026-05-07","2026-05-07 17:07:02","2026-05-07 17:07:02","2026-05-07 17:07:02","2026-05-08 01:02:17","X202605000399040","Y",""
"XDIST202605060004981672","엑셀수기배분","30024","롯데아울렛부여(직)","위탁","24S","DMTSGE043","DBS","105","출고완료","3","3","0","3","이훈희(LEEHH1149)","2026-05-06","2026-05-07","2026-05-07 17:07:02","2026-05-07 17:07:02","2026-05-07 17:07:02","2026-05-08 01:02:17","X202605000399040","Y",""
"XDIST202605060004981672","엑셀수기배분","30024","롯데아울렛부여(직)","위탁","24S","DMTSGI043","NYD","105","출고완료","3","3","0","3","이훈희(LEEHH1149)","2026-05-06","2026-05-07","2026-05-07 17:07:02","2026-05-07 17:07:02","2026-05-07 17:07:02","2026-05-08 01:02:16","X202605000399040","Y",""
"XDIST202605060004981672","엑셀수기배분","30024","롯데아울렛부여(직)","위탁","24S","DMTSGI043","NYD","95","출고완료","2","2","0","2","이훈희(LEEHH1149)","2026-05-06","2026-05-07","2026-05-07 17:07:02","2026-05-07 17:07:02","2026-05-07 17:07:02","2026-05-08 01:02:15","X202605000399040","Y",""
"XDIST202605060004981672","엑셀수기배분","30024","롯데아울렛부여(직)","위탁","24S","DWTS56043","YEL","95","출고완료","2","2","0","2","이훈희(LEEHH1149)","2026-05-06","2026-05-07","2026-05-07 17:07:02","2026-05-07 17:07:02","2026-05-07 17:07:02","2026-05-08 01:02:32","X202605000399040","Y",""
"XDIST202605060004981672","엑셀수기배분","30024","롯데아울렛부여(직)","위탁","24S","DMWJ63043","EGS","100","출고완료","4","4","0","4","이훈희(LEEHH1149)","2026-05-06","2026-05-07","2026-05-07 17:07:02","2026-05-07 17:07:02","2026-05-07 17:07:02","2026-05-08 01:02:37","X202605000399041","Y",""
"XDIST202605060004981672","엑셀수기배분","30024","롯데아울렛부여(직)","위탁","24S","DWWJ62043","LVD","90","출고완료","3","3","0","3","이훈희(LEEHH1149)","2026-05-06","2026-05-07","2026-05-07 17:07:02","2026-05-07 17:07:02","2026-05-07 17:07:02","2026-05-08 01:02:16","X202605000399041","Y",""
"XDIST202605060004981672","엑셀수기배분","30024","롯데아울렛부여(직)","위탁","24S","DWWJ93043","LYS","95","출고완료","10","10","0","10","이훈희(LEEHH1149)","2026-05-06","2026-05-07","2026-05-07 17:07:02","2026-05-07 17:07:02","2026-05-07 17:07:02","2026-05-08 01:02:57","X202605000399041","Y",""
"XDIST202605060004981672","엑셀수기배분","30024","롯데아울렛부여(직)","위탁","24S","DXRS5C043","DBS","105","출고완료","3","3","0","3","이훈희(LEEHH1149)","2026-05-06","2026-05-07","2026-05-07 17:07:02","2026-05-07 17:07:02","2026-05-07 17:07:02","2026-05-08 01:02:53","X202605000399042","Y",""
"XDIST202605060004981672","엑셀수기배분","30024","롯데아울렛부여(직)","위탁","24S","DXRS6A043","CBL","90","출고완료","3","3","0","3","이훈희(LEEHH1149)","2026-05-06","2026-05-07","2026-05-07 17:07:02","2026-05-07 17:07:02","2026-05-07 17:07:02","2026-05-08 01:02:41","X202605000399042","Y",""
"XDIST202605060004974318","MD요청-상품","50064","포천송우(대-위)","위탁","26S","DWRS9N063","CRS","100","출고완료","1","1","0","1","권현정(KHJEONG)","2026-05-06","2026-05-06","2026-05-06 17:26:09","2026-05-06 17:26:09","2026-05-06 17:26:09","2026-05-07 01:03:41","X202605000365171","Y",""
"XDIST202605070004991545","MD요청-상품","31006","명동점(직)","위탁","25N","DXCP5015N","LVS","58","출고완료","1","1","0","1","장윤희(YHJANG)","2026-05-07","2026-05-08","2026-05-08 17:33:04","2026-05-08 17:33:04","2026-05-08 17:33:04","2026-05-09 13:23:02","X202605000555826","Y",""
"XDIST202605060004974318","MD요청-상품","50053","전주송천(대-위)","위탁","26S","DWRS9N063","CRS","90","출고완료","1","1","0","1","권현정(KHJEONG)","2026-05-06","2026-05-06","2026-05-06 17:26:09","2026-05-06 17:26:09","2026-05-06 17:26:09","2026-05-07 01:03:12","X202605000365172","Y",""
"XDIST202605060004974318","MD요청-상품","10043","롯데울산","위탁","26S","DWRS9N063","CRS","100","출고완료","1","1","0","1","권현정(KHJEONG)","2026-05-06","2026-05-06","2026-05-06 17:26:09","2026-05-06 17:26:09","2026-05-06 17:26:09","2026-05-07 01:03:22","X202605000365173","Y",""
"XDIST202605060004974320","MD요청-상품","50185","모다경주(대-위)","위탁","26S","DWRS9N063","NYD","85","출고완료","1","1","0","1","권현정(KHJEONG)","2026-05-06","2026-05-06","2026-05-06 17:27:05","2026-05-06 17:27:05","2026-05-06 17:27:05","2026-05-07 01:02:54","X202605000365182","Y",""
"XDIST202605070004991545","MD요청-상품","50208","전주신도시(대-위)","위탁","25N","DXCP5015N","LVS","56","출고완료","1","1","0","1","장윤희(YHJANG)","2026-05-07","2026-05-08","2026-05-08 17:33:04","2026-05-08 17:33:04","2026-05-08 17:33:04","2026-05-09 01:02:18","X202605000555831","Y",""
"XDIST202605070004991545","MD요청-상품","50189","양산(대-위)","위탁","25N","DXCP5015N","LVS","58","출고완료","2","2","0","2","장윤희(YHJANG)","2026-05-07","2026-05-08","2026-05-08 17:33:04","2026-05-08 17:33:04","2026-05-08 17:33:04","2026-05-09 01:02:54","X202605000555861","Y",""
"XDIST202605070004991545","MD요청-상품","50104","애플사상(대-위)","위탁","25N","DXCP5015N","LVS","58","출고완료","1","1","0","1","장윤희(YHJANG)","2026-05-07","2026-05-08","2026-05-08 17:49:03","2026-05-08 17:49:03","2026-05-08 17:49:03","2026-05-09 01:02:56","X202605000555863","Y",""
"XDIST202605070004991545","MD요청-상품","10092","엔터6안양","위탁","25N","DXCP5015N","LVS","56","출고완료","1","1","0","1","장윤희(YHJANG)","2026-05-07","2026-05-08","2026-05-08 17:33:04","2026-05-08 17:33:04","2026-05-08 17:33:04","2026-05-09 01:03:45","X202605000555868","Y",""
"XDIST202605070004991545","MD요청-상품","10093","AK평택","위탁","25N","DXCP5015N","LVS","56","출고완료","1","1","0","1","장윤희(YHJANG)","2026-05-07","2026-05-08","2026-05-08 17:49:03","2026-05-08 17:49:03","2026-05-08 17:49:03","2026-05-09 01:03:06","X202605000555869","Y",""
"XDIST202605070004991545","MD요청-상품","10014","롯데중동","위탁","25N","DXCP5015N","LVS","56","출고완료","1","1","0","1","장윤희(YHJANG)","2026-05-07","2026-05-08","2026-05-08 17:49:03","2026-05-08 17:49:03","2026-05-08 17:49:03","2026-05-09 01:03:17","X202605000555879","Y",""
"XDIST202605070004991639","MD요청-상품","10021","신세계천안아산","위탁","25N","DXCP5015N","ORS","58","출고완료","1","1","0","1","장윤희(YHJANG)","2026-05-07","2026-05-08","2026-05-08 17:49:03","2026-05-08 17:49:03","2026-05-08 17:49:03","2026-05-09 01:03:03","X202605000556241","Y",""
"XDIST202605070004991639","MD요청-상품","50057","여천(대-위)","위탁","25N","DXCP5015N","ORS","58","출고완료","1","1","0","1","장윤희(YHJANG)","2026-05-07","2026-05-08","2026-05-08 17:33:04","2026-05-08 17:33:04","2026-05-08 17:33:04","2026-05-09 01:02:00","X202605000556263","Y",""
"XDIST202605070004991639","MD요청-상품","10006","AK분당","위탁","25N","DXCP5015N","ORS","56","출고완료","1","1","0","1","장윤희(YHJANG)","2026-05-07","2026-05-08","2026-05-08 17:49:03","2026-05-08 17:49:03","2026-05-08 17:49:03","2026-05-09 01:03:39","X202605000556270","Y",""
"XDIST202605070004991639","MD요청-상품","50186","영광(대-위)","위탁","25N","DXCP5015N","ORS","58","출고완료","1","1","0","1","장윤희(YHJANG)","2026-05-07","2026-05-08","2026-05-08 17:33:04","2026-05-08 17:33:04","2026-05-08 17:33:04","2026-05-09 01:02:11","X202605000556274","Y",""
"XDIST202605040004958986","엑셀수기배분","11023","K_신세계마산","위탁","26S","DKRS51063","BKS","130","출고완료","1","1","0","1","김소진(SOJIN1027)","2026-05-04","2026-05-04","2026-05-04 18:58:14","2026-05-04 18:58:14","2026-05-04 18:58:14","2026-05-05 01:07:14","X202605000175454","Y",""
"XDIST202605040004958986","엑셀수기배분","11023","K_신세계마산","위탁","26S","DKTR21063","BKS","150","출고완료","1","1","0","1","김소진(SOJIN1027)","2026-05-04","2026-05-04","2026-05-04 18:58:14","2026-05-04 18:58:14","2026-05-04 18:58:14","2026-05-05 01:05:47","X202605000175457","Y",""
"XDIST202605040004958986","엑셀수기배분","31003","K_롯데아울렛파주(직)","위탁","26S","DKAZ22063","WHS","130","출고완료","1","1","0","1","김소진(SOJIN1027)","2026-05-04","2026-05-04","2026-05-04 18:58:14","2026-05-04 18:58:14","2026-05-04 18:58:14","2026-05-05 01:10:16","X202605000175461","Y",""
"XDIST202605040004958986","엑셀수기배분","50047","순천중앙(대-위)","위탁","26S","DKRS73063","WHS","140","출고완료","1","1","0","1","김소진(SOJIN1027)","2026-05-04","2026-05-04","2026-05-04 18:35:16","2026-05-04 18:35:16","2026-05-04 18:35:16","2026-05-05 01:07:50","X202605000175463","Y",""
"XDIST202605040004958986","엑셀수기배분","50053","전주송천(대-위)","위탁","26S","DKPT12061","BKS","160","출고완료","1","1","0","1","김소진(SOJIN1027)","2026-05-04","2026-05-04","2026-05-04 18:58:14","2026-05-04 18:58:14","2026-05-04 18:58:14","2026-05-05 01:05:38","X202605000175466","Y",""
"XDIST202605040004958986","엑셀수기배분","50053","전주송천(대-위)","위탁","26S","DKTB21063","BKS","130","출고완료","1","1","0","1","김소진(SOJIN1027)","2026-05-04","2026-05-04","2026-05-04 18:58:14","2026-05-04 18:58:14","2026-05-04 18:58:14","2026-05-05 01:05:38","X202605000175470","Y",""
"XDIST202605040004958986","엑셀수기배분","50181","경산(대-위)","위탁","26S","DKRS79063","DML","140","출고완료","1","1","0","1","김소진(SOJIN1027)","2026-05-04","2026-05-04","2026-05-04 18:35:16","2026-05-04 18:35:16","2026-05-04 18:35:16","2026-05-05 01:06:49","X202605000175474","Y",""
"XDIST202605040004958986","엑셀수기배분","50181","경산(대-위)","위탁","26S","DKTB51063","BKS","150","출고완료","1","1","0","1","김소진(SOJIN1027)","2026-05-04","2026-05-04","2026-05-04 18:35:16","2026-05-04 18:35:16","2026-05-04 18:35:16","2026-05-05 01:06:53","X202605000175475","Y",""
"XDIST202605040004958986","엑셀수기배분","50207","전주평화점(대-위)","위탁","26S","DKAZ31063","IND","140","출고완료","3","3","0","3","김소진(SOJIN1027)","2026-05-04","2026-05-04","2026-05-04 18:58:14","2026-05-04 18:58:14","2026-05-04 18:58:14","2026-05-05 01:06:37","X202605000175477","Y",""
"XDIST202605040004958986","엑셀수기배분","50207","전주평화점(대-위)","위탁","26S","DKTB21063","BGS","150","출고완료","1","1","0","1","김소진(SOJIN1027)","2026-05-04","2026-05-04","2026-05-04 18:58:14","2026-05-04 18:58:14","2026-05-04 18:58:14","2026-05-05 01:06:37","X202605000175478","Y",""
"XDIST202605070004991545","MD요청-상품","10016","롯데동래","위탁","25N","DXCP5015N","LVS","56","출고완료","1","1","0","1","장윤희(YHJANG)","2026-05-07","2026-05-08","2026-05-08 17:33:04","2026-05-08 17:33:04","2026-05-08 17:33:04","2026-05-09 01:02:34","X202605000555882","Y",""
"XDIST202605070004991545","MD요청-상품","10077","신세계센텀","위탁","25N","DXCP5015N","LVS","56","출고완료","2","2","0","2","장윤희(YHJANG)","2026-05-07","2026-05-08","2026-05-08 17:33:04","2026-05-08 17:33:04","2026-05-08 17:33:04","2026-05-09 01:02:16","X202605000555904","Y",""
"XDIST202605070004991545","MD요청-상품","50019","경주(대-위)","위탁","25N","DXCP5015N","LVS","56","출고완료","1","1","0","1","장윤희(YHJANG)","2026-05-07","2026-05-08","2026-05-08 17:49:03","2026-05-08 17:49:03","2026-05-08 17:49:03","2026-05-09 01:02:20","X202605000555907","Y",""
"XDIST202605070004991545","MD요청-상품","50023","순천연향(대-위)","위탁","25N","DXCP5015N","LVS","56","출고완료","1","1","0","1","장윤희(YHJANG)","2026-05-07","2026-05-08","2026-05-08 17:49:03","2026-05-08 17:49:03","2026-05-08 17:49:03","2026-05-09 01:02:12","X202605000555913","Y",""
"XDIST202605070004991545","MD요청-상품","10048","아이파크용산","위탁","25N","DXCP5015N","LVS","56","출고완료","1","1","0","1","장윤희(YHJANG)","2026-05-07","2026-05-08","2026-05-08 17:49:03","2026-05-08 17:49:03","2026-05-08 17:49:03","2026-05-09 01:03:23","X202605000555921","Y",""
"XDIST202605070004991545","MD요청-상품","50159","용인(대-위)","위탁","25N","DXCP5015N","LVS","56","출고완료","1","1","0","1","장윤희(YHJANG)","2026-05-07","2026-05-08","2026-05-08 17:33:04","2026-05-08 17:33:04","2026-05-08 17:33:04","2026-05-09 01:02:17","X202605000555929","Y",""
"XDIST202605070004991545","MD요청-상품","50037","구미인동(대-위)","위탁","25N","DXCP5015N","LVS","56","출고완료","1","1","0","1","장윤희(YHJANG)","2026-05-07","2026-05-08","2026-05-08 17:33:04","2026-05-08 17:33:04","2026-05-08 17:33:04","2026-05-09 01:02:22","X202605000555930","Y",""
"XDIST202605070004991639","MD요청-상품","10091","갤러리아광교","위탁","25N","DXCP5015N","ORS","56","출고완료","1","1","0","1","장윤희(YHJANG)","2026-05-07","2026-05-08","2026-05-08 17:33:04","2026-05-08 17:33:04","2026-05-08 17:33:04","2026-05-09 01:03:32","X202605000556287","Y",""
"XDIST202605070004991639","MD요청-상품","50198","세종(대-위)","위탁","25N","DXCP5015N","ORS","56","출고완료","1","1","0","1","장윤희(YHJANG)","2026-05-07","2026-05-08","2026-05-08 17:33:04","2026-05-08 17:33:04","2026-05-08 17:33:04","2026-05-09 01:02:17","X202605000556296","Y",""
"XDIST202605070004991639","MD요청-상품","10014","롯데중동","위탁","25N","DXCP5015N","ORS","56","출고완료","1","1","0","1","장윤희(YHJANG)","2026-05-07","2026-05-08","2026-05-08 17:49:03","2026-05-08 17:49:03","2026-05-08 17:49:03","2026-05-09 01:03:17","X202605000556300","Y",""
"XDIST202605070004991639","MD요청-상품","10061","신세계대구","위탁","25N","DXCP5015N","ORS","56","출고완료","1","1","0","1","장윤희(YHJANG)","2026-05-07","2026-05-08","2026-05-08 17:49:03","2026-05-08 17:49:03","2026-05-08 17:49:03","2026-05-09 01:01:38","X202605000556305","Y",""
"XDIST202605070004991639","MD요청-상품","50089","퍼스트빌리지(대-위)","위탁","25N","DXCP5015N","ORS","58","출고완료","1","1","0","1","장윤희(YHJANG)","2026-05-07","2026-05-08","2026-05-08 17:49:03","2026-05-08 17:49:03","2026-05-08 17:49:03","2026-05-09 01:01:40","X202605000556310","Y",""
"XDIST202605070004991639","MD요청-상품","50126","강릉(대-위)","위탁","25N","DXCP5015N","ORS","56","출고완료","1","1","0","1","장윤희(YHJANG)","2026-05-07","2026-05-08","2026-05-08 17:33:04","2026-05-08 17:33:04","2026-05-08 17:33:04","2026-05-09 01:01:53","X202605000556314","Y",""
"XDIST202605070004991639","MD요청-상품","50126","강릉(대-위)","위탁","25N","DXCP5015N","ORS","58","출고완료","1","1","0","1","장윤희(YHJANG)","2026-05-07","2026-05-08","2026-05-08 17:33:04","2026-05-08 17:33:04","2026-05-08 17:33:04","2026-05-09 01:01:53","X202605000556314","Y",""
"XDIST202605070004991639","MD요청-상품","10069","현대킨텍스","위탁","25N","DXCP5015N","ORS","58","출고완료","1","1","0","1","장윤희(YHJANG)","2026-05-07","2026-05-08","2026-05-08 17:49:03","2026-05-08 17:49:03","2026-05-08 17:49:03","2026-05-09 01:03:24","X202605000556316","Y",""
"XDIST202605070004991639","MD요청-상품","50137","NC송파(대-위)","위탁","25N","DXCP5015N","ORS","56","출고완료","1","1","0","1","장윤희(YHJANG)","2026-05-07","2026-05-08","2026-05-08 17:33:04","2026-05-08 17:33:04","2026-05-08 17:33:04","2026-05-09 01:03:34","X202605000556325","Y",""
"XDIST202605070004991639","MD요청-상품","50019","경주(대-위)","위탁","25N","DXCP5015N","ORS","58","출고완료","1","1","0","1","장윤희(YHJANG)","2026-05-07","2026-05-08","2026-05-08 17:49:03","2026-05-08 17:49:03","2026-05-08 17:49:03","2026-05-09 01:02:20","X202605000556328","Y",""
"XDIST202605070004991639","MD요청-상품","50141","모다천안(대-위)","위탁","25N","DXCP5015N","ORS","58","출고완료","1","1","0","1","장윤희(YHJANG)","2026-05-07","2026-05-08","2026-05-08 17:33:04","2026-05-08 17:33:04","2026-05-08 17:33:04","2026-05-09 01:02:35","X202605000556331","Y",""
"XDIST202605080004993823","엑셀수기배분","90019","EC-온라인물류","위탁","26N","DXSH7346N","BLS","240","출고완료","20","20","0","20","박정민(PJM1003)","2026-05-08","2026-05-08","2026-05-08 17:30:04","2026-05-08 17:30:04","2026-05-08 17:30:04","2026-05-09 01:01:34","X202605000618977","Y",""
"XDIST202605080004993823","엑셀수기배분","90019","EC-온라인물류","위탁","26N","DXSH7346N","BLS","250","출고완료","10","10","0","10","박정민(PJM1003)","2026-05-08","2026-05-08","2026-05-08 17:30:04","2026-05-08 17:30:04","2026-05-08 17:30:04","2026-05-09 01:01:34","X202605000618977","Y",""
"XDIST202605080004993592","엑셀수기배분","30028","광주상무(직)","위탁","25S","DKTB75053","BKS","160","출고완료","2","2","0","2","김주형(RLAWNGUD14)","2026-05-08","2026-05-08","2026-05-08 17:46:01","2026-05-08 17:46:01","2026-05-08 17:46:01","2026-05-09 01:02:09","X202605000617764","Y",""
"XDIST202605080004993592","엑셀수기배분","30028","광주상무(직)","위탁","25S","DMRS81053","NBD","110","출고완료","1","1","0","1","김주형(RLAWNGUD14)","2026-05-08","2026-05-08","2026-05-08 17:46:01","2026-05-08 17:46:01","2026-05-08 17:46:01","2026-05-09 01:01:47","X202605000617765","Y",""
"XDIST202605080004993592","엑셀수기배분","30028","광주상무(직)","위탁","25S","DMRS8W053","NYS","105","출고완료","2","2","0","2","김주형(RLAWNGUD14)","2026-05-08","2026-05-08","2026-05-08 17:46:01","2026-05-08 17:46:01","2026-05-08 17:46:01","2026-05-09 01:01:56","X202605000617765","Y",""
"XDIST202605080004993592","엑셀수기배분","30028","광주상무(직)","위탁","25S","DWRS64053","WHS","95","출고완료","2","2","0","2","김주형(RLAWNGUD14)","2026-05-08","2026-05-08","2026-05-08 17:46:01","2026-05-08 17:46:01","2026-05-08 17:46:01","2026-05-09 01:01:43","X202605000617765","Y",""
"XDIST202605080004993592","엑셀수기배분","30028","광주상무(직)","위탁","25S","DWRS9A053","IVD","95","출고완료","1","1","0","1","김주형(RLAWNGUD14)","2026-05-08","2026-05-08","2026-05-08 17:46:01","2026-05-08 17:46:01","2026-05-08 17:46:01","2026-05-09 01:01:43","X202605000617765","Y",""
"XDIST202605080004993592","엑셀수기배분","30028","광주상무(직)","위탁","25S","DWRS9P053","NYD","95","출고완료","1","1","0","1","김주형(RLAWNGUD14)","2026-05-08","2026-05-08","2026-05-08 17:46:01","2026-05-08 17:46:01","2026-05-08 17:46:01","2026-05-09 01:01:43","X202605000617765","Y",""
"XDIST202605080004993592","엑셀수기배분","30028","광주상무(직)","위탁","25S","DXRS8R053","BKS","105","출고완료","1","1","0","1","김주형(RLAWNGUD14)","2026-05-08","2026-05-08","2026-05-08 17:46:01","2026-05-08 17:46:01","2026-05-08 17:46:01","2026-05-09 01:01:43","X202605000617765","Y",""
"XDIST202605080004993592","엑셀수기배분","30028","광주상무(직)","위탁","25S","DXRS8T053","WHS","100","출고완료","1","1","0","1","김주형(RLAWNGUD14)","2026-05-08","2026-05-08","2026-05-08 17:46:01","2026-05-08 17:46:01","2026-05-08 17:46:01","2026-05-09 01:01:37","X202605000617765","Y",""
"XDIST202605080004993592","엑셀수기배분","30028","광주상무(직)","위탁","25S","DMRS63053","BKS","105","출고완료","3","3","0","3","김주형(RLAWNGUD14)","2026-05-08","2026-05-08","2026-05-08 17:46:01","2026-05-08 17:46:01","2026-05-08 17:46:01","2026-05-09 01:01:43","X202605000617765","Y",""
"XDIST202605080004993592","엑셀수기배분","30028","광주상무(직)","위탁","25S","DMRS63053","WHS","110","출고완료","3","3","0","3","김주형(RLAWNGUD14)","2026-05-08","2026-05-08","2026-05-08 17:46:01","2026-05-08 17:46:01","2026-05-08 17:46:01","2026-05-09 01:01:46","X202605000617765","Y",""
"XDIST202605080004993592","엑셀수기배분","30028","광주상무(직)","위탁","25S","DMRS81053","DGS","100","출고완료","2","2","0","2","김주형(RLAWNGUD14)","2026-05-08","2026-05-08","2026-05-08 17:46:01","2026-05-08 17:46:01","2026-05-08 17:46:01","2026-05-09 01:01:43","X202605000617765","Y",""
"XDIST202605080004993592","엑셀수기배분","30028","광주상무(직)","위탁","25S","DMRS81053","DKS","110","출고완료","2","2","0","2","김주형(RLAWNGUD14)","2026-05-08","2026-05-08","2026-05-08 17:46:01","2026-05-08 17:46:01","2026-05-08 17:46:01","2026-05-09 01:01:54","X202605000617765","Y",""
"XDIST202605080004993592","엑셀수기배분","30028","광주상무(직)","위탁","25S","DMRS81053","MTL","95","출고완료","2","2","0","2","김주형(RLAWNGUD14)","2026-05-08","2026-05-08","2026-05-08 17:46:01","2026-05-08 17:46:01","2026-05-08 17:46:01","2026-05-09 01:01:52","X202605000617765","Y",""
"XDIST202605080004993592","엑셀수기배분","30028","광주상무(직)","위탁","25S","DWTB91053","BKS","28","출고완료","2","2","0","2","김주형(RLAWNGUD14)","2026-05-08","2026-05-08","2026-05-08 17:46:01","2026-05-08 17:46:01","2026-05-08 17:46:01","2026-05-09 01:01:43","X202605000617766","Y",""
"XDIST202605080004993592","엑셀수기배분","30028","광주상무(직)","위탁","25S","DWTB9B053","NBD","28","출고완료","1","1","0","1","김주형(RLAWNGUD14)","2026-05-08","2026-05-08","2026-05-08 17:46:01","2026-05-08 17:46:01","2026-05-08 17:46:01","2026-05-09 01:01:43","X202605000617766","Y",""
"XDIST202605080004993592","엑셀수기배분","30028","광주상무(직)","위탁","25S","DXTB7A053","BKS","30","출고완료","1","1","0","1","김주형(RLAWNGUD14)","2026-05-08","2026-05-08","2026-05-08 17:46:01","2026-05-08 17:46:01","2026-05-08 17:46:01","2026-05-09 01:01:43","X202605000617766","Y",""
"XDIST202605080004993592","엑셀수기배분","30028","광주상무(직)","위탁","25S","DXTB7A053","GRD","30","출고완료","1","1","0","1","김주형(RLAWNGUD14)","2026-05-08","2026-05-08","2026-05-08 17:46:01","2026-05-08 17:46:01","2026-05-08 17:46:01","2026-05-09 01:01:52","X202605000617766","Y",""
"XDIST202605080004993592","엑셀수기배분","30028","광주상무(직)","위탁","25S","DMTP33051","BGD","30","출고완료","1","1","0","1","김주형(RLAWNGUD14)","2026-05-08","2026-05-08","2026-05-08 17:46:01","2026-05-08 17:46:01","2026-05-08 17:46:01","2026-05-09 01:01:43","X202605000617767","Y",""
"XDIST202605080004993592","엑셀수기배분","30028","광주상무(직)","위탁","25S","DMTP61053","BKS","32","출고완료","1","1","0","1","김주형(RLAWNGUD14)","2026-05-08","2026-05-08","2026-05-08 17:46:01","2026-05-08 17:46:01","2026-05-08 17:46:01","2026-05-09 01:01:43","X202605000617767","Y",""
"XDIST202605080004993592","엑셀수기배분","30028","광주상무(직)","위탁","25S","DMTP73053","BKS","28","출고완료","1","1","0","1","김주형(RLAWNGUD14)","2026-05-08","2026-05-08","2026-05-08 17:46:02","2026-05-08 17:46:02","2026-05-08 17:46:02","2026-05-09 01:01:47","X202605000617767","Y",""
"XDIST202605080004993592","엑셀수기배분","30028","광주상무(직)","위탁","25S","DWTP74053","BKS","28","출고완료","1","1","0","1","김주형(RLAWNGUD14)","2026-05-08","2026-05-08","2026-05-08 17:46:02","2026-05-08 17:46:02","2026-05-08 17:46:02","2026-05-09 01:01:47","X202605000617767","Y",""
"XDIST202605080004993592","엑셀수기배분","30028","광주상무(직)","위탁","25S","DXTP77053","BKS","30","출고완료","1","1","0","1","김주형(RLAWNGUD14)","2026-05-08","2026-05-08","2026-05-08 17:46:02","2026-05-08 17:46:02","2026-05-08 17:46:02","2026-05-09 01:01:47","X202605000617767","Y",""
"XDIST202605080004993592","엑셀수기배분","30028","광주상무(직)","위탁","25S","DMTR75053","BKS","100","출고완료","1","1","0","1","김주형(RLAWNGUD14)","2026-05-08","2026-05-08","2026-05-08 17:46:02","2026-05-08 17:46:02","2026-05-08 17:46:02","2026-05-09 01:01:56","X202605000617768","Y",""
"XDIST202605080004993592","엑셀수기배분","30028","광주상무(직)","위탁","25S","DXTR7A053","BKS","110","출고완료","1","1","0","1","김주형(RLAWNGUD14)","2026-05-08","2026-05-08","2026-05-08 17:46:02","2026-05-08 17:46:02","2026-05-08 17:46:02","2026-05-09 01:01:56","X202605000617768","Y",""
"XDIST202605080004993592","엑셀수기배분","30028","광주상무(직)","위탁","25S","DXTR7A053","BKS","115","출고완료","1","1","0","1","김주형(RLAWNGUD14)","2026-05-08","2026-05-08","2026-05-08 17:46:02","2026-05-08 17:46:02","2026-05-08 17:46:02","2026-05-09 01:01:56","X202605000617768","Y",""
"XDIST202605080004993592","엑셀수기배분","30028","광주상무(직)","위탁","25S","DXTR7E053","BGS","105","출고완료","1","1","0","1","김주형(RLAWNGUD14)","2026-05-08","2026-05-08","2026-05-08 17:46:02","2026-05-08 17:46:02","2026-05-08 17:46:02","2026-05-09 01:01:43","X202605000617768","Y",""
"XDIST202605080004993592","엑셀수기배분","50157","충주(대-위)","위탁","25S","DKRS7A053","BKS","150","출고완료","1","1","0","1","김주형(RLAWNGUD14)","2026-05-08","2026-05-08","2026-05-08 17:32:01","2026-05-08 17:32:01","2026-05-08 17:32:01","2026-05-09 01:02:26","X202605000617770","Y",""
"XDIST202605080004993592","엑셀수기배분","50157","충주(대-위)","위탁","25S","DKTB73053","BKS","140","출고완료","1","1","0","1","김주형(RLAWNGUD14)","2026-05-08","2026-05-08","2026-05-08 17:32:01","2026-05-08 17:32:01","2026-05-08 17:32:01","2026-05-09 01:02:26","X202605000617771","Y",""
"XDIST202605080004993592","엑셀수기배분","50157","충주(대-위)","위탁","25S","DMRS81053","BKS","95","출고완료","2","2","0","2","김주형(RLAWNGUD14)","2026-05-08","2026-05-08","2026-05-08 17:32:01","2026-05-08 17:32:01","2026-05-08 17:32:01","2026-05-09 01:02:08","X202605000617772","Y",""
"XDIST202605080004993592","엑셀수기배분","50157","충주(대-위)","위탁","25S","DMRS81053","BKS","100","출고완료","2","2","0","2","김주형(RLAWNGUD14)","2026-05-08","2026-05-08","2026-05-08 17:32:01","2026-05-08 17:32:01","2026-05-08 17:32:01","2026-05-09 01:02:08","X202605000617772","Y",""
"XDIST202605080004993592","엑셀수기배분","50157","충주(대-위)","위탁","25S","DMRS81053","MTL","100","출고완료","1","1","0","1","김주형(RLAWNGUD14)","2026-05-08","2026-05-08","2026-05-08 17:32:01","2026-05-08 17:32:01","2026-05-08 17:32:01","2026-05-09 01:02:01","X202605000617772","Y",""
"XDIST202605080004993592","엑셀수기배분","50157","충주(대-위)","위탁","25S","DMRS81053","MTL","110","출고완료","1","1","0","1","김주형(RLAWNGUD14)","2026-05-08","2026-05-08","2026-05-08 17:32:01","2026-05-08 17:32:01","2026-05-08 17:32:01","2026-05-09 01:02:08","X202605000617772","Y",""
"XDIST202605080004993592","엑셀수기배분","50157","충주(대-위)","위탁","25S","DMRS85053","BKS","110","출고완료","2","2","0","2","김주형(RLAWNGUD14)","2026-05-08","2026-05-08","2026-05-08 17:32:01","2026-05-08 17:32:01","2026-05-08 17:32:01","2026-05-09 01:02:08","X202605000617772","Y",""
"XDIST202605080004993592","엑셀수기배분","50157","충주(대-위)","위탁","25S","DMRS85053","GRD","95","출고완료","1","1","0","1","김주형(RLAWNGUD14)","2026-05-08","2026-05-08","2026-05-08 17:32:01","2026-05-08 17:32:01","2026-05-08 17:32:01","2026-05-09 01:02:26","X202605000617772","Y",""
"XDIST202605080004993592","엑셀수기배분","50157","충주(대-위)","위탁","25S","DMRS85053","LKS","105","출고완료","1","1","0","1","김주형(RLAWNGUD14)","2026-05-08","2026-05-08","2026-05-08 17:32:01","2026-05-08 17:32:01","2026-05-08 17:32:01","2026-05-09 01:02:26","X202605000617772","Y",""
"XDIST202605080004993592","엑셀수기배분","50157","충주(대-위)","위탁","25S","DWRS74053","WHS","90","출고완료","3","3","0","3","김주형(RLAWNGUD14)","2026-05-08","2026-05-08","2026-05-08 17:32:01","2026-05-08 17:32:01","2026-05-08 17:32:01","2026-05-09 01:01:45","X202605000617772","Y",""
"XDIST202605080004993592","엑셀수기배분","50157","충주(대-위)","위탁","25S","DWRS82053","NBD","90","출고완료","1","1","0","1","김주형(RLAWNGUD14)","2026-05-08","2026-05-08","2026-05-08 17:32:01","2026-05-08 17:32:01","2026-05-08 17:32:01","2026-05-09 01:02:06","X202605000617772","Y",""
"XDIST202605080004993592","엑셀수기배분","50157","충주(대-위)","위탁","25S","DWRS82053","NBD","100","출고완료","1","1","0","1","김주형(RLAWNGUD14)","2026-05-08","2026-05-08","2026-05-08 17:32:01","2026-05-08 17:32:01","2026-05-08 17:32:01","2026-05-09 01:02:06","X202605000617772","Y",""
"XDIST202605080004993592","엑셀수기배분","50157","충주(대-위)","위탁","25S","DWRS9A053","BKS","90","출고완료","1","1","0","1","김주형(RLAWNGUD14)","2026-05-08","2026-05-08","2026-05-08 17:32:01","2026-05-08 17:32:01","2026-05-08 17:32:01","2026-05-09 01:02:08","X202605000617772","Y",""
"XDIST202605080004993592","엑셀수기배분","50157","충주(대-위)","위탁","25S","DWRS9L053","OLD","90","출고완료","1","1","0","1","김주형(RLAWNGUD14)","2026-05-08","2026-05-08","2026-05-08 17:32:02","2026-05-08 17:32:02","2026-05-08 17:32:02","2026-05-09 01:02:06","X202605000617772","Y",""
"XDIST202605080004993592","엑셀수기배분","50157","충주(대-위)","위탁","25S","DWRS9P053","NYD","100","출고완료","1","1","0","1","김주형(RLAWNGUD14)","2026-05-08","2026-05-08","2026-05-08 17:32:02","2026-05-08 17:32:02","2026-05-08 17:32:02","2026-05-09 01:01:45","X202605000617772","Y",""
"XDIST202605080004993592","엑셀수기배분","50157","충주(대-위)","위탁","25S","DXRS8T053","WHS","95","출고완료","1","1","0","1","김주형(RLAWNGUD14)","2026-05-08","2026-05-08","2026-05-08 17:32:02","2026-05-08 17:32:02","2026-05-08 17:32:02","2026-05-09 01:01:45","X202605000617772","Y",""
"XDIST202605080004993592","엑셀수기배분","50157","충주(대-위)","위탁","25S","DXRS8T053","WHS","110","출고완료","1","1","0","1","김주형(RLAWNGUD14)","2026-05-08","2026-05-08","2026-05-08 17:32:02","2026-05-08 17:32:02","2026-05-08 17:32:02","2026-05-09 01:02:08","X202605000617772","Y",""
"XDIST202605080004993592","엑셀수기배분","50157","충주(대-위)","위탁","25S","DMTB67053","BKS","30","출고완료","1","1","0","1","김주형(RLAWNGUD14)","2026-05-08","2026-05-08","2026-05-08 17:32:02","2026-05-08 17:32:02","2026-05-08 17:32:02","2026-05-09 01:02:08","X202605000617773","Y",""
"XDIST202605080004993592","엑셀수기배분","50157","충주(대-위)","위탁","25S","DMTB6A053","BKS","32","출고완료","1","1","0","1","김주형(RLAWNGUD14)","2026-05-08","2026-05-08","2026-05-08 17:32:02","2026-05-08 17:32:02","2026-05-08 17:32:02","2026-05-09 01:02:04","X202605000617773","Y",""
"XDIST202605080004993592","엑셀수기배분","50157","충주(대-위)","위탁","25S","DMTB6A053","BKS","34","출고완료","1","1","0","1","김주형(RLAWNGUD14)","2026-05-08","2026-05-08","2026-05-08 17:32:02","2026-05-08 17:32:02","2026-05-08 17:32:02","2026-05-09 01:02:04","X202605000617773","Y",""
"XDIST202605080004993592","엑셀수기배분","50157","충주(대-위)","위탁","25S","DWTB94053","BKS","27","출고완료","2","2","0","2","김주형(RLAWNGUD14)","2026-05-08","2026-05-08","2026-05-08 17:32:02","2026-05-08 17:32:02","2026-05-08 17:32:02","2026-05-09 01:02:26","X202605000617773","Y",""
"XDIST202605080004993592","엑셀수기배분","50157","충주(대-위)","위탁","25S","DWTB94053","NBD","28","출고완료","1","1","0","1","김주형(RLAWNGUD14)","2026-05-08","2026-05-08","2026-05-08 17:32:02","2026-05-08 17:32:02","2026-05-08 17:32:02","2026-05-09 01:02:04","X202605000617773","Y",""
"XDIST202605080004993592","엑셀수기배분","50157","충주(대-위)","위탁","25S","DXTB7A053","BGL","30","출고완료","1","1","0","1","김주형(RLAWNGUD14)","2026-05-08","2026-05-08","2026-05-08 17:32:02","2026-05-08 17:32:02","2026-05-08 17:32:02","2026-05-09 01:02:26","X202605000617773","Y",""
"XDIST202605080004993592","엑셀수기배분","50157","충주(대-위)","위탁","25S","DXTB7A053","BKS","26","출고완료","1","1","0","1","김주형(RLAWNGUD14)","2026-05-08","2026-05-08","2026-05-08 17:32:02","2026-05-08 17:32:02","2026-05-08 17:32:02","2026-05-09 01:02:04","X202605000617773","Y",""
"XDIST202605080004993592","엑셀수기배분","50157","충주(대-위)","위탁","25S","DXTB7A053","BKS","28","출고완료","1","1","0","1","김주형(RLAWNGUD14)","2026-05-08","2026-05-08","2026-05-08 17:32:02","2026-05-08 17:32:02","2026-05-08 17:32:02","2026-05-09 01:02:26","X202605000617773","Y",""
"XDIST202605080004993592","엑셀수기배분","50157","충주(대-위)","위탁","25S","DXTB7A053","GRD","32","출고완료","1","1","0","1","김주형(RLAWNGUD14)","2026-05-08","2026-05-08","2026-05-08 17:32:02","2026-05-08 17:32:02","2026-05-08 17:32:02","2026-05-09 01:02:08","X202605000617773","Y",""
"XDIST202605080004993592","엑셀수기배분","50157","충주(대-위)","위탁","25S","DMTR75053","BKS","100","출고완료","1","1","0","1","김주형(RLAWNGUD14)","2026-05-08","2026-05-08","2026-05-08 17:32:02","2026-05-08 17:32:02","2026-05-08 17:32:02","2026-05-09 01:01:45","X202605000617775","Y",""
"XDIST202605080004993592","엑셀수기배분","50157","충주(대-위)","위탁","25S","DMTR75053","NBD","100","출고완료","1","1","0","1","김주형(RLAWNGUD14)","2026-05-08","2026-05-08","2026-05-08 17:32:02","2026-05-08 17:32:02","2026-05-08 17:32:02","2026-05-09 01:02:26","X202605000617775","Y",""
"XDIST202605080004993592","엑셀수기배분","50157","충주(대-위)","위탁","25S","DXTR7A053","BKS","95","출고완료","1","1","0","1","김주형(RLAWNGUD14)","2026-05-08","2026-05-08","2026-05-08 17:32:02","2026-05-08 17:32:02","2026-05-08 17:32:02","2026-05-09 01:02:26","X202605000617775","Y",""
"XDIST202605080004993592","엑셀수기배분","50157","충주(대-위)","위탁","25S","DXTR7A053","BKS","105","출고완료","1","1","0","1","김주형(RLAWNGUD14)","2026-05-08","2026-05-08","2026-05-08 17:32:02","2026-05-08 17:32:02","2026-05-08 17:32:02","2026-05-09 01:02:26","X202605000617775","Y",""
"XDIST202605080004993592","엑셀수기배분","50157","충주(대-위)","위탁","25S","DXTR7A053","BKS","115","출고완료","1","1","0","1","김주형(RLAWNGUD14)","2026-05-08","2026-05-08","2026-05-08 17:32:02","2026-05-08 17:32:02","2026-05-08 17:32:02","2026-05-09 01:02:26","X202605000617775","Y",""
"XDIST202605080004993592","엑셀수기배분","50157","충주(대-위)","위탁","25S","DXTR7A053","GRD","95","출고완료","1","1","0","1","김주형(RLAWNGUD14)","2026-05-08","2026-05-08","2026-05-08 17:32:02","2026-05-08 17:32:02","2026-05-08 17:32:02","2026-05-09 01:02:06","X202605000617775","Y",""
"XDIST202605080004993592","엑셀수기배분","50157","충주(대-위)","위탁","25S","DXTR7A053","GRD","100","출고완료","1","1","0","1","김주형(RLAWNGUD14)","2026-05-08","2026-05-08","2026-05-08 17:32:02","2026-05-08 17:32:02","2026-05-08 17:32:02","2026-05-09 01:02:26","X202605000617775","Y",""
"XDIST202605080004993592","엑셀수기배분","50157","충주(대-위)","위탁","25S","DXTR7E053","BKS","100","출고완료","1","1","0","1","김주형(RLAWNGUD14)","2026-05-08","2026-05-08","2026-05-08 17:32:02","2026-05-08 17:32:02","2026-05-08 17:32:02","2026-05-09 01:02:04","X202605000617775","Y",""
"XDIST202605080004993592","엑셀수기배분","50157","충주(대-위)","위탁","25S","DWTS74053","PCS","95","출고완료","1","1","0","1","김주형(RLAWNGUD14)","2026-05-08","2026-05-08","2026-05-08 17:32:02","2026-05-08 17:32:02","2026-05-08 17:32:02","2026-05-09 01:01:45","X202605000617776","Y",""
"XDIST202605080004993592","엑셀수기배분","50157","충주(대-위)","위탁","25S","DWTS74053","WHS","90","출고완료","1","1","0","1","김주형(RLAWNGUD14)","2026-05-08","2026-05-08","2026-05-08 17:32:02","2026-05-08 17:32:02","2026-05-08 17:32:02","2026-05-09 01:02:08","X202605000617776","Y",""
"XDIST202605080004993592","엑셀수기배분","50190","아트몰링하단(대-위)","위탁","25S","DMPT7E053","OLD","30","출고완료","1","1","0","1","김주형(RLAWNGUD14)","2026-05-08","2026-05-08","2026-05-08 17:33:10","2026-05-08 17:33:10","2026-05-08 17:33:10","2026-05-09 01:02:03","X202605000617777","Y",""
"XDIST202605080004993592","엑셀수기배분","50190","아트몰링하단(대-위)","위탁","25S","DWPT74053","BKS","25","출고완료","1","1","0","1","김주형(RLAWNGUD14)","2026-05-08","2026-05-08","2026-05-08 17:33:10","2026-05-08 17:33:10","2026-05-08 17:33:10","2026-05-09 01:02:06","X202605000617777","Y",""
"XDIST202605080004993592","엑셀수기배분","50190","아트몰링하단(대-위)","위탁","25S","DWPT74053","BKS","26","출고완료","1","1","0","1","김주형(RLAWNGUD14)","2026-05-08","2026-05-08","2026-05-08 17:33:10","2026-05-08 17:33:10","2026-05-08 17:33:10","2026-05-09 01:02:02","X202605000617777","Y",""
"XDIST202605080004993592","엑셀수기배분","50190","아트몰링하단(대-위)","위탁","25S","DMRS6A053","BKS","105","출고완료","2","2","0","2","김주형(RLAWNGUD14)","2026-05-08","2026-05-08","2026-05-08 17:33:10","2026-05-08 17:33:10","2026-05-08 17:33:10","2026-05-09 01:02:03","X202605000617778","Y",""
"XDIST202605080004993592","엑셀수기배분","50190","아트몰링하단(대-위)","위탁","25S","DWRS9P053","NYD","95","출고완료","1","1","0","1","김주형(RLAWNGUD14)","2026-05-08","2026-05-08","2026-05-08 17:33:10","2026-05-08 17:33:10","2026-05-08 17:33:10","2026-05-09 01:02:02","X202605000617778","Y",""
"XDIST202605080004993592","엑셀수기배분","50190","아트몰링하단(대-위)","위탁","25S","DXRS8T053","KAD","95","출고완료","1","1","0","1","김주형(RLAWNGUD14)","2026-05-08","2026-05-08","2026-05-08 17:33:10","2026-05-08 17:33:10","2026-05-08 17:33:10","2026-05-09 01:02:03","X202605000617778","Y",""
"XDIST202605080004993592","엑셀수기배분","50190","아트몰링하단(대-위)","위탁","25S","DXRS8T053","KAD","100","출고완료","1","1","0","1","김주형(RLAWNGUD14)","2026-05-08","2026-05-08","2026-05-08 17:33:10","2026-05-08 17:33:10","2026-05-08 17:33:10","2026-05-09 01:02:07","X202605000617778","Y",""
"XDIST202605080004993592","엑셀수기배분","50190","아트몰링하단(대-위)","위탁","25S","DXRS8T053","WHS","90","출고완료","1","1","0","1","김주형(RLAWNGUD14)","2026-05-08","2026-05-08","2026-05-08 17:33:10","2026-05-08 17:33:10","2026-05-08 17:33:10","2026-05-09 01:01:56","X202605000617778","Y",""
"XDIST202605080004993592","엑셀수기배분","50190","아트몰링하단(대-위)","위탁","25S","DXRS8T053","WHS","110","출고완료","1","1","0","1","김주형(RLAWNGUD14)","2026-05-08","2026-05-08","2026-05-08 17:33:10","2026-05-08 17:33:10","2026-05-08 17:33:10","2026-05-09 01:02:07","X202605000617778","Y",""
"XDIST202605080004993592","엑셀수기배분","50190","아트몰링하단(대-위)","위탁","25S","DMSP61053","DGS","30","출고완료","1","1","0","1","김주형(RLAWNGUD14)","2026-05-08","2026-05-08","2026-05-08 17:33:10","2026-05-08 17:33:10","2026-05-08 17:33:10","2026-05-09 01:02:07","X202605000617780","Y",""
"XDIST202605080004993592","엑셀수기배분","50190","아트몰링하단(대-위)","위탁","25S","DMSP7C053","BGD","28","출고완료","1","1","0","1","김주형(RLAWNGUD14)","2026-05-08","2026-05-08","2026-05-08 17:33:10","2026-05-08 17:33:10","2026-05-08 17:33:10","2026-05-09 01:02:07","X202605000617780","Y",""
"XDIST202605080004993592","엑셀수기배분","50190","아트몰링하단(대-위)","위탁","25S","DMSP7C053","BKS","32","출고완료","1","1","0","1","김주형(RLAWNGUD14)","2026-05-08","2026-05-08","2026-05-08 17:33:10","2026-05-08 17:33:10","2026-05-08 17:33:10","2026-05-09 01:02:07","X202605000617780","Y",""
"XDIST202605080004993592","엑셀수기배분","50190","아트몰링하단(대-위)","위탁","25S","DMSP7C053","GRD","30","출고완료","1","1","0","1","김주형(RLAWNGUD14)","2026-05-08","2026-05-08","2026-05-08 17:33:10","2026-05-08 17:33:10","2026-05-08 17:33:10","2026-05-09 01:02:07","X202605000617780","Y",""
"XDIST202605080004993592","엑셀수기배분","50190","아트몰링하단(대-위)","위탁","25S","DMSP7C053","KAL","32","출고완료","1","1","0","1","김주형(RLAWNGUD14)","2026-05-08","2026-05-08","2026-05-08 17:33:10","2026-05-08 17:33:10","2026-05-08 17:33:10","2026-05-09 01:02:02","X202605000617780","Y",""
"XDIST202605080004993592","엑셀수기배분","50190","아트몰링하단(대-위)","위탁","25S","DMSW63053","DGS","105","출고완료","1","1","0","1","김주형(RLAWNGUD14)","2026-05-08","2026-05-08","2026-05-08 17:33:11","2026-05-08 17:33:11","2026-05-08 17:33:11","2026-05-09 01:02:09","X202605000617781","Y",""
"XDIST202605080004993592","엑셀수기배분","50190","아트몰링하단(대-위)","위탁","25S","DMSW63053","WHS","95","출고완료","1","1","0","1","김주형(RLAWNGUD14)","2026-05-08","2026-05-08","2026-05-08 17:33:11","2026-05-08 17:33:11","2026-05-08 17:33:11","2026-05-09 01:02:09","X202605000617781","Y",""
"XDIST202605080004993592","엑셀수기배분","50190","아트몰링하단(대-위)","위탁","25S","DMSW77053","OLD","100","출고완료","1","1","0","1","김주형(RLAWNGUD14)","2026-05-08","2026-05-08","2026-05-08 17:33:11","2026-05-08 17:33:11","2026-05-08 17:33:11","2026-05-09 01:02:03","X202605000617781","Y",""
"XDIST202605080004993592","엑셀수기배분","50190","아트몰링하단(대-위)","위탁","25S","DMSW77053","OLD","105","출고완료","1","1","0","1","김주형(RLAWNGUD14)","2026-05-08","2026-05-08","2026-05-08 17:33:11","2026-05-08 17:33:11","2026-05-08 17:33:11","2026-05-09 01:02:03","X202605000617781","Y",""
"XDIST202605080004993592","엑셀수기배분","50190","아트몰링하단(대-위)","위탁","25S","DWSW92053","NYP","90","출고완료","1","1","0","1","김주형(RLAWNGUD14)","2026-05-08","2026-05-08","2026-05-08 17:33:11","2026-05-08 17:33:11","2026-05-08 17:33:11","2026-05-09 01:02:07","X202605000617781","Y",""
"XDIST202605080004993592","엑셀수기배분","50190","아트몰링하단(대-위)","위탁","25S","DMTB65053","OLS","34","출고완료","1","1","0","1","김주형(RLAWNGUD14)","2026-05-08","2026-05-08","2026-05-08 17:33:11","2026-05-08 17:33:11","2026-05-08 17:33:11","2026-05-09 01:02:09","X202605000617782","Y",""
"XDIST202605080004993592","엑셀수기배분","50190","아트몰링하단(대-위)","위탁","25S","DMTP73053","BKS","30","출고완료","2","2","0","2","김주형(RLAWNGUD14)","2026-05-08","2026-05-08","2026-05-08 17:33:11","2026-05-08 17:33:11","2026-05-08 17:33:11","2026-05-09 01:02:02","X202605000617783","Y",""
"XDIST202605080004993592","엑셀수기배분","50190","아트몰링하단(대-위)","위탁","25S","DMTP73053","BKS","34","출고완료","2","2","0","2","김주형(RLAWNGUD14)","2026-05-08","2026-05-08","2026-05-08 17:33:11","2026-05-08 17:33:11","2026-05-08 17:33:11","2026-05-09 01:02:03","X202605000617783","Y",""
"XDIST202605080004993592","엑셀수기배분","50190","아트몰링하단(대-위)","위탁","25S","DMTR75053","BKS","105","출고완료","1","1","0","1","김주형(RLAWNGUD14)","2026-05-08","2026-05-08","2026-05-08 17:33:11","2026-05-08 17:33:11","2026-05-08 17:33:11","2026-05-09 01:02:09","X202605000617784","Y",""
"XDIST202605080004993592","엑셀수기배분","50190","아트몰링하단(대-위)","위탁","25S","DMTR75053","NBD","95","출고완료","1","1","0","1","김주형(RLAWNGUD14)","2026-05-08","2026-05-08","2026-05-08 17:33:11","2026-05-08 17:33:11","2026-05-08 17:33:11","2026-05-09 01:02:03","X202605000617784","Y",""
"XDIST202605080004993592","엑셀수기배분","50190","아트몰링하단(대-위)","위탁","25S","DWWJ91053","ORD","90","출고완료","1","1","0","1","김주형(RLAWNGUD14)","2026-05-08","2026-05-08","2026-05-08 17:33:11","2026-05-08 17:33:11","2026-05-08 17:33:11","2026-05-09 01:02:02","X202605000617786","Y",""
"XDIST202605080004993592","엑셀수기배분","50190","아트몰링하단(대-위)","위탁","25S","DWLG91053","GRS","L","출고완료","1","1","0","1","김주형(RLAWNGUD14)","2026-05-08","2026-05-08","2026-05-08 17:33:11","2026-05-08 17:33:11","2026-05-08 17:33:11","2026-05-09 01:02:06","X202605000617787","Y",""
"XDIST202605080004993592","엑셀수기배분","50190","아트몰링하단(대-위)","위탁","25S","DWLG9A053","BKS","S","출고완료","1","1","0","1","김주형(RLAWNGUD14)","2026-05-08","2026-05-08","2026-05-08 17:33:11","2026-05-08 17:33:11","2026-05-08 17:33:11","2026-05-09 01:02:06","X202605000617787","Y",""
"XDIST202605080004993592","엑셀수기배분","50190","아트몰링하단(대-위)","위탁","25S","DWLG9A053","BKS","L","출고완료","1","1","0","1","김주형(RLAWNGUD14)","2026-05-08","2026-05-08","2026-05-08 17:33:11","2026-05-08 17:33:11","2026-05-08 17:33:11","2026-05-09 01:02:07","X202605000617787","Y",""
"XDIST202605080004993592","엑셀수기배분","50190","아트몰링하단(대-위)","위탁","25S","DWLG9C053","BKS","M","출고완료","1","1","0","1","김주형(RLAWNGUD14)","2026-05-08","2026-05-08","2026-05-08 17:33:11","2026-05-08 17:33:11","2026-05-08 17:33:11","2026-05-09 01:02:06","X202605000617787","Y",""
"XDIST202605080004993592","엑셀수기배분","50190","아트몰링하단(대-위)","위탁","25S","DWSK91053","DGS","27","출고완료","1","1","0","1","김주형(RLAWNGUD14)","2026-05-08","2026-05-08","2026-05-08 17:33:11","2026-05-08 17:33:11","2026-05-08 17:33:11","2026-05-09 01:02:09","X202605000617788","Y",""
"XDIST202605080004993592","엑셀수기배분","50190","아트몰링하단(대-위)","위탁","25S","DWSK91053","KAL","25","출고완료","1","1","0","1","김주형(RLAWNGUD14)","2026-05-08","2026-05-08","2026-05-08 17:33:11","2026-05-08 17:33:11","2026-05-08 17:33:11","2026-05-09 01:02:03","X202605000617788","Y",""
"XDIST202605070004991639","MD요청-상품","10043","롯데울산","위탁","25N","DXCP5015N","ORS","56","출고완료","1","1","0","1","장윤희(YHJANG)","2026-05-07","2026-05-08","2026-05-08 17:49:03","2026-05-08 17:49:03","2026-05-08 17:49:03","2026-05-09 01:01:40","X202605000556335","Y",""
"XDIST202605070004991639","MD요청-상품","10055","신세계광주","위탁","25N","DXCP5015N","ORS","58","출고완료","1","1","0","1","장윤희(YHJANG)","2026-05-07","2026-05-08","2026-05-08 17:33:04","2026-05-08 17:33:04","2026-05-08 17:33:04","2026-05-09 01:02:15","X202605000556350","Y",""
"XDIST202605060004973614","MD요청-상품","31005","강남사옥(직)","위탁","26S","DXTR7C063","BKS","95","출고완료","1","1","0","1","권현정(KHJEONG)","2026-05-06","2026-05-06","2026-05-06 17:31:05","2026-05-06 17:31:05","2026-05-06 17:31:05","2026-05-07 09:03:00","X202605000364329","Y",""
"XDIST202605070004984929","MD요청-상품","50041","홍성점(대-위)","위탁","26S","DKAZ22063","WHS","140","출고완료","1","1","0","1","김소진(SOJIN1027)","2026-05-07","2026-05-07","2026-05-07 16:54:08","2026-05-07 16:54:08","2026-05-07 16:54:08","2026-05-08 01:02:31","X202605000487175","Y",""
"XDIST202605070004984929","MD요청-상품","50162","영주(대-위)","위탁","26S","DKAZ22063","WHS","130","출고완료","1","1","0","1","김소진(SOJIN1027)","2026-05-07","2026-05-07","2026-05-07 16:54:08","2026-05-07 16:54:08","2026-05-07 16:54:08","2026-05-08 01:02:43","X202605000487176","Y",""
"XDIST202605070004984929","MD요청-상품","50120","춘천(대-위)","위탁","26S","DKAZ22063","WHS","150","출고완료","1","1","0","1","김소진(SOJIN1027)","2026-05-07","2026-05-07","2026-05-07 17:07:08","2026-05-07 17:07:08","2026-05-07 17:07:08","2026-05-08 01:02:24","X202605000487177","Y",""
"XDIST202605070004984929","MD요청-상품","50001","목포하당(대-위)","위탁","26S","DKAZ22063","WHS","150","출고완료","1","1","0","1","김소진(SOJIN1027)","2026-05-07","2026-05-07","2026-05-07 16:54:08","2026-05-07 16:54:08","2026-05-07 16:54:08","2026-05-08 01:02:21","X202605000487180","Y",""
"XDIST202605070004984929","MD요청-상품","50168","모다김제(대-위)","위탁","26S","DKAZ22063","WHS","150","출고완료","1","1","0","1","김소진(SOJIN1027)","2026-05-07","2026-05-07","2026-05-07 16:54:08","2026-05-07 16:54:08","2026-05-07 16:54:08","2026-05-08 01:02:27","X202605000487182","Y",""
"XDIST202605070004984929","MD요청-상품","50005","여수(대-위)","위탁","26S","DKAZ22063","WHS","150","출고완료","1","1","0","1","김소진(SOJIN1027)","2026-05-07","2026-05-07","2026-05-07 17:07:08","2026-05-07 17:07:08","2026-05-07 17:07:08","2026-05-08 01:02:32","X202605000487187","Y",""
"XDIST202605070004984929","MD요청-상품","50204","인천만수(대-위)","위탁","26S","DKAZ22063","WHS","140","출고완료","1","1","0","1","김소진(SOJIN1027)","2026-05-07","2026-05-07","2026-05-07 17:07:08","2026-05-07 17:07:08","2026-05-07 17:07:08","2026-05-08 01:04:32","X202605000487189","Y",""
"XDIST202605070004984929","MD요청-상품","31005","강남사옥(직)","위탁","26S","DKAZ22063","WHS","150","출고완료","1","1","0","1","김소진(SOJIN1027)","2026-05-07","2026-05-07","2026-05-07 16:54:08","2026-05-07 16:54:08","2026-05-07 16:54:08","2026-05-08 09:13:00","X202605000487191","Y",""
"XDIST202605070004984929","MD요청-상품","50207","전주평화점(대-위)","위탁","26S","DKAZ22063","WHS","140","출고완료","1","1","0","1","김소진(SOJIN1027)","2026-05-07","2026-05-07","2026-05-07 17:07:08","2026-05-07 17:07:08","2026-05-07 17:07:08","2026-05-08 01:02:57","X202605000487192","Y",""
"XDIST202605070004984929","MD요청-상품","10039","AK원주","위탁","26S","DKAZ22063","WHS","150","출고완료","1","1","0","1","김소진(SOJIN1027)","2026-05-07","2026-05-07","2026-05-07 17:08:01","2026-05-07 17:08:01","2026-05-07 17:08:01","2026-05-08 01:02:55","X202605000487194","Y",""
"XDIST202605070004984929","MD요청-상품","50134","광명점(대-위)","위탁","26S","DKAZ22063","WHS","130","출고완료","1","1","0","1","김소진(SOJIN1027)","2026-05-07","2026-05-07","2026-05-07 16:54:08","2026-05-07 16:54:08","2026-05-07 16:54:08","2026-05-08 01:04:23","X202605000487200","Y",""
"XDIST202605070004984929","MD요청-상품","11003","K_롯데평촌","위탁","26S","DKAZ22063","WHS","150","출고완료","1","1","0","1","김소진(SOJIN1027)","2026-05-07","2026-05-07","2026-05-07 17:07:08","2026-05-07 17:07:08","2026-05-07 17:07:08","2026-05-08 01:03:30","X202605000487206","Y",""
"XDIST202605070004984929","MD요청-상품","50181","경산(대-위)","위탁","26S","DKAZ22063","WHS","140","출고완료","1","1","0","1","김소진(SOJIN1027)","2026-05-07","2026-05-07","2026-05-07 16:54:08","2026-05-07 16:54:08","2026-05-07 16:54:08","2026-05-08 01:02:15","X202605000487211","Y",""
"XDIST202605070004984929","MD요청-상품","50063","스퀘어원(대-위)","위탁","26S","DKAZ22063","WHS","140","출고완료","1","1","0","1","김소진(SOJIN1027)","2026-05-07","2026-05-07","2026-05-07 16:54:08","2026-05-07 16:54:08","2026-05-07 16:54:08","2026-05-08 01:04:24","X202605000487213","Y",""
"XDIST202605070004984929","MD요청-상품","50023","순천연향(대-위)","위탁","26S","DKAZ22063","WHS","150","출고완료","1","1","0","1","김소진(SOJIN1027)","2026-05-07","2026-05-07","2026-05-07 17:07:08","2026-05-07 17:07:08","2026-05-07 17:07:08","2026-05-08 01:02:13","X202605000487220","Y",""
"XDIST202605070004984929","MD요청-상품","50187","인천계산(대-위)","위탁","26S","DKAZ22063","WHS","130","출고완료","1","1","0","1","김소진(SOJIN1027)","2026-05-07","2026-05-07","2026-05-07 16:54:08","2026-05-07 16:54:08","2026-05-07 16:54:08","2026-05-08 01:02:25","X202605000487221","Y",""
"XDIST202605070004984929","MD요청-상품","50101","김포(대-위)","위탁","26S","DKAZ22063","WHS","140","출고완료","1","1","0","1","김소진(SOJIN1027)","2026-05-07","2026-05-07","2026-05-07 17:07:08","2026-05-07 17:07:08","2026-05-07 17:07:08","2026-05-08 01:02:22","X202605000487227","Y",""
"XDIST202605070004984929","MD요청-상품","11012","K_롯데인천","위탁","26S","DKAZ22063","WHS","140","출고완료","1","1","0","1","김소진(SOJIN1027)","2026-05-07","2026-05-07","2026-05-07 17:08:01","2026-05-07 17:08:01","2026-05-07 17:08:01","2026-05-08 01:04:30","X202605000487232","Y",""
"XDIST202605070004984929","MD요청-상품","50106","세정광주(대-위)","위탁","26S","DKAZ22063","WHS","140","출고완료","1","1","0","1","김소진(SOJIN1027)","2026-05-07","2026-05-07","2026-05-07 16:54:08","2026-05-07 16:54:08","2026-05-07 16:54:08","2026-05-08 01:02:47","X202605000487233","Y",""
"XDIST202605070004984929","MD요청-상품","50191","타임테라스동탄(대-위)","위탁","26S","DKAZ22063","WHS","130","출고완료","1","1","0","1","김소진(SOJIN1027)","2026-05-07","2026-05-07","2026-05-07 17:07:08","2026-05-07 17:07:08","2026-05-07 17:07:08","2026-05-08 01:02:54","X202605000487240","Y",""
"XDIST202605070004984929","MD요청-상품","50117","아이즈빌부평(대-위)","위탁","26S","DKAZ22063","WHS","130","출고완료","1","1","0","1","김소진(SOJIN1027)","2026-05-07","2026-05-07","2026-05-07 16:54:08","2026-05-07 16:54:08","2026-05-07 16:54:08","2026-05-08 01:03:57","X202605000487253","Y",""
"XDIST202605070004984929","MD요청-상품","50116","오산(대-위)","위탁","26S","DKAZ22063","WHS","130","출고완료","1","1","0","1","김소진(SOJIN1027)","2026-05-07","2026-05-07","2026-05-07 17:08:01","2026-05-07 17:08:01","2026-05-07 17:08:01","2026-05-08 01:02:33","X202605000487254","Y",""
"XDIST202605060004974215","MD요청-상품","50130","NC야탑(대-위)","위탁","26S","DWRS97063","PCL","95","출고완료","1","1","0","1","권현정(KHJEONG)","2026-05-06","2026-05-06","2026-05-06 17:30:17","2026-05-06 17:30:17","2026-05-06 17:30:17","2026-05-07 01:05:15","X202605000364937","Y",""
"XDIST202605080004993351","엑셀수기배분","50047","순천중앙(대-위)","위탁","26S","DKRS61063","EGS","130","출고완료","1","1","0","1","김소진(SOJIN1027)","2026-05-08","2026-05-08","2026-05-08 17:32:01","2026-05-08 17:32:01","2026-05-08 17:32:01","2026-05-09 01:02:30","X202605000616165","Y",""
"XDIST202605060004974216","MD요청-상품","50180","동광양(대-위)","위탁","26S","DWRS8J063","IVS","95","출고완료","1","1","0","1","권현정(KHJEONG)","2026-05-06","2026-05-06","2026-05-06 17:30:17","2026-05-06 17:30:17","2026-05-06 17:30:17","2026-05-07 01:04:28","X202605000364950","Y",""
"XDIST202605060004974216","MD요청-상품","50182","금왕(대-위)","위탁","26S","DWRS8J063","IVS","95","출고완료","1","1","0","1","권현정(KHJEONG)","2026-05-06","2026-05-06","2026-05-06 17:31:05","2026-05-06 17:31:05","2026-05-06 17:31:05","2026-05-07 01:04:23","X202605000364951","Y",""
"XDIST202605060004974216","MD요청-상품","31006","명동점(직)","위탁","26S","DWRS8J063","IVS","95","출고완료","1","1","0","1","권현정(KHJEONG)","2026-05-06","2026-05-06","2026-05-06 17:30:17","2026-05-06 17:30:17","2026-05-06 17:30:17","2026-05-07 11:53:08","X202605000364968","Y",""
"XDIST202605060004974216","MD요청-상품","10026","롯데김포","위탁","26S","DWRS8J063","IVS","95","출고완료","1","1","0","1","권현정(KHJEONG)","2026-05-06","2026-05-06","2026-05-06 17:27:04","2026-05-06 17:27:04","2026-05-06 17:27:04","2026-05-07 01:04:52","X202605000364969","Y",""
"XDIST202605060004974216","MD요청-상품","10048","아이파크용산","위탁","26S","DWRS8J063","IVS","95","출고완료","1","1","0","1","권현정(KHJEONG)","2026-05-06","2026-05-06","2026-05-06 17:26:09","2026-05-06 17:26:09","2026-05-06 17:26:09","2026-05-07 01:05:01","X202605000364970","Y",""
"XDIST202605070004990843","MD요청-상품","50006","제주(대-위)","위탁","25N","DXCP5015N","BES","58","출고완료","2","2","0","2","장윤희(YHJANG)","2026-05-07","2026-05-08","2026-05-08 17:33:03","2026-05-08 17:33:03","2026-05-08 17:33:03","2026-05-09 01:01:50","X202605000553219","Y",""
"XDIST202605070004990843","MD요청-상품","50118","서산(대-위)","위탁","25N","DXCP5015N","BES","56","출고완료","2","2","0","2","장윤희(YHJANG)","2026-05-07","2026-05-08","2026-05-08 17:49:03","2026-05-08 17:49:03","2026-05-08 17:49:03","2026-05-09 01:01:35","X202605000553223","Y",""
"XDIST202605080004995773","엑셀수기배분","90019","EC-온라인물류","위탁","25F","DMDJ5K056","BKS","105","출고완료","10","10","0","10","허새흰(HEEN1)","2026-05-08","2026-05-08","2026-05-08 15:39:00","2026-05-08 15:39:00","2026-05-08 15:39:00","2026-05-09 01:01:17","X202605000653138","Y",""
"XDIST202605080004995773","엑셀수기배분","90019","EC-온라인물류","위탁","25F","DMDJ67056","BKS","90","출고완료","5","5","0","5","허새흰(HEEN1)","2026-05-08","2026-05-08","2026-05-08 15:39:00","2026-05-08 15:39:00","2026-05-08 15:39:00","2026-05-09 01:01:19","X202605000653138","Y",""
"XDIST202605080004995773","엑셀수기배분","90019","EC-온라인물류","위탁","25F","DWDJ62056","GRL","100","출고완료","5","5","0","5","허새흰(HEEN1)","2026-05-08","2026-05-08","2026-05-08 15:39:00","2026-05-08 15:39:00","2026-05-08 15:39:00","2026-05-09 01:01:30","X202605000653138","Y",""
"XDIST202605080004995773","엑셀수기배분","90019","EC-온라인물류","위탁","25F","DWDJ64056","BKS","95","출고완료","5","5","0","5","허새흰(HEEN1)","2026-05-08","2026-05-08","2026-05-08 15:39:00","2026-05-08 15:39:00","2026-05-08 15:39:00","2026-05-09 01:01:30","X202605000653138","Y",""
"XDIST202605080004995773","엑셀수기배분","90019","EC-온라인물류","위탁","25F","DWDJ68056","BKS","100","출고완료","5","5","0","5","허새흰(HEEN1)","2026-05-08","2026-05-08","2026-05-08 15:39:00","2026-05-08 15:39:00","2026-05-08 15:39:00","2026-05-09 01:01:20","X202605000653138","Y",""
"XDIST202605080004995773","엑셀수기배분","90019","EC-온라인물류","위탁","25F","DWDJ68056","DKS","100","출고완료","5","5","0","5","허새흰(HEEN1)","2026-05-08","2026-05-08","2026-05-08 15:39:00","2026-05-08 15:39:00","2026-05-08 15:39:00","2026-05-09 01:01:33","X202605000653138","Y",""
"XDIST202605080004995773","엑셀수기배분","90019","EC-온라인물류","위탁","25F","DWDJ68056","CRS","90","출고완료","2","2","0","2","허새흰(HEEN1)","2026-05-08","2026-05-08","2026-05-08 15:39:00","2026-05-08 15:39:00","2026-05-08 15:39:00","2026-05-09 01:01:30","X202605000653138","Y",""
"XDIST202605080004995773","엑셀수기배분","90019","EC-온라인물류","위탁","25F","DWDJ68056","BKS","105","출고완료","5","5","0","5","허새흰(HEEN1)","2026-05-08","2026-05-08","2026-05-08 15:39:00","2026-05-08 15:39:00","2026-05-08 15:39:00","2026-05-09 01:01:19","X202605000653138","Y",""
"XDIST202605080004995773","엑셀수기배분","90019","EC-온라인물류","위탁","25F","DWDJ8D056","BKN","100","출고완료","5","5","0","5","허새흰(HEEN1)","2026-05-08","2026-05-08","2026-05-08 15:39:00","2026-05-08 15:39:00","2026-05-08 15:39:00","2026-05-09 01:01:26","X202605000653138","Y",""
"XDIST202605080004995773","엑셀수기배분","90019","EC-온라인물류","위탁","25F","DWDJ94056","CRN","95","출고완료","5","5","0","5","허새흰(HEEN1)","2026-05-08","2026-05-08","2026-05-08 15:39:00","2026-05-08 15:39:00","2026-05-08 15:39:00","2026-05-09 01:01:33","X202605000653138","Y",""
"XDIST202605080004995773","엑셀수기배분","90019","EC-온라인물류","위탁","25F","DKDJ80056","BES","160","출고완료","5","5","0","5","허새흰(HEEN1)","2026-05-08","2026-05-08","2026-05-08 15:39:01","2026-05-08 15:39:01","2026-05-08 15:39:01","2026-05-09 01:01:30","X202605000653139","Y",""
"XDIST202605080004995773","엑셀수기배분","90019","EC-온라인물류","위탁","25F","DKDJ80056","BKS","150","출고완료","5","5","0","5","허새흰(HEEN1)","2026-05-08","2026-05-08","2026-05-08 15:39:01","2026-05-08 15:39:01","2026-05-08 15:39:01","2026-05-09 01:01:30","X202605000653139","Y",""
"XDIST202605080004995773","엑셀수기배분","90019","EC-온라인물류","위탁","25F","DKDJ54056","ORL","130","출고완료","5","5","0","5","허새흰(HEEN1)","2026-05-08","2026-05-08","2026-05-08 15:39:01","2026-05-08 15:39:01","2026-05-08 15:39:01","2026-05-09 01:01:33","X202605000653139","Y",""
"XDIST202605080004995773","엑셀수기배분","90019","EC-온라인물류","위탁","25F","DKDJ54056","BKS","160","출고완료","5","5","0","5","허새흰(HEEN1)","2026-05-08","2026-05-08","2026-05-08 15:39:01","2026-05-08 15:39:01","2026-05-08 15:39:01","2026-05-09 01:01:32","X202605000653139","Y",""
"XDIST202605080004995773","엑셀수기배분","90019","EC-온라인물류","위탁","25F","DKDJ54056","BGS","150","출고완료","5","5","0","5","허새흰(HEEN1)","2026-05-08","2026-05-08","2026-05-08 15:39:01","2026-05-08 15:39:01","2026-05-08 15:39:01","2026-05-09 01:01:33","X202605000653139","Y",""
"XDIST202605080004995773","엑셀수기배분","90019","EC-온라인물류","위탁","25F","DKDJ54056","GRL","150","출고완료","5","5","0","5","허새흰(HEEN1)","2026-05-08","2026-05-08","2026-05-08 15:39:01","2026-05-08 15:39:01","2026-05-08 15:39:01","2026-05-09 01:01:33","X202605000653139","Y",""
"XDIST202605080004995773","엑셀수기배분","90019","EC-온라인물류","위탁","25F","DKDJ61056","CRS","130","출고완료","5","5","0","5","허새흰(HEEN1)","2026-05-08","2026-05-08","2026-05-08 15:39:01","2026-05-08 15:39:01","2026-05-08 15:39:01","2026-05-09 01:01:26","X202605000653139","Y",""
"XDIST202605080004995773","엑셀수기배분","90019","EC-온라인물류","위탁","25F","DKDJ61056","GRD","140","출고완료","5","5","0","5","허새흰(HEEN1)","2026-05-08","2026-05-08","2026-05-08 15:39:01","2026-05-08 15:39:01","2026-05-08 15:39:01","2026-05-09 01:01:31","X202605000653139","Y",""
"XDIST202605080004995773","엑셀수기배분","90019","EC-온라인물류","위탁","25F","DKDJ61056","GRD","160","출고완료","5","5","0","5","허새흰(HEEN1)","2026-05-08","2026-05-08","2026-05-08 15:39:01","2026-05-08 15:39:01","2026-05-08 15:39:01","2026-05-09 01:01:31","X202605000653139","Y",""
"XDIST202605080004995773","엑셀수기배분","90019","EC-온라인물류","위탁","25F","DKDJ61056","BGL","150","출고완료","5","5","0","5","허새흰(HEEN1)","2026-05-08","2026-05-08","2026-05-08 15:39:01","2026-05-08 15:39:01","2026-05-08 15:39:01","2026-05-09 01:01:31","X202605000653139","Y",""
"XDIST202605080004995773","엑셀수기배분","90019","EC-온라인물류","위탁","25F","DKDJ73056","LVS","150","출고완료","5","5","0","5","허새흰(HEEN1)","2026-05-08","2026-05-08","2026-05-08 15:39:01","2026-05-08 15:39:01","2026-05-08 15:39:01","2026-05-09 01:01:30","X202605000653139","Y",""
"XDIST202605080004995773","엑셀수기배분","90019","EC-온라인물류","위탁","25F","DWDJ8D056","OLL","100","출고완료","5","5","0","5","허새흰(HEEN1)","2026-05-08","2026-05-08","2026-05-08 15:39:01","2026-05-08 15:39:01","2026-05-08 15:39:01","2026-05-09 01:01:18","X202605000653140","Y",""
"XDIST202605080004995773","엑셀수기배분","90019","EC-온라인물류","위탁","25F","DWDJ8D056","BKN","85","출고완료","5","5","0","5","허새흰(HEEN1)","2026-05-08","2026-05-08","2026-05-08 15:39:01","2026-05-08 15:39:01","2026-05-08 15:39:01","2026-05-09 01:01:19","X202605000653140","Y",""
"XDIST202605060004973820","MD요청-상품","50131","시화(대-위)","위탁","26S","DXRS5G063","PCS","90","출고완료","1","1","0","1","권현정(KHJEONG)","2026-05-06","2026-05-06","2026-05-06 17:31:05","2026-05-06 17:31:05","2026-05-06 17:31:05","2026-05-07 01:03:58","X202605000364535","Y",""
"XDIST202605070004991689","MD요청-상품","50047","순천중앙(대-위)","위탁","25N","DXCP6015N","BKS","58","출고완료","4","4","0","4","장윤희(YHJANG)","2026-05-07","2026-05-08","2026-05-08 17:33:04","2026-05-08 17:33:04","2026-05-08 17:33:04","2026-05-09 01:02:30","X202605000556472","Y",""
"XDIST202605080004995807","MD요청-매장","90019","EC-온라인물류","위탁","25N","DKSH7245N","ZBS","220","출고완료","5","5","0","5","안소현(ANNA77)","2026-05-08","2026-05-08","2026-05-08 17:46:02","2026-05-08 17:46:02","2026-05-08 17:46:02","2026-05-09 01:03:53","X202605000655056","Y",""
"XDIST202605060004974122","MD요청-상품","50160","정읍(대-위)","위탁","26S","DWRS97063","DGS","95","출고완료","1","1","0","1","권현정(KHJEONG)","2026-05-06","2026-05-06","2026-05-06 17:31:05","2026-05-06 17:31:05","2026-05-06 17:31:05","2026-05-07 01:03:10","X202605000364833","Y",""
"XDIST202605060004974122","MD요청-상품","10097","신세계대전","위탁","26S","DWRS97063","DGS","95","출고완료","1","1","0","1","권현정(KHJEONG)","2026-05-06","2026-05-06","2026-05-06 17:30:17","2026-05-06 17:30:17","2026-05-06 17:30:17","2026-05-07 01:03:34","X202605000364845","Y",""
"XDIST202605060004974122","MD요청-상품","50116","오산(대-위)","위탁","26S","DWRS97063","DGS","90","출고완료","1","1","0","1","권현정(KHJEONG)","2026-05-06","2026-05-06","2026-05-06 17:26:09","2026-05-06 17:26:09","2026-05-06 17:26:09","2026-05-07 01:04:20","X202605000364848","Y",""
"XDIST202605070004989147","엑셀수기배분","90019","EC-온라인물류","위탁","26S","DWSB93063","BKS","L","출고완료","10","10","0","10","박정민(PJM1003)","2026-05-07","2026-05-08","2026-05-08 17:49:01","2026-05-08 17:49:01","2026-05-08 17:49:01","2026-05-09 01:03:52","X202605000547520","Y",""
"XDIST202605070004989147","엑셀수기배분","90019","EC-온라인물류","위탁","26S","DWSB93063","BKS","S","출고완료","10","10","0","10","박정민(PJM1003)","2026-05-07","2026-05-08","2026-05-08 17:49:01","2026-05-08 17:49:01","2026-05-08 17:49:01","2026-05-09 01:03:52","X202605000547520","Y",""
"XDIST202605070004989147","엑셀수기배분","90019","EC-온라인물류","위탁","26S","DWSB93063","WHS","L","출고완료","10","10","0","10","박정민(PJM1003)","2026-05-07","2026-05-08","2026-05-08 17:49:01","2026-05-08 17:49:01","2026-05-08 17:49:01","2026-05-09 01:03:52","X202605000547520","Y",""
"XDIST202605070004989147","엑셀수기배분","90019","EC-온라인물류","위탁","26S","DWSB93063","WHS","S","출고완료","10","10","0","10","박정민(PJM1003)","2026-05-07","2026-05-08","2026-05-08 17:49:01","2026-05-08 17:49:01","2026-05-08 17:49:01","2026-05-09 01:03:52","X202605000547520","Y",""
"XDIST202605060004974319","MD요청-상품","30050","타임스트림신림(직)","위탁","26S","DWRS9N063","LDL","90","출고완료","1","1","0","1","권현정(KHJEONG)","2026-05-06","2026-05-06","2026-05-06 17:31:06","2026-05-06 17:31:06","2026-05-06 17:31:06","2026-05-07 01:03:37","X202605000365178","Y",""
"XDIST202605060004979832","엑셀수기배분","30051","신세계아울렛여주(직)","위탁","24S","DMPT57043","GRL","30","출고완료","5","5","0","5","이훈희(LEEHH1149)","2026-05-06","2026-05-07","2026-05-07 16:51:01","2026-05-07 16:51:01","2026-05-07 16:51:01","2026-05-08 01:03:04","X202605000385216","Y",""
"XDIST202605060004979832","엑셀수기배분","30051","신세계아울렛여주(직)","위탁","24S","DMPT57043","NBD","30","출고완료","5","5","0","5","이훈희(LEEHH1149)","2026-05-06","2026-05-07","2026-05-07 16:51:01","2026-05-07 16:51:01","2026-05-07 16:51:01","2026-05-08 01:03:04","X202605000385216","Y",""
"XDIST202605060004979832","엑셀수기배분","30051","신세계아울렛여주(직)","위탁","24S","DMPT7C043","BKS","34","출고완료","5","5","0","5","이훈희(LEEHH1149)","2026-05-06","2026-05-07","2026-05-07 16:51:01","2026-05-07 16:51:01","2026-05-07 16:51:01","2026-05-08 01:03:06","X202605000385216","Y",""
"XDIST202605060004979832","엑셀수기배분","30051","신세계아울렛여주(직)","위탁","24S","DMPT7C043","NBD","30","출고완료","5","5","0","5","이훈희(LEEHH1149)","2026-05-06","2026-05-07","2026-05-07 16:51:01","2026-05-07 16:51:01","2026-05-07 16:51:01","2026-05-08 01:03:06","X202605000385216","Y",""
"XDIST202605060004979832","엑셀수기배분","30051","신세계아울렛여주(직)","위탁","24S","DMTP51043","IVD","32","출고완료","5","5","0","5","이훈희(LEEHH1149)","2026-05-06","2026-05-07","2026-05-07 16:51:01","2026-05-07 16:51:01","2026-05-07 16:51:01","2026-05-08 01:03:03","X202605000385218","Y",""
"XDIST202605060004979832","엑셀수기배분","30051","신세계아울렛여주(직)","위탁","24S","DMTP67043","GRS","32","출고완료","5","5","0","5","이훈희(LEEHH1149)","2026-05-06","2026-05-07","2026-05-07 16:51:01","2026-05-07 16:51:01","2026-05-07 16:51:01","2026-05-08 01:03:03","X202605000385218","Y",""
"XDIST202605060004979832","엑셀수기배분","30051","신세계아울렛여주(직)","위탁","24S","DMTR61043","INS","100","출고완료","5","5","0","5","이훈희(LEEHH1149)","2026-05-06","2026-05-07","2026-05-07 16:51:01","2026-05-07 16:51:01","2026-05-07 16:51:01","2026-05-08 01:03:04","X202605000385219","Y",""
"XDIST202605060004979832","엑셀수기배분","30051","신세계아울렛여주(직)","위탁","24S","DMTR61043","INS","95","출고완료","5","5","0","5","이훈희(LEEHH1149)","2026-05-06","2026-05-07","2026-05-07 16:51:01","2026-05-07 16:51:01","2026-05-07 16:51:01","2026-05-08 01:03:03","X202605000385219","Y",""
"XDIST202605060004979832","엑셀수기배분","30051","신세계아울렛여주(직)","위탁","24S","DXTR76043","BRD","110","출고완료","5","5","0","5","이훈희(LEEHH1149)","2026-05-06","2026-05-07","2026-05-07 16:51:01","2026-05-07 16:51:01","2026-05-07 16:51:01","2026-05-08 01:03:06","X202605000385219","Y",""
"XDIST202605060004979832","엑셀수기배분","30051","신세계아울렛여주(직)","위탁","24S","DXTR76043","BRD","90","출고완료","5","5","0","5","이훈희(LEEHH1149)","2026-05-06","2026-05-07","2026-05-07 16:51:01","2026-05-07 16:51:01","2026-05-07 16:51:01","2026-05-08 01:03:06","X202605000385219","Y",""
"XDIST202605060004979832","엑셀수기배분","30051","신세계아울렛여주(직)","위탁","24S","DXTR76043","BRD","95","출고완료","5","5","0","5","이훈희(LEEHH1149)","2026-05-06","2026-05-07","2026-05-07 16:51:01","2026-05-07 16:51:01","2026-05-07 16:51:01","2026-05-08 01:03:07","X202605000385219","Y",""
"XDIST202605060004979832","엑셀수기배분","30051","신세계아울렛여주(직)","위탁","24S","DMTS53043","BLD","110","출고완료","3","3","0","3","이훈희(LEEHH1149)","2026-05-06","2026-05-07","2026-05-07 16:51:01","2026-05-07 16:51:01","2026-05-07 16:51:01","2026-05-08 01:03:08","X202605000385220","Y",""
"XDIST202605060004979832","엑셀수기배분","30051","신세계아울렛여주(직)","위탁","24S","DMTS53043","BLD","95","출고완료","4","4","0","4","이훈희(LEEHH1149)","2026-05-06","2026-05-07","2026-05-07 16:51:01","2026-05-07 16:51:01","2026-05-07 16:51:01","2026-05-08 01:03:08","X202605000385220","Y",""
"XDIST202605060004979832","엑셀수기배분","30051","신세계아울렛여주(직)","위탁","24S","DMTS55043","TQL","105","출고완료","5","5","0","5","이훈희(LEEHH1149)","2026-05-06","2026-05-07","2026-05-07 16:51:01","2026-05-07 16:51:01","2026-05-07 16:51:01","2026-05-08 01:03:05","X202605000385220","Y",""
"XDIST202605060004979832","엑셀수기배분","30051","신세계아울렛여주(직)","위탁","24S","DMTS55043","WHS","105","출고완료","3","3","0","3","이훈희(LEEHH1149)","2026-05-06","2026-05-07","2026-05-07 16:51:01","2026-05-07 16:51:01","2026-05-07 16:51:01","2026-05-08 01:03:08","X202605000385220","Y",""
"XDIST202605060004979832","엑셀수기배분","30051","신세계아울렛여주(직)","위탁","24S","DMTS73043","TQS","100","출고완료","5","5","0","5","이훈희(LEEHH1149)","2026-05-06","2026-05-07","2026-05-07 16:51:01","2026-05-07 16:51:01","2026-05-07 16:51:01","2026-05-08 01:03:08","X202605000385220","Y",""
"XDIST202605060004979832","엑셀수기배분","30051","신세계아울렛여주(직)","위탁","24S","DMTSG3043","CAS","105","출고완료","5","5","0","5","이훈희(LEEHH1149)","2026-05-06","2026-05-07","2026-05-07 16:51:01","2026-05-07 16:51:01","2026-05-07 16:51:01","2026-05-08 01:03:08","X202605000385220","Y",""
"XDIST202605060004979832","엑셀수기배분","30051","신세계아울렛여주(직)","위탁","24S","DMTSGI043","CRS","110","출고완료","5","5","0","5","이훈희(LEEHH1149)","2026-05-06","2026-05-07","2026-05-07 16:51:01","2026-05-07 16:51:01","2026-05-07 16:51:01","2026-05-08 01:03:08","X202605000385220","Y",""
"XDIST202605060004979832","엑셀수기배분","30051","신세계아울렛여주(직)","위탁","24S","DMTSGQ043","CAS","100","출고완료","5","5","0","5","이훈희(LEEHH1149)","2026-05-06","2026-05-07","2026-05-07 16:51:01","2026-05-07 16:51:01","2026-05-07 16:51:01","2026-05-08 01:03:05","X202605000385220","Y",""
"XDIST202605060004979832","엑셀수기배분","30051","신세계아울렛여주(직)","위탁","24S","DMTSGQ043","DBS","100","출고완료","5","5","0","5","이훈희(LEEHH1149)","2026-05-06","2026-05-07","2026-05-07 16:51:01","2026-05-07 16:51:01","2026-05-07 16:51:01","2026-05-08 01:03:05","X202605000385220","Y",""
"XDIST202605060004979832","엑셀수기배분","30051","신세계아울렛여주(직)","위탁","24S","DMTSGQ043","DBS","105","출고완료","5","5","0","5","이훈희(LEEHH1149)","2026-05-06","2026-05-07","2026-05-07 16:51:01","2026-05-07 16:51:01","2026-05-07 16:51:01","2026-05-08 01:03:05","X202605000385220","Y",""
"XDIST202605060004979832","엑셀수기배분","30051","신세계아울렛여주(직)","위탁","24S","DWTSG4043","CRS","95","출고완료","5","5","0","5","이훈희(LEEHH1149)","2026-05-06","2026-05-07","2026-05-07 16:51:01","2026-05-07 16:51:01","2026-05-07 16:51:01","2026-05-08 01:03:08","X202605000385220","Y",""
"XDIST202605060004979832","엑셀수기배분","30051","신세계아울렛여주(직)","위탁","24S","DWTSGP043","PKL","100","출고완료","3","3","0","3","이훈희(LEEHH1149)","2026-05-06","2026-05-07","2026-05-07 16:51:01","2026-05-07 16:51:01","2026-05-07 16:51:01","2026-05-08 01:03:07","X202605000385220","Y",""
"XDIST202605060004979832","엑셀수기배분","30051","신세계아울렛여주(직)","위탁","24S","DWWJ95043","BKS","90","출고완료","15","15","0","15","이훈희(LEEHH1149)","2026-05-06","2026-05-07","2026-05-07 16:51:01","2026-05-07 16:51:01","2026-05-07 16:51:01","2026-05-08 01:03:05","X202605000385221","Y",""
"XDIST202605060004979832","엑셀수기배분","30051","신세계아울렛여주(직)","위탁","24S","DWWJ95043","BKS","95","출고완료","15","15","0","15","이훈희(LEEHH1149)","2026-05-06","2026-05-07","2026-05-07 16:51:01","2026-05-07 16:51:01","2026-05-07 16:51:01","2026-05-08 01:03:05","X202605000385221","Y",""
"XDIST202605060004979832","엑셀수기배분","30051","신세계아울렛여주(직)","위탁","24S","DWWJ95043","CRS","95","출고완료","5","5","0","5","이훈희(LEEHH1149)","2026-05-06","2026-05-07","2026-05-07 16:51:01","2026-05-07 16:51:01","2026-05-07 16:51:01","2026-05-08 01:03:07","X202605000385221","Y",""
"XDIST202605060004979832","엑셀수기배분","30051","신세계아울렛여주(직)","위탁","24S","DMWJ63043","BKS","100","출고완료","5","5","0","5","이훈희(LEEHH1149)","2026-05-06","2026-05-07","2026-05-07 16:51:01","2026-05-07 16:51:01","2026-05-07 16:51:01","2026-05-08 01:03:06","X202605000385221","Y",""
"XDIST202605060004979832","엑셀수기배분","30051","신세계아울렛여주(직)","위탁","24S","DMWJ63043","EGS","110","출고완료","5","5","0","5","이훈희(LEEHH1149)","2026-05-06","2026-05-07","2026-05-07 16:51:01","2026-05-07 16:51:01","2026-05-07 16:51:01","2026-05-08 01:03:06","X202605000385221","Y",""
"XDIST202605060004979832","엑셀수기배분","30051","신세계아울렛여주(직)","위탁","24S","DWWJ62043","BKS","100","출고완료","5","5","0","5","이훈희(LEEHH1149)","2026-05-06","2026-05-07","2026-05-07 16:51:01","2026-05-07 16:51:01","2026-05-07 16:51:01","2026-05-08 01:03:05","X202605000385221","Y",""
"XDIST202605060004979832","엑셀수기배분","30051","신세계아울렛여주(직)","위탁","24S","DXRS6A043","CBL","90","출고완료","5","5","0","5","이훈희(LEEHH1149)","2026-05-06","2026-05-07","2026-05-07 16:51:01","2026-05-07 16:51:01","2026-05-07 16:51:01","2026-05-08 01:03:07","X202605000385222","Y",""
"XDIST202605060004979832","엑셀수기배분","30051","신세계아울렛여주(직)","위탁","24S","DXRS7G043","ORD","105","출고완료","3","3","0","3","이훈희(LEEHH1149)","2026-05-06","2026-05-07","2026-05-07 16:51:01","2026-05-07 16:51:01","2026-05-07 16:51:01","2026-05-08 01:03:08","X202605000385222","Y",""
"XDIST202605060004979832","엑셀수기배분","30051","신세계아울렛여주(직)","위탁","24S","DXRS7G043","ORD","90","출고완료","5","5","0","5","이훈희(LEEHH1149)","2026-05-06","2026-05-07","2026-05-07 16:51:01","2026-05-07 16:51:01","2026-05-07 16:51:01","2026-05-08 01:03:04","X202605000385222","Y",""
"XDIST202605060004979832","엑셀수기배분","30051","신세계아울렛여주(직)","위탁","24S","DXRS7K043","BLL","110","출고완료","2","2","0","2","이훈희(LEEHH1149)","2026-05-06","2026-05-07","2026-05-07 16:51:01","2026-05-07 16:51:01","2026-05-07 16:51:01","2026-05-08 01:03:03","X202605000385222","Y",""
"XDIST202605070004989571","MD요청-상품","50159","용인(대-위)","위탁","25N","DXCP5025N","BGS","56","출고완료","3","3","0","3","장윤희(YHJANG)","2026-05-07","2026-05-08","2026-05-08 17:33:03","2026-05-08 17:33:03","2026-05-08 17:33:03","2026-05-09 01:02:17","X202605000549551","Y",""
"XDIST202605070004990843","MD요청-상품","50180","동광양(대-위)","위탁","25N","DXCP5015N","BES","58","출고완료","2","2","0","2","장윤희(YHJANG)","2026-05-07","2026-05-08","2026-05-08 17:33:03","2026-05-08 17:33:03","2026-05-08 17:33:03","2026-05-09 01:01:51","X202605000553202","Y",""
"XDIST202605070004990843","MD요청-상품","50096","LF스퀘어양주(대-위)","위탁","25N","DXCP5015N","BES","56","출고완료","2","2","0","2","장윤희(YHJANG)","2026-05-07","2026-05-08","2026-05-08 17:49:03","2026-05-08 17:49:03","2026-05-08 17:49:03","2026-05-09 01:03:43","X202605000553206","Y",""
"XDIST202605070004991838","MD요청-상품","31006","명동점(직)","위탁","25N","DXCP5055N","BKS","56","출고완료","2","2","0","2","장윤희(YHJANG)","2026-05-07","2026-05-08","2026-05-08 17:33:05","2026-05-08 17:33:05","2026-05-08 17:33:05","2026-05-09 13:23:00","X202605000556868","Y",""
"XDIST202605080004993353","엑셀수기배분","90019","EC-온라인물류","위탁","25N","DXSG0015N","CBD","F","출고완료","3","3","0","3","허새흰(HEEN1)","2026-05-08","2026-05-08","2026-05-08 17:30:03","2026-05-08 17:30:03","2026-05-08 17:30:03","2026-05-09 01:01:29","X202605000616241","Y",""
"XDIST202605080004993353","엑셀수기배분","90019","EC-온라인물류","위탁","24N","DXSO7014N","IVS","24","출고완료","1","1","0","1","허새흰(HEEN1)","2026-05-08","2026-05-08","2026-05-08 17:30:03","2026-05-08 17:30:03","2026-05-08 17:30:03","2026-05-09 01:01:22","X202605000616246","Y",""
"XDIST202605080004993353","엑셀수기배분","90019","EC-온라인물류","위탁","25S","DKSW55053","MTL","130","출고완료","5","5","0","5","허새흰(HEEN1)","2026-05-08","2026-05-08","2026-05-08 17:30:03","2026-05-08 17:30:03","2026-05-08 17:30:03","2026-05-09 01:01:20","X202605000616249","Y",""
"XDIST202605080004993353","엑셀수기배분","90019","EC-온라인물류","위탁","25S","DMHD37051","BKS","110","출고완료","1","1","0","0","허새흰(HEEN1)","2026-05-08","2026-05-08","2026-05-08 17:30:03","2026-05-08 17:30:03","2026-05-08 17:30:03","","X202605000616251","Y",""
"XDIST202605080004993353","엑셀수기배분","90019","EC-온라인물류","위탁","25S","DMPT39051","NYD","36","출고완료","1","1","0","0","허새흰(HEEN1)","2026-05-08","2026-05-08","2026-05-08 17:30:03","2026-05-08 17:30:03","2026-05-08 17:30:03","","X202605000616252","Y",""
"XDIST202605080004993353","엑셀수기배분","90019","EC-온라인물류","위탁","25S","DMRS6A053","SBL","100","출고완료","2","2","0","2","허새흰(HEEN1)","2026-05-08","2026-05-08","2026-05-08 17:30:04","2026-05-08 17:30:04","2026-05-08 17:30:04","2026-05-09 01:01:23","X202605000616253","Y",""
"XDIST202605080004993353","엑셀수기배분","90019","EC-온라인물류","위탁","25S","DWRS9C053","BKS","95","출고완료","1","1","0","1","허새흰(HEEN1)","2026-05-08","2026-05-08","2026-05-08 17:30:04","2026-05-08 17:30:04","2026-05-08 17:30:04","2026-05-09 01:01:22","X202605000616253","Y",""
"XDIST202605080004993353","엑셀수기배분","90019","EC-온라인물류","위탁","25S","DWRS9H053","GRD","100","출고완료","4","4","0","4","허새흰(HEEN1)","2026-05-08","2026-05-08","2026-05-08 17:30:04","2026-05-08 17:30:04","2026-05-08 17:30:04","2026-05-09 01:01:29","X202605000616253","Y",""
"XDIST202605080004993353","엑셀수기배분","90019","EC-온라인물류","위탁","25S","DXRS8R053","WHS","105","출고완료","2","2","0","2","허새흰(HEEN1)","2026-05-08","2026-05-08","2026-05-08 17:30:04","2026-05-08 17:30:04","2026-05-08 17:30:04","2026-05-09 01:01:29","X202605000616253","Y",""
"XDIST202605080004993353","엑셀수기배분","90019","EC-온라인물류","위탁","25S","DMSB63053","DGS","XL","출고완료","5","5","0","5","허새흰(HEEN1)","2026-05-08","2026-05-08","2026-05-08 17:30:04","2026-05-08 17:30:04","2026-05-08 17:30:04","2026-05-09 01:01:27","X202605000616254","Y",""
"XDIST202605080004993353","엑셀수기배분","90019","EC-온라인물류","위탁","25S","DWSB91053","LVS","S","출고완료","5","5","0","5","허새흰(HEEN1)","2026-05-08","2026-05-08","2026-05-08 17:30:04","2026-05-08 17:30:04","2026-05-08 17:30:04","2026-05-09 01:01:23","X202605000616254","Y",""
"XDIST202605080004993353","엑셀수기배분","90019","EC-온라인물류","위탁","25S","DWSBB1053","BKS","L","출고완료","5","5","0","5","허새흰(HEEN1)","2026-05-08","2026-05-08","2026-05-08 17:30:04","2026-05-08 17:30:04","2026-05-08 17:30:04","2026-05-09 01:01:28","X202605000616254","Y",""
"XDIST202605080004993353","엑셀수기배분","90019","EC-온라인물류","위탁","25S","DMSW61053","NYD","95","출고완료","1","1","0","1","허새흰(HEEN1)","2026-05-08","2026-05-08","2026-05-08 17:30:04","2026-05-08 17:30:04","2026-05-08 17:30:04","2026-05-09 01:01:27","X202605000616257","Y",""
"XDIST202605080004993353","엑셀수기배분","90019","EC-온라인물류","위탁","25S","DMSW77053","BKS","100","출고완료","1","1","0","1","허새흰(HEEN1)","2026-05-08","2026-05-08","2026-05-08 17:30:04","2026-05-08 17:30:04","2026-05-08 17:30:04","2026-05-09 01:01:23","X202605000616257","Y",""
"XDIST202605080004993353","엑셀수기배분","90019","EC-온라인물류","위탁","25S","DWSW64053","WHS","90","출고완료","4","4","0","4","허새흰(HEEN1)","2026-05-08","2026-05-08","2026-05-08 17:30:04","2026-05-08 17:30:04","2026-05-08 17:30:04","2026-05-09 01:01:28","X202605000616257","Y",""
"XDIST202605080004993353","엑셀수기배분","90019","EC-온라인물류","위탁","25S","DWSW72053","BKS","100","출고완료","6","6","0","6","허새흰(HEEN1)","2026-05-08","2026-05-08","2026-05-08 17:30:04","2026-05-08 17:30:04","2026-05-08 17:30:04","2026-05-09 01:01:27","X202605000616257","Y",""
"XDIST202605080004993353","엑셀수기배분","90019","EC-온라인물류","위탁","25S","DWSW94053","SAD","90","출고완료","6","6","0","6","허새흰(HEEN1)","2026-05-08","2026-05-08","2026-05-08 17:30:04","2026-05-08 17:30:04","2026-05-08 17:30:04","2026-05-09 01:01:28","X202605000616257","Y",""
"XDIST202605080004993353","엑셀수기배분","90019","EC-온라인물류","위탁","25S","DXTB7E053","BKS","32","출고완료","3","3","0","0","허새흰(HEEN1)","2026-05-08","2026-05-08","2026-05-08 17:30:04","2026-05-08 17:30:04","2026-05-08 17:30:04","","X202605000616258","Y",""
"XDIST202605080004993353","엑셀수기배분","90019","EC-온라인물류","위탁","25S","DXTB7E053","GRD","36","출고완료","4","4","0","4","허새흰(HEEN1)","2026-05-08","2026-05-08","2026-05-08 17:30:04","2026-05-08 17:30:04","2026-05-08 17:30:04","2026-05-09 01:01:21","X202605000616258","Y",""
"XDIST202605080004993353","엑셀수기배분","90019","EC-온라인물류","위탁","25S","DXTR7C053","GRD","95","출고완료","2","2","0","2","허새흰(HEEN1)","2026-05-08","2026-05-08","2026-05-08 17:30:04","2026-05-08 17:30:04","2026-05-08 17:30:04","2026-05-09 01:01:28","X202605000616260","Y",""
"XDIST202605080004993353","엑셀수기배분","90019","EC-온라인물류","위탁","25S","DMVT71053","NBD","105","출고완료","3","3","0","3","허새흰(HEEN1)","2026-05-08","2026-05-08","2026-05-08 17:30:04","2026-05-08 17:30:04","2026-05-08 17:30:04","2026-05-09 01:01:27","X202605000616262","Y",""
"XDIST202605080004993353","엑셀수기배분","90019","EC-온라인물류","위탁","25S","DMWJ79053","GRD","100","출고완료","2","2","0","2","허새흰(HEEN1)","2026-05-08","2026-05-08","2026-05-08 17:30:04","2026-05-08 17:30:04","2026-05-08 17:30:04","2026-05-09 01:01:21","X202605000616263","Y",""
"XDIST202605080004993353","엑셀수기배분","90019","EC-온라인물류","위탁","25S","DWSK93053","BKS","26","출고완료","6","6","0","6","허새흰(HEEN1)","2026-05-08","2026-05-08","2026-05-08 17:30:04","2026-05-08 17:30:04","2026-05-08 17:30:04","2026-05-09 01:01:26","X202605000616266","Y",""
"XDIST202605060004980366","엑셀수기배분","10014","롯데중동","위탁","26S","DMTB6B063","DTD","36","출고완료","1","1","0","1","권현정(KHJEONG)","2026-05-06","2026-05-07","2026-05-07 17:07:01","2026-05-07 17:07:01","2026-05-07 17:07:01","2026-05-08 01:03:28","X202605000388685","Y",""
"XDIST202605060004980366","엑셀수기배분","10014","롯데중동","위탁","26S","DMTB6B063","MGS","28","출고완료","1","1","0","1","권현정(KHJEONG)","2026-05-06","2026-05-07","2026-05-07 17:07:01","2026-05-07 17:07:01","2026-05-07 17:07:01","2026-05-08 01:03:28","X202605000388685","Y",""
"XDIST202605060004980366","엑셀수기배분","10077","신세계센텀","위탁","26S","DWTR91063","IVD","100","출고완료","1","1","0","1","권현정(KHJEONG)","2026-05-06","2026-05-07","2026-05-07 16:54:01","2026-05-07 16:54:01","2026-05-07 16:54:01","2026-05-08 01:02:19","X202605000388691","Y",""
"XDIST202605060004980366","엑셀수기배분","50095","진주정촌(대-위)","위탁","26S","DWTR91063","LVL","100","출고완료","1","1","0","1","권현정(KHJEONG)","2026-05-06","2026-05-07","2026-05-07 17:07:01","2026-05-07 17:07:01","2026-05-07 17:07:01","2026-05-08 01:02:37","X202605000388699","Y",""
"XDIST202605060004980366","엑셀수기배분","50095","진주정촌(대-위)","위탁","26S","DWTR91063","IVD","90","출고완료","1","1","0","1","권현정(KHJEONG)","2026-05-06","2026-05-07","2026-05-07 17:07:01","2026-05-07 17:07:01","2026-05-07 17:07:01","2026-05-08 01:02:37","X202605000388699","Y",""
"XDIST202605060004980366","엑셀수기배분","50193","화순(대-위)","위탁","26S","DXTB3A061","MGS","32","출고완료","1","1","0","1","권현정(KHJEONG)","2026-05-06","2026-05-07","2026-05-07 16:54:01","2026-05-07 16:54:01","2026-05-07 16:54:01","2026-05-08 01:02:45","X202605000388718","Y",""
"XDIST202605060004980366","엑셀수기배분","50201","문경(대-위)","위탁","26S","DWTR91063","IVD","100","출고완료","1","1","0","1","권현정(KHJEONG)","2026-05-06","2026-05-07","2026-05-07 17:07:01","2026-05-07 17:07:01","2026-05-07 17:07:01","2026-05-08 01:02:27","X202605000388719","Y",""
"XDIST202605040004960123","엑셀수기배분","90019","EC-온라인물류","위탁","25N","DXSH4305N","WHS","240","출고완료","2","2","0","2","허새흰(HEEN1)","2026-05-04","2026-05-04","2026-05-04 18:18:03","2026-05-04 18:18:03","2026-05-04 18:18:03","2026-05-05 01:02:08","X202605000179390","Y",""
"XDIST202605040004960123","엑셀수기배분","90019","EC-온라인물류","위탁","25S","DMRS7K053","PKD","95","출고완료","1","1","0","1","허새흰(HEEN1)","2026-05-04","2026-05-04","2026-05-04 18:18:03","2026-05-04 18:18:03","2026-05-04 18:18:03","2026-05-05 01:02:06","X202605000179394","Y",""
"XDIST202605040004960123","엑셀수기배분","90019","EC-온라인물류","위탁","25S","DMSW67053","BKL","100","출고완료","1","1","0","1","허새흰(HEEN1)","2026-05-04","2026-05-04","2026-05-04 18:18:03","2026-05-04 18:18:03","2026-05-04 18:18:03","2026-05-05 01:02:09","X202605000179397","Y",""
"XDIST202605040004960123","엑셀수기배분","90019","EC-온라인물류","위탁","25S","DMTB6A053","NYD","36","출고완료","1","1","0","1","허새흰(HEEN1)","2026-05-04","2026-05-04","2026-05-04 18:18:03","2026-05-04 18:18:03","2026-05-04 18:18:03","2026-05-05 01:02:10","X202605000179398","Y",""
"XDIST202605040004960123","엑셀수기배분","90019","EC-온라인물류","위탁","25S","DWTP91053","BGL","26","출고완료","2","2","0","2","허새흰(HEEN1)","2026-05-04","2026-05-04","2026-05-04 18:18:03","2026-05-04 18:18:03","2026-05-04 18:18:03","2026-05-05 01:02:01","X202605000179399","Y",""
"XDIST202605040004960123","엑셀수기배분","90019","EC-온라인물류","위탁","25S","DMWJ7Q053","CAD","110","출고완료","1","1","0","1","허새흰(HEEN1)","2026-05-04","2026-05-04","2026-05-04 18:18:03","2026-05-04 18:18:03","2026-05-04 18:18:03","2026-05-05 01:02:02","X202605000179402","Y",""
"XDIST202605040004960123","엑셀수기배분","90019","EC-온라인물류","위탁","25S","DWBR45051","WHS","S","출고완료","1","1","0","1","허새흰(HEEN1)","2026-05-04","2026-05-04","2026-05-04 18:18:03","2026-05-04 18:18:03","2026-05-04 18:18:03","2026-05-05 01:02:12","X202605000179403","Y",""
"XDIST202605040004960123","엑셀수기배분","90019","EC-온라인물류","위탁","25S","DWPD34051","GRS","90","출고완료","2","2","0","0","허새흰(HEEN1)","2026-05-04","2026-05-04","2026-05-04 18:18:03","2026-05-04 18:18:03","2026-05-04 18:18:03","","X202605000179405","Y",""
"XDIST202605040004960123","엑셀수기배분","90019","EC-온라인물류","위탁","24N","DKBK3104N","LPS","F","출고완료","2","2","0","2","허새흰(HEEN1)","2026-05-04","2026-05-04","2026-05-04 18:18:03","2026-05-04 18:18:03","2026-05-04 18:18:03","2026-05-05 01:02:09","X202605000179408","Y",""
"XDIST202605040004968544","엑셀수기배분","90019","EC-온라인물류","위탁","26S","DMSP78063","BKS","30","출고완료","10","10","0","10","박정민(PJM1003)","2026-05-04","2026-05-06","2026-05-06 17:19:00","2026-05-06 17:19:00","2026-05-06 17:19:00","2026-05-07 01:01:54","X202605000199977","Y",""
"XDIST202605040004968544","엑셀수기배분","90019","EC-온라인물류","위탁","26S","DMSP78063","DML","30","출고완료","5","5","0","5","박정민(PJM1003)","2026-05-04","2026-05-06","2026-05-06 17:19:00","2026-05-06 17:19:00","2026-05-06 17:19:00","2026-05-07 01:01:54","X202605000199977","Y",""
"XDIST202605040004968544","엑셀수기배분","90019","EC-온라인물류","위탁","26S","DMSW7D063","NYD","105","출고완료","5","5","0","5","박정민(PJM1003)","2026-05-04","2026-05-06","2026-05-06 17:19:00","2026-05-06 17:19:00","2026-05-06 17:19:00","2026-05-07 01:01:54","X202605000199978","Y",""
"XDIST202605040004968544","엑셀수기배분","90019","EC-온라인물류","위탁","26S","DMSW7D063","NYD","110","출고완료","5","5","0","5","박정민(PJM1003)","2026-05-04","2026-05-06","2026-05-06 17:19:00","2026-05-06 17:19:00","2026-05-06 17:19:00","2026-05-07 01:01:54","X202605000199978","Y",""
"XDIST202605040004968544","엑셀수기배분","90019","EC-온라인물류","위탁","26S","DWRS9M063","MGL","95","출고완료","10","10","0","10","박정민(PJM1003)","2026-05-04","2026-05-06","2026-05-06 17:19:01","2026-05-06 17:19:01","2026-05-06 17:19:01","2026-05-07 01:01:57","X202605000199979","Y",""
"XDIST202605060004979188","엑셀수기배분","90019","EC-온라인물류","위탁","26N","DXSH7346N","BKS","245","출고완료","3","3","0","3","박정민(PJM1003)","2026-05-06","2026-05-06","2026-05-07 16:51:00","2026-05-07 16:51:00","2026-05-07 16:51:00","2026-05-08 01:01:01","X202605000380957","Y",""
"XDIST202605060004979188","엑셀수기배분","90019","EC-온라인물류","위탁","25N","DXSH7275N","BKD","245","출고완료","7","7","0","7","박정민(PJM1003)","2026-05-06","2026-05-06","2026-05-07 16:51:00","2026-05-07 16:51:00","2026-05-07 16:51:00","2026-05-08 01:01:00","X202605000380958","Y",""
"XDIST202605060004979188","엑셀수기배분","90019","EC-온라인물류","위탁","25N","DXSH7275N","RDS","230","출고완료","22","22","0","22","박정민(PJM1003)","2026-05-06","2026-05-06","2026-05-07 16:51:00","2026-05-07 16:51:00","2026-05-07 16:51:00","2026-05-08 01:01:00","X202605000380958","Y",""
"XDIST202605060004979188","엑셀수기배분","90019","EC-온라인물류","위탁","21N","DXSH3111N","BLS","245","출고완료","9","9","0","9","박정민(PJM1003)","2026-05-06","2026-05-06","2026-05-07 16:51:00","2026-05-07 16:51:00","2026-05-07 16:51:00","2026-05-08 01:01:00","X202605000380960","Y",""
"XDIST202605060004979188","엑셀수기배분","90019","EC-온라인물류","위탁","26S","DMRL39061","MGL","95","출고완료","2","2","0","2","박정민(PJM1003)","2026-05-06","2026-05-06","2026-05-07 16:51:00","2026-05-07 16:51:00","2026-05-07 16:51:00","2026-05-08 01:01:02","X202605000380963","Y",""
"XDIST202605060004979188","엑셀수기배분","90019","EC-온라인물류","위탁","26S","DMWJ3G061","BKS","100","출고완료","2","2","0","2","박정민(PJM1003)","2026-05-06","2026-05-06","2026-05-07 16:51:01","2026-05-07 16:51:01","2026-05-07 16:51:01","2026-05-08 01:01:01","X202605000380966","Y",""
"XDIST202605060004979188","엑셀수기배분","90019","EC-온라인물류","위탁","26S","DXRS7K063","BKS","105","출고완료","2","2","0","2","박정민(PJM1003)","2026-05-06","2026-05-06","2026-05-07 16:51:01","2026-05-07 16:51:01","2026-05-07 16:51:01","2026-05-08 01:01:01","X202605000380969","Y",""
"XDIST202605060004979188","엑셀수기배분","90019","EC-온라인물류","위탁","26S","DXTB3A061","BKS","32","출고완료","10","10","0","10","박정민(PJM1003)","2026-05-06","2026-05-06","2026-05-07 16:51:01","2026-05-07 16:51:01","2026-05-07 16:51:01","2026-05-08 01:01:01","X202605000380970","Y",""
"XDIST202605060004979188","엑셀수기배분","90019","EC-온라인물류","위탁","24N","DXLP1104N","NYS","290","출고완료","1","1","0","1","박정민(PJM1003)","2026-05-06","2026-05-06","2026-05-07 16:51:01","2026-05-07 16:51:01","2026-05-07 16:51:01","2026-05-08 01:01:01","X202605000380971","Y",""
"XDIST202605060004973610","MD요청-상품","50042","대구성서(대-위)","위탁","26S","DXTB7A063","BKS","34","출고완료","1","1","0","1","권현정(KHJEONG)","2026-05-06","2026-05-06","2026-05-06 17:30:16","2026-05-06 17:30:16","2026-05-06 17:30:16","2026-05-07 01:03:47","X202605000364185","Y",""
"XDIST202605060004973610","MD요청-상품","50047","순천중앙(대-위)","위탁","26S","DXTB7A063","BKS","34","출고완료","2","2","0","2","권현정(KHJEONG)","2026-05-06","2026-05-06","2026-05-06 17:30:16","2026-05-06 17:30:16","2026-05-06 17:30:16","2026-05-07 01:02:38","X202605000364188","Y",""
"XDIST202605060004973610","MD요청-상품","50202","NC부천(대-위)","위탁","26S","DXTB7A063","BKS","34","출고완료","1","1","0","1","권현정(KHJEONG)","2026-05-06","2026-05-06","2026-05-06 17:26:09","2026-05-06 17:26:09","2026-05-06 17:26:09","2026-05-07 01:05:17","X202605000364193","Y",""
"XDIST202605060004973610","MD요청-상품","50174","구미중앙(대-위)","위탁","26S","DXTB7A063","BKS","26","출고완료","1","1","0","1","권현정(KHJEONG)","2026-05-06","2026-05-06","2026-05-06 17:30:16","2026-05-06 17:30:16","2026-05-06 17:30:16","2026-05-07 01:04:30","X202605000364207","Y",""
"XDIST202605060004973610","MD요청-상품","10032","롯데수원","위탁","26S","DXTB7A063","BKS","30","출고완료","2","2","0","2","권현정(KHJEONG)","2026-05-06","2026-05-06","2026-05-06 17:26:09","2026-05-06 17:26:09","2026-05-06 17:26:09","2026-05-07 01:04:56","X202605000364210","Y",""
"XDIST202605060004973610","MD요청-상품","10032","롯데수원","위탁","26S","DXTB7A063","BKS","34","출고완료","1","1","0","1","권현정(KHJEONG)","2026-05-06","2026-05-06","2026-05-06 17:26:09","2026-05-06 17:26:09","2026-05-06 17:26:09","2026-05-07 01:04:56","X202605000364210","Y",""
"XDIST202605060004973610","MD요청-상품","50181","경산(대-위)","위탁","26S","DXTB7A063","BKS","34","출고완료","1","1","0","1","권현정(KHJEONG)","2026-05-06","2026-05-06","2026-05-06 17:30:16","2026-05-06 17:30:16","2026-05-06 17:30:16","2026-05-07 01:02:44","X202605000364217","Y",""
"XDIST202605070004985615","MD요청-매장","90019","EC-온라인물류","위탁","25S","DWRS95053","PPS","90","출고완료","15","15","0","15","안소현(ANNA77)","2026-05-07","2026-05-07","2026-05-07 16:51:02","2026-05-07 16:51:02","2026-05-07 16:51:02","2026-05-08 01:01:01","X202605000490230","Y",""
"XDIST202605060004973610","MD요청-상품","50188","논산(대-위)","위탁","26S","DXTB7A063","BKS","34","출고완료","1","1","0","1","권현정(KHJEONG)","2026-05-06","2026-05-06","2026-05-06 17:30:16","2026-05-06 17:30:16","2026-05-06 17:30:16","2026-05-07 01:04:33","X202605000364225","Y",""
"XDIST202605060004973610","MD요청-상품","50069","신포(대-위)","위탁","26S","DXTB7A063","BKS","34","출고완료","1","1","0","1","권현정(KHJEONG)","2026-05-06","2026-05-06","2026-05-06 17:26:09","2026-05-06 17:26:09","2026-05-06 17:26:09","2026-05-07 01:06:03","X202605000364227","Y",""
"XDIST202605060004973610","MD요청-상품","10003","롯데광복","위탁","26S","DXTB7A063","BKS","34","출고완료","1","1","0","1","권현정(KHJEONG)","2026-05-06","2026-05-06","2026-05-06 17:31:05","2026-05-06 17:31:05","2026-05-06 17:31:05","2026-05-07 01:03:26","X202605000364232","Y",""
"XDIST202605060004973610","MD요청-상품","10005","롯데대전","위탁","26S","DXTB7A063","BKS","34","출고완료","1","1","0","1","권현정(KHJEONG)","2026-05-06","2026-05-06","2026-05-06 17:27:04","2026-05-06 17:27:04","2026-05-06 17:27:04","2026-05-07 01:03:53","X202605000364233","Y",""
"XDIST202605060004973610","MD요청-상품","10092","엔터6안양","위탁","26S","DXTB7A063","BKS","34","출고완료","1","1","0","1","권현정(KHJEONG)","2026-05-06","2026-05-06","2026-05-06 17:30:16","2026-05-06 17:30:16","2026-05-06 17:30:16","2026-05-07 01:05:35","X202605000364235","Y",""
"XDIST202605060004973610","MD요청-상품","50191","타임테라스동탄(대-위)","위탁","26S","DXTB7A063","BKS","34","출고완료","1","1","0","1","권현정(KHJEONG)","2026-05-06","2026-05-06","2026-05-06 17:26:09","2026-05-06 17:26:09","2026-05-06 17:26:09","2026-05-07 01:03:03","X202605000364239","Y",""
"XDIST202605060004973610","MD요청-상품","50198","세종(대-위)","위탁","26S","DXTB7A063","BKS","30","출고완료","2","2","0","2","권현정(KHJEONG)","2026-05-06","2026-05-06","2026-05-06 17:31:05","2026-05-06 17:31:05","2026-05-06 17:31:05","2026-05-07 01:03:50","X202605000364246","Y",""
"XDIST202605060004973610","MD요청-상품","10099","NC대전유성","위탁","26S","DXTB7A063","BKS","34","출고완료","1","1","0","1","권현정(KHJEONG)","2026-05-06","2026-05-06","2026-05-06 17:31:05","2026-05-06 17:31:05","2026-05-06 17:31:05","2026-05-07 01:03:51","X202605000364250","Y",""
"XDIST202605060004973610","MD요청-상품","50119","보령(대-위)","위탁","26S","DXTB7A063","BKS","34","출고완료","2","2","0","2","권현정(KHJEONG)","2026-05-06","2026-05-06","2026-05-06 17:31:05","2026-05-06 17:31:05","2026-05-06 17:31:05","2026-05-07 01:04:02","X202605000364254","Y",""
"XDIST202605060004973610","MD요청-상품","50118","서산(대-위)","위탁","26S","DXTB7A063","BKS","34","출고완료","1","1","0","1","권현정(KHJEONG)","2026-05-06","2026-05-06","2026-05-06 17:27:04","2026-05-06 17:27:04","2026-05-06 17:27:04","2026-05-07 01:02:59","X202605000364257","Y",""
"XDIST202605060004973610","MD요청-상품","50095","진주정촌(대-위)","위탁","26S","DXTB7A063","BKS","26","출고완료","1","1","0","1","권현정(KHJEONG)","2026-05-06","2026-05-06","2026-05-06 17:26:09","2026-05-06 17:26:09","2026-05-06 17:26:09","2026-05-07 01:03:07","X202605000364271","Y",""
"XDIST202605060004973610","MD요청-상품","50095","진주정촌(대-위)","위탁","26S","DXTB7A063","BKS","34","출고완료","1","1","0","1","권현정(KHJEONG)","2026-05-06","2026-05-06","2026-05-06 17:26:09","2026-05-06 17:26:09","2026-05-06 17:26:09","2026-05-07 01:03:07","X202605000364271","Y",""
"XDIST202605060004973610","MD요청-상품","50130","NC야탑(대-위)","위탁","26S","DXTB7A063","BKS","34","출고완료","1","1","0","1","권현정(KHJEONG)","2026-05-06","2026-05-06","2026-05-06 17:30:16","2026-05-06 17:30:16","2026-05-06 17:30:16","2026-05-07 01:05:15","X202605000364274","Y",""
"XDIST202605060004973610","MD요청-상품","50134","광명점(대-위)","위탁","26S","DXTB7A063","BKS","34","출고완료","1","1","0","1","권현정(KHJEONG)","2026-05-06","2026-05-06","2026-05-06 17:30:16","2026-05-06 17:30:16","2026-05-06 17:30:16","2026-05-07 01:05:57","X202605000364277","Y",""
"XDIST202605060004973610","MD요청-상품","50137","NC송파(대-위)","위탁","26S","DXTB7A063","BKS","26","출고완료","1","1","0","1","권현정(KHJEONG)","2026-05-06","2026-05-06","2026-05-06 17:30:16","2026-05-06 17:30:16","2026-05-06 17:30:16","2026-05-07 01:05:17","X202605000364278","Y",""
"XDIST202605060004973610","MD요청-상품","30050","타임스트림신림(직)","위탁","26S","DXTB7A063","BKS","34","출고완료","2","2","0","2","권현정(KHJEONG)","2026-05-06","2026-05-06","2026-05-06 17:31:05","2026-05-06 17:31:05","2026-05-06 17:31:05","2026-05-07 01:03:37","X202605000364284","Y",""
"XDIST202605060004973610","MD요청-상품","50147","경기시흥(대-위)","위탁","26S","DXTB7A063","BKS","34","출고완료","1","1","0","1","권현정(KHJEONG)","2026-05-06","2026-05-06","2026-05-06 17:30:16","2026-05-06 17:30:16","2026-05-06 17:30:16","2026-05-07 01:02:55","X202605000364293","Y",""
"XDIST202605060004973610","MD요청-상품","10052","롯데강남","위탁","26S","DXTB7A063","BKS","34","출고완료","1","1","0","1","권현정(KHJEONG)","2026-05-06","2026-05-06","2026-05-06 17:31:05","2026-05-06 17:31:05","2026-05-06 17:31:05","2026-05-07 01:04:46","X202605000364299","Y",""
"XDIST202605060004973610","MD요청-상품","50153","부평중앙(대-위)","위탁","26S","DXTB7A063","BKS","34","출고완료","1","1","0","1","권현정(KHJEONG)","2026-05-06","2026-05-06","2026-05-06 17:31:05","2026-05-06 17:31:05","2026-05-06 17:31:05","2026-05-07 01:03:36","X202605000364303","Y",""
"XDIST202605060004973610","MD요청-상품","50157","충주(대-위)","위탁","26S","DXTB7A063","BKS","30","출고완료","2","2","0","2","권현정(KHJEONG)","2026-05-06","2026-05-06","2026-05-06 17:30:16","2026-05-06 17:30:16","2026-05-06 17:30:16","2026-05-07 01:04:20","X202605000364304","Y",""
"XDIST202605060004973610","MD요청-상품","10058","현대울산","위탁","26S","DXTB7A063","BKS","34","출고완료","1","1","0","1","권현정(KHJEONG)","2026-05-06","2026-05-06","2026-05-06 17:31:05","2026-05-06 17:31:05","2026-05-06 17:31:05","2026-05-07 01:03:44","X202605000364310","Y",""
"XDIST202605060004975357","엑셀수기배분","30007","롯데아울렛이천(직)","위탁","24S","DMSW65043","BKS","105","출고완료","15","15","0","15","이훈희(LEEHH1149)","2026-05-06","2026-05-19","2026-05-19 16:09:00","2026-05-19 16:09:00","2026-05-19 16:09:00","2026-05-20 01:00:50","X202605000367547","Y",""
"XDIST202605060004975357","엑셀수기배분","30007","롯데아울렛이천(직)","위탁","24S","DWSW68043","BKS","100","출고완료","6","6","0","6","이훈희(LEEHH1149)","2026-05-06","2026-05-19","2026-05-19 16:09:00","2026-05-19 16:09:00","2026-05-19 16:09:00","2026-05-20 01:00:50","X202605000367547","Y",""
"XDIST202605060004975357","엑셀수기배분","30010","롯데아울렛봉무(직)","위탁","24S","DWSW68043","BKS","90","출고완료","14","14","0","14","이훈희(LEEHH1149)","2026-05-06","2026-05-19","2026-05-19 16:09:01","2026-05-19 16:09:01","2026-05-19 16:09:01","2026-05-20 01:00:50","X202605000367548","Y",""
"XDIST202605060004975357","엑셀수기배분","30011","롯데아울렛수완(직)","위탁","24S","DMSW65043","BKS","95","출고완료","3","3","0","3","이훈희(LEEHH1149)","2026-05-06","2026-05-19","2026-05-19 16:09:01","2026-05-19 16:09:01","2026-05-19 16:09:01","2026-05-20 01:00:50","X202605000367549","Y",""
"XDIST202605060004975357","엑셀수기배분","30016","롯데아울렛동부산(직)","위탁","24S","DMSW65043","BKS","100","출고완료","23","23","0","23","이훈희(LEEHH1149)","2026-05-06","2026-05-19","2026-05-19 16:09:01","2026-05-19 16:09:01","2026-05-19 16:09:01","2026-05-20 01:00:50","X202605000367552","Y",""
"XDIST202605060004975357","엑셀수기배분","30020","롯데아울렛청주(직)","위탁","24S","DMSW65043","BKS","105","출고완료","15","15","0","15","이훈희(LEEHH1149)","2026-05-06","2026-05-19","2026-05-19 16:09:01","2026-05-19 16:09:01","2026-05-19 16:09:01","2026-05-20 01:00:51","X202605000367554","Y",""
"XDIST202605060004975357","엑셀수기배분","30020","롯데아울렛청주(직)","위탁","24S","DMSW65043","BKS","110","출고완료","3","3","0","3","이훈희(LEEHH1149)","2026-05-06","2026-05-19","2026-05-19 16:09:01","2026-05-19 16:09:01","2026-05-19 16:09:01","2026-05-20 01:00:51","X202605000367554","Y",""
"XDIST202605060004975357","엑셀수기배분","30021","롯데아울렛광교(직)","위탁","24S","DMSW65043","BKS","105","출고완료","15","15","0","15","이훈희(LEEHH1149)","2026-05-06","2026-05-19","2026-05-19 16:09:01","2026-05-19 16:09:01","2026-05-19 16:09:01","2026-05-20 01:02:27","X202605000367555","Y",""
"XDIST202605060004975357","엑셀수기배분","30021","롯데아울렛광교(직)","위탁","24S","DWSW68043","BKS","90","출고완료","14","14","0","14","이훈희(LEEHH1149)","2026-05-06","2026-05-19","2026-05-19 16:09:01","2026-05-19 16:09:01","2026-05-19 16:09:01","2026-05-20 01:02:27","X202605000367555","Y",""
"XDIST202605060004975357","엑셀수기배분","30024","롯데아울렛부여(직)","위탁","24S","DWSW68043","BKS","100","출고완료","6","6","0","6","이훈희(LEEHH1149)","2026-05-06","2026-05-19","2026-05-19 16:09:01","2026-05-19 16:09:01","2026-05-19 16:09:01","2026-05-20 01:00:50","X202605000367558","Y",""
"XDIST202605060004975357","엑셀수기배분","30031","롯데아울렛원흥(직)","위탁","24S","DMSW65043","BKS","95","출고완료","3","3","0","3","이훈희(LEEHH1149)","2026-05-06","2026-05-19","2026-05-19 16:09:01","2026-05-19 16:09:01","2026-05-19 16:09:01","2026-05-20 01:02:30","X202605000367559","Y",""
"XDIST202605060004975357","엑셀수기배분","30031","롯데아울렛원흥(직)","위탁","24S","DWSW68043","BKS","100","출고완료","6","6","0","6","이훈희(LEEHH1149)","2026-05-06","2026-05-19","2026-05-19 16:09:01","2026-05-19 16:09:01","2026-05-19 16:09:01","2026-05-20 01:02:30","X202605000367559","Y",""
"XDIST202605060004975357","엑셀수기배분","30037","롯데아울렛율하(직)","위탁","24S","DMSW65043","BKS","110","출고완료","3","3","0","3","이훈희(LEEHH1149)","2026-05-06","2026-05-19","2026-05-19 16:09:01","2026-05-19 16:09:01","2026-05-19 16:09:01","2026-05-20 01:00:50","X202605000367561","Y",""
"XDIST202605060004975357","엑셀수기배분","30037","롯데아울렛율하(직)","위탁","24S","DWSW68043","BKS","95","출고완료","10","10","0","10","이훈희(LEEHH1149)","2026-05-06","2026-05-19","2026-05-19 16:09:01","2026-05-19 16:09:01","2026-05-19 16:09:01","2026-05-20 01:00:50","X202605000367561","Y",""
"XDIST202605060004975357","엑셀수기배분","30049","롯데아울렛의왕(직)","위탁","24S","DMSW65043","BKS","100","출고완료","23","23","0","23","이훈희(LEEHH1149)","2026-05-06","2026-05-19","2026-05-19 16:09:01","2026-05-19 16:09:01","2026-05-19 16:09:01","2026-05-20 01:02:33","X202605000367563","Y",""
"XDIST202605060004975357","엑셀수기배분","30053","롯데아울렛남악(직)","위탁","24S","DMSW65043","BKS","110","출고완료","3","3","0","3","이훈희(LEEHH1149)","2026-05-06","2026-05-19","2026-05-19 16:09:01","2026-05-19 16:09:01","2026-05-19 16:09:01","2026-05-20 01:00:51","X202605000367564","Y",""
"XDIST202605060004975357","엑셀수기배분","30054","롯데아울렛광주(직)","위탁","24S","DWSW68043","BKS","90","출고완료","14","14","0","14","이훈희(LEEHH1149)","2026-05-06","2026-05-19","2026-05-19 16:09:01","2026-05-19 16:09:01","2026-05-19 16:09:01","2026-05-20 11:23:14","X202605000367565","Y",""
"XDIST202605060004975357","엑셀수기배분","30054","롯데아울렛광주(직)","위탁","24S","DWSW68043","BKS","100","출고완료","6","6","0","6","이훈희(LEEHH1149)","2026-05-06","2026-05-19","2026-05-19 16:09:01","2026-05-19 16:09:01","2026-05-19 16:09:01","2026-05-20 11:23:14","X202605000367565","Y",""
"XDIST202605060004975357","엑셀수기배분","30056","롯데아울렛은평(직)","위탁","24S","DWSW68043","BKS","95","출고완료","10","10","0","10","이훈희(LEEHH1149)","2026-05-06","2026-05-19","2026-05-19 16:09:01","2026-05-19 16:09:01","2026-05-19 16:09:01","2026-05-20 15:13:01","X202605000367566","Y",""
"XDIST202605060004974321","MD요청-상품","10061","신세계대구","위탁","26S","DMRS8I063","IVS","115","출고완료","1","1","0","1","권현정(KHJEONG)","2026-05-06","2026-05-06","2026-05-06 17:27:05","2026-05-06 17:27:05","2026-05-06 17:27:05","2026-05-07 01:02:39","X202605000365187","Y",""
"XDIST202605060004974321","MD요청-상품","50204","인천만수(대-위)","위탁","26S","DMRS8I063","IVS","115","출고완료","1","1","0","1","권현정(KHJEONG)","2026-05-06","2026-05-06","2026-05-06 17:27:05","2026-05-06 17:27:05","2026-05-06 17:27:05","2026-05-07 01:06:03","X202605000365203","Y",""
"XDIST202605060004974321","MD요청-상품","10068","현대판교","위탁","26S","DMRS8I063","IVS","115","출고완료","1","1","0","1","권현정(KHJEONG)","2026-05-06","2026-05-06","2026-05-06 17:30:17","2026-05-06 17:30:17","2026-05-06 17:30:17","2026-05-07 01:05:03","X202605000365205","Y",""
"XDIST202605060004974321","MD요청-상품","50207","전주평화점(대-위)","위탁","26S","DMRS8I063","IVS","115","출고완료","1","1","0","1","권현정(KHJEONG)","2026-05-06","2026-05-06","2026-05-06 17:26:10","2026-05-06 17:26:10","2026-05-06 17:26:10","2026-05-07 01:02:39","X202605000365206","Y",""
"XDIST202605060004974321","MD요청-상품","50053","전주송천(대-위)","위탁","26S","DMRS8I063","IVS","115","출고완료","1","1","0","1","권현정(KHJEONG)","2026-05-06","2026-05-06","2026-05-06 17:26:10","2026-05-06 17:26:10","2026-05-06 17:26:10","2026-05-07 01:02:26","X202605000365214","Y",""
"XDIST202605060004974321","MD요청-상품","10075","신세계본점","위탁","26S","DMRS8I063","IVS","115","출고완료","1","1","0","1","권현정(KHJEONG)","2026-05-06","2026-05-06","2026-05-06 17:26:10","2026-05-06 17:26:10","2026-05-06 17:26:10","2026-05-07 01:05:03","X202605000365219","Y",""
"XDIST202605060004974321","MD요청-상품","50065","화성봉담(대-위)","위탁","26S","DMRS8I063","IVS","115","출고완료","1","1","0","1","권현정(KHJEONG)","2026-05-06","2026-05-06","2026-05-06 17:26:10","2026-05-06 17:26:10","2026-05-06 17:26:10","2026-05-07 01:02:28","X202605000365228","Y",""
"XDIST202605060004974321","MD요청-상품","10053","신세계경기","위탁","26S","DMRS8I063","IVS","115","출고완료","1","1","0","1","권현정(KHJEONG)","2026-05-06","2026-05-06","2026-05-06 17:27:05","2026-05-06 17:27:05","2026-05-06 17:27:05","2026-05-07 01:05:07","X202605000365249","Y",""
"XDIST202605060004974321","MD요청-상품","50156","익산영등(대-위)","위탁","26S","DMRS8I063","IVS","115","출고완료","1","1","0","1","권현정(KHJEONG)","2026-05-06","2026-05-06","2026-05-06 17:30:17","2026-05-06 17:30:17","2026-05-06 17:30:17","2026-05-07 01:04:08","X202605000365250","Y",""
"XDIST202605070004991172","MD요청-상품","10090","신세계영등포","위탁","25N","DXCP5015N","BLL","56","출고완료","1","1","0","1","장윤희(YHJANG)","2026-05-07","2026-05-08","2026-05-08 17:49:03","2026-05-08 17:49:03","2026-05-08 17:49:03","2026-05-09 01:03:28","X202605000554990","Y",""
"XDIST202605070004991172","MD요청-상품","50193","화순(대-위)","위탁","25N","DXCP5015N","BLL","58","출고완료","1","1","0","1","장윤희(YHJANG)","2026-05-07","2026-05-08","2026-05-08 17:33:04","2026-05-08 17:33:04","2026-05-08 17:33:04","2026-05-09 01:01:47","X202605000554998","Y",""
"XDIST202605070004991172","MD요청-상품","50198","세종(대-위)","위탁","25N","DXCP5015N","BLL","58","출고완료","1","1","0","1","장윤희(YHJANG)","2026-05-07","2026-05-08","2026-05-08 17:33:04","2026-05-08 17:33:04","2026-05-08 17:33:04","2026-05-09 01:02:17","X202605000555006","Y",""
"XDIST202605070004991172","MD요청-상품","50116","오산(대-위)","위탁","25N","DXCP5015N","BLL","58","출고완료","1","1","0","1","장윤희(YHJANG)","2026-05-07","2026-05-08","2026-05-08 17:49:03","2026-05-08 17:49:03","2026-05-08 17:49:03","2026-05-09 01:02:43","X202605000555014","Y",""
"XDIST202605070004991172","MD요청-상품","10016","롯데동래","위탁","25N","DXCP5015N","BLL","58","출고완료","1","1","0","1","장윤희(YHJANG)","2026-05-07","2026-05-08","2026-05-08 17:33:04","2026-05-08 17:33:04","2026-05-08 17:33:04","2026-05-09 01:02:34","X202605000555016","Y",""
"XDIST202605070004991172","MD요청-상품","50122","상주(대-위)","위탁","25N","DXCP5015N","BLL","56","출고완료","1","1","0","1","장윤희(YHJANG)","2026-05-07","2026-05-08","2026-05-08 17:49:03","2026-05-08 17:49:03","2026-05-08 17:49:03","2026-05-09 01:03:07","X202605000555022","Y",""
"XDIST202605070004991172","MD요청-상품","50127","전주중앙(대-위)","위탁","25N","DXCP5015N","BLL","58","출고완료","1","1","0","1","장윤희(YHJANG)","2026-05-07","2026-05-08","2026-05-08 17:33:04","2026-05-08 17:33:04","2026-05-08 17:33:04","2026-05-09 01:02:39","X202605000555034","Y",""
"XDIST202605070004991172","MD요청-상품","50006","제주(대-위)","위탁","25N","DXCP5015N","BLL","58","출고완료","1","1","0","1","장윤희(YHJANG)","2026-05-07","2026-05-08","2026-05-08 17:33:04","2026-05-08 17:33:04","2026-05-08 17:33:04","2026-05-09 01:01:50","X202605000555035","Y",""
"XDIST202605070004991172","MD요청-상품","50092","모다울산(대-위)","위탁","25N","DXCP5015N","BLL","58","출고완료","1","1","0","1","장윤희(YHJANG)","2026-05-07","2026-05-08","2026-05-08 17:33:04","2026-05-08 17:33:04","2026-05-08 17:33:04","2026-05-09 01:02:20","X202605000555038","Y",""
"XDIST202605070004991172","MD요청-상품","50138","현대시티동대문(대-위)","위탁","25N","DXCP5015N","BLL","58","출고완료","1","1","0","1","장윤희(YHJANG)","2026-05-07","2026-05-08","2026-05-08 17:49:03","2026-05-08 17:49:03","2026-05-08 17:49:03","2026-05-09 01:03:48","X202605000555053","Y",""
"XDIST202605070004991172","MD요청-상품","10041","현대충청","위탁","25N","DXCP5015N","BLL","58","출고완료","1","1","0","1","장윤희(YHJANG)","2026-05-07","2026-05-08","2026-05-08 17:33:04","2026-05-08 17:33:04","2026-05-08 17:33:04","2026-05-09 01:02:11","X202605000555056","Y",""
"XDIST202605070004991172","MD요청-상품","50140","에버랜드용인(대-위)","위탁","25N","DXCP5015N","BLL","56","출고완료","1","1","0","1","장윤희(YHJANG)","2026-05-07","2026-05-08","2026-05-08 17:33:04","2026-05-08 17:33:04","2026-05-08 17:33:04","2026-05-08 19:53:00","X202605000555058","Y",""
"XDIST202605070004991172","MD요청-상품","50146","안산사동(대-위)","위탁","25N","DXCP5015N","BLL","58","출고완료","1","1","0","1","장윤희(YHJANG)","2026-05-07","2026-05-08","2026-05-08 17:33:04","2026-05-08 17:33:04","2026-05-08 17:33:04","2026-05-09 01:02:33","X202605000555064","Y",""
"XDIST202605070004991172","MD요청-상품","10043","롯데울산","위탁","25N","DXCP5015N","BLL","58","출고완료","1","1","0","1","장윤희(YHJANG)","2026-05-07","2026-05-08","2026-05-08 17:49:03","2026-05-08 17:49:03","2026-05-08 17:49:03","2026-05-09 01:01:40","X202605000555065","Y",""
"XDIST202605070004991172","MD요청-상품","50147","경기시흥(대-위)","위탁","25N","DXCP5015N","BLL","56","출고완료","1","1","0","1","장윤희(YHJANG)","2026-05-07","2026-05-08","2026-05-08 17:33:04","2026-05-08 17:33:04","2026-05-08 17:33:04","2026-05-09 01:02:40","X202605000555070","Y",""
"XDIST202605070004991172","MD요청-상품","50151","속초(대-위)","위탁","25N","DXCP5015N","BLL","58","출고완료","1","1","0","1","장윤희(YHJANG)","2026-05-07","2026-05-08","2026-05-08 17:33:04","2026-05-08 17:33:04","2026-05-08 17:33:04","2026-05-09 01:02:53","X202605000555077","Y",""
"XDIST202605070004991172","MD요청-상품","50151","속초(대-위)","위탁","25N","DXCP5015N","BLL","56","출고완료","1","1","0","1","장윤희(YHJANG)","2026-05-07","2026-05-08","2026-05-08 17:33:04","2026-05-08 17:33:04","2026-05-08 17:33:04","2026-05-09 01:02:53","X202605000555077","Y",""
"XDIST202605070004991172","MD요청-상품","30046","LF스퀘어광양(직)","위탁","25N","DXCP5015N","BLL","58","출고완료","1","1","0","1","장윤희(YHJANG)","2026-05-07","2026-05-08","2026-05-08 17:49:03","2026-05-08 17:49:03","2026-05-08 17:49:03","2026-05-09 01:01:41","X202605000555078","Y",""
"XDIST202605040004968716","엑셀수기배분","90019","EC-온라인물류","위탁","26S","DWPT7F063","BKS","25","출고완료","5","5","0","5","박정민(PJM1003)","2026-05-04","2026-05-06","2026-05-06 17:19:01","2026-05-06 17:19:01","2026-05-06 17:19:01","2026-05-07 01:01:57","X202605000201525","Y",""
"XDIST202605040004968716","엑셀수기배분","90019","EC-온라인물류","위탁","26S","DWPT7F063","DGS","25","출고완료","10","10","0","10","박정민(PJM1003)","2026-05-04","2026-05-06","2026-05-06 17:19:01","2026-05-06 17:19:01","2026-05-06 17:19:01","2026-05-07 01:01:57","X202605000201525","Y",""
"XDIST202605040004968716","엑셀수기배분","90019","EC-온라인물류","위탁","26S","DWRS94063","BKS","95","출고완료","10","10","0","10","박정민(PJM1003)","2026-05-04","2026-05-06","2026-05-06 17:19:01","2026-05-06 17:19:01","2026-05-06 17:19:01","2026-05-07 01:01:53","X202605000201526","Y",""
"XDIST202605040004968716","엑셀수기배분","90019","EC-온라인물류","위탁","26S","DWRS97063","IVD","95","출고완료","10","10","0","10","박정민(PJM1003)","2026-05-04","2026-05-06","2026-05-06 17:19:01","2026-05-06 17:19:01","2026-05-06 17:19:01","2026-05-07 01:01:57","X202605000201526","Y",""
"XDIST202605040004968716","엑셀수기배분","90019","EC-온라인물류","위탁","26S","DWRS97063","PCL","100","출고완료","10","10","0","10","박정민(PJM1003)","2026-05-04","2026-05-06","2026-05-06 17:19:01","2026-05-06 17:19:01","2026-05-06 17:19:01","2026-05-07 01:01:53","X202605000201526","Y",""
"XDIST202605070004989715","MD요청-상품","50053","전주송천(대-위)","위탁","25N","DXCP5025N","BKS","58","출고완료","1","1","0","1","장윤희(YHJANG)","2026-05-07","2026-05-08","2026-05-08 17:49:02","2026-05-08 17:49:02","2026-05-08 17:49:02","2026-05-09 01:01:44","X202605000549979","Y",""
"XDIST202605070004990400","MD요청-상품","30043","스타필드안성(직)","위탁","25N","DXCP5025N","KAL","58","출고완료","2","2","0","2","장윤희(YHJANG)","2026-05-07","2026-05-08","2026-05-08 17:33:03","2026-05-08 17:33:03","2026-05-08 17:33:03","2026-05-09 01:02:48","X202605000551836","Y",""
"XDIST202605070004990400","MD요청-상품","10077","신세계센텀","위탁","25N","DXCP5025N","KAL","58","출고완료","4","4","0","4","장윤희(YHJANG)","2026-05-07","2026-05-08","2026-05-08 17:33:03","2026-05-08 17:33:03","2026-05-08 17:33:03","2026-05-09 01:02:16","X202605000551838","Y",""
"XDIST202605070004988721","엑셀수기배분","X0015","쇼룸(기획MD)","위탁","26S","DKRS74063","WHS","130","출고완료","1","1","0","1","김소진(SOJIN1027)","2026-05-07","2026-05-07","2026-05-08 17:29:05","2026-05-08 17:29:05","2026-05-08 17:29:05","2026-05-09 01:01:26","X202605000543366","Y",""
"XDIST202605070004988721","엑셀수기배분","X0015","쇼룸(기획MD)","위탁","26S","DKRS82063","WHS","130","출고완료","1","1","0","1","김소진(SOJIN1027)","2026-05-07","2026-05-07","2026-05-08 17:29:05","2026-05-08 17:29:05","2026-05-08 17:29:05","2026-05-09 01:01:26","X202605000543366","Y",""
"XDIST202605070004990118","엑셀수기배분","10043","롯데울산","위탁","24N","DXSH7234N","MTS","250","출고완료","2","2","0","2","김주형(RLAWNGUD14)","2026-05-07","2026-05-08","2026-05-08 17:49:02","2026-05-08 17:49:02","2026-05-08 17:49:02","2026-05-09 01:02:57","X202605000551335","Y",""
"XDIST202605080004993589","엑셀수기배분","90019","EC-온라인물류","위탁","25S","DKRS82053","KAS","130","출고완료","4","4","0","4","허새흰(HEEN1)","2026-05-08","2026-05-08","2026-05-08 17:30:04","2026-05-08 17:30:04","2026-05-08 17:30:04","2026-05-09 01:01:21","X202605000617704","Y",""
"XDIST202605080004993589","엑셀수기배분","90019","EC-온라인물류","위탁","25S","DKSW55053","BKS","130","출고완료","1","1","0","1","허새흰(HEEN1)","2026-05-08","2026-05-08","2026-05-08 17:30:04","2026-05-08 17:30:04","2026-05-08 17:30:04","2026-05-09 01:01:20","X202605000617705","Y",""
"XDIST202605080004993589","엑셀수기배분","90019","EC-온라인물류","위탁","23N","DXSH3213N","WHS","230","출고완료","1","1","0","0","허새흰(HEEN1)","2026-05-08","2026-05-08","2026-05-08 17:30:04","2026-05-08 17:30:04","2026-05-08 17:30:04","","X202605000617716","Y",""
"XDIST202605070004991172","MD요청-상품","10029","롯데상인","위탁","25N","DXCP5015N","BLL","56","출고완료","1","1","0","1","장윤희(YHJANG)","2026-05-07","2026-05-08","2026-05-08 17:49:03","2026-05-08 17:49:03","2026-05-08 17:49:03","2026-05-09 01:02:23","X202605000554910","Y",""
"XDIST202605070004991172","MD요청-상품","10028","롯데일산","위탁","25N","DXCP5015N","BLL","56","출고완료","1","1","0","1","장윤희(YHJANG)","2026-05-07","2026-05-08","2026-05-08 17:49:03","2026-05-08 17:49:03","2026-05-08 17:49:03","2026-05-09 01:03:14","X202605000554912","Y",""
"XDIST202605070004991172","MD요청-상품","50165","청주율량(대-위)","위탁","25N","DXCP5015N","BLL","56","출고완료","1","1","0","1","장윤희(YHJANG)","2026-05-07","2026-05-08","2026-05-08 17:33:03","2026-05-08 17:33:03","2026-05-08 17:33:03","2026-05-09 01:01:58","X202605000554918","Y",""
"XDIST202605070004991172","MD요청-상품","10021","신세계천안아산","위탁","25N","DXCP5015N","BLL","56","출고완료","2","2","0","2","장윤희(YHJANG)","2026-05-07","2026-05-08","2026-05-08 17:49:03","2026-05-08 17:49:03","2026-05-08 17:49:03","2026-05-09 01:03:03","X202605000554922","Y",""
"XDIST202605070004991172","MD요청-상품","50167","부산광복(대-위)","위탁","25N","DXCP5015N","BLL","58","출고완료","1","1","0","1","장윤희(YHJANG)","2026-05-07","2026-05-08","2026-05-08 17:33:03","2026-05-08 17:33:03","2026-05-08 17:33:03","2026-05-09 01:02:36","X202605000554924","Y",""
"XDIST202605070004991172","MD요청-상품","10023","갤러리아대전","위탁","25N","DXCP5015N","BLL","58","출고완료","1","1","0","1","장윤희(YHJANG)","2026-05-07","2026-05-08","2026-05-08 17:49:03","2026-05-08 17:49:03","2026-05-08 17:49:03","2026-05-09 01:01:39","X202605000554926","Y",""
"XDIST202605070004991172","MD요청-상품","50202","NC부천(대-위)","위탁","25N","DXCP5015N","BLL","58","출고완료","1","1","0","1","장윤희(YHJANG)","2026-05-07","2026-05-08","2026-05-08 17:49:03","2026-05-08 17:49:03","2026-05-08 17:49:03","2026-05-09 01:03:34","X202605000554928","Y",""
"XDIST202605070004991172","MD요청-상품","10026","롯데김포","위탁","25N","DXCP5015N","BLL","58","출고완료","1","1","0","1","장윤희(YHJANG)","2026-05-07","2026-05-08","2026-05-08 17:49:03","2026-05-08 17:49:03","2026-05-08 17:49:03","2026-05-09 01:03:18","X202605000554936","Y",""
"XDIST202605070004991172","MD요청-상품","10030","롯데센텀","위탁","25N","DXCP5015N","BLL","58","출고완료","1","1","0","1","장윤희(YHJANG)","2026-05-07","2026-05-08","2026-05-08 17:49:03","2026-05-08 17:49:03","2026-05-08 17:49:03","2026-05-09 01:02:25","X202605000554939","Y",""
"XDIST202605070004991172","MD요청-상품","50052","동해(대-위)","위탁","25N","DXCP5015N","BLL","56","출고완료","1","1","0","1","장윤희(YHJANG)","2026-05-07","2026-05-08","2026-05-08 17:49:03","2026-05-08 17:49:03","2026-05-08 17:49:03","2026-05-09 01:02:21","X202605000554941","Y",""
"XDIST202605070004991172","MD요청-상품","50053","전주송천(대-위)","위탁","25N","DXCP5015N","BLL","58","출고완료","1","1","0","1","장윤희(YHJANG)","2026-05-07","2026-05-08","2026-05-08 17:49:03","2026-05-08 17:49:03","2026-05-08 17:49:03","2026-05-09 01:01:44","X202605000554944","Y",""
"XDIST202605070004991172","MD요청-상품","50059","신제주(대-위)","위탁","25N","DXCP5015N","BLL","58","출고완료","1","1","0","1","장윤희(YHJANG)","2026-05-07","2026-05-08","2026-05-08 17:33:03","2026-05-08 17:33:03","2026-05-08 17:33:03","2026-05-09 01:02:03","X202605000554956","Y",""
"XDIST202605070004991172","MD요청-상품","50182","금왕(대-위)","위탁","25N","DXCP5015N","BLL","58","출고완료","1","1","0","1","장윤희(YHJANG)","2026-05-07","2026-05-08","2026-05-08 17:33:03","2026-05-08 17:33:03","2026-05-08 17:33:03","2026-05-09 01:01:52","X202605000554963","Y",""
"XDIST202605070004991172","MD요청-상품","50181","경산(대-위)","위탁","25N","DXCP5015N","BLL","58","출고완료","1","1","0","1","장윤희(YHJANG)","2026-05-07","2026-05-08","2026-05-08 17:33:03","2026-05-08 17:33:03","2026-05-08 17:33:03","2026-05-09 01:01:48","X202605000554966","Y",""
"XDIST202605070004991172","MD요청-상품","50184","천안쌍용(대-위)","위탁","25N","DXCP5015N","BLL","56","출고완료","1","1","0","1","장윤희(YHJANG)","2026-05-07","2026-05-08","2026-05-08 17:33:03","2026-05-08 17:33:03","2026-05-08 17:33:03","2026-05-09 01:02:50","X202605000554967","Y",""
"XDIST202605070004991172","MD요청-상품","50064","포천송우(대-위)","위탁","25N","DXCP5015N","BLL","58","출고완료","1","1","0","1","장윤희(YHJANG)","2026-05-07","2026-05-08","2026-05-08 17:49:03","2026-05-08 17:49:03","2026-05-08 17:49:03","2026-05-09 01:02:44","X202605000554974","Y",""
"XDIST202605070004991172","MD요청-상품","50102","일산덕이(대-위)","위탁","25N","DXCP5015N","BLL","58","출고완료","1","1","0","1","장윤희(YHJANG)","2026-05-07","2026-05-08","2026-05-08 17:33:03","2026-05-08 17:33:03","2026-05-08 17:33:03","2026-05-09 01:02:27","X202605000554979","Y",""
"XDIST202605070004991172","MD요청-상품","50103","광주흑석(대-위)","위탁","25N","DXCP5015N","BLL","56","출고완료","1","1","0","1","장윤희(YHJANG)","2026-05-07","2026-05-08","2026-05-08 17:33:04","2026-05-08 17:33:04","2026-05-08 17:33:04","2026-05-09 01:02:02","X202605000554985","Y",""
"XDIST202605060004981672","엑셀수기배분","30024","롯데아울렛부여(직)","위탁","24S","DMTP51043","IVD","34","출고완료","2","2","0","2","이훈희(LEEHH1149)","2026-05-06","2026-05-07","2026-05-07 17:07:02","2026-05-07 17:07:02","2026-05-07 17:07:02","2026-05-08 01:02:16","X202605000399038","Y",""
"XDIST202605060004981672","엑셀수기배분","30024","롯데아울렛부여(직)","위탁","24S","DXTR6E043","BKS","100","출고완료","10","10","0","10","이훈희(LEEHH1149)","2026-05-06","2026-05-07","2026-05-07 17:07:02","2026-05-07 17:07:02","2026-05-07 17:07:02","2026-05-08 01:02:32","X202605000399039","Y",""
"XDIST202605060004981672","엑셀수기배분","30024","롯데아울렛부여(직)","위탁","24S","DXTR6E043","BKS","105","출고완료","10","10","0","10","이훈희(LEEHH1149)","2026-05-06","2026-05-07","2026-05-07 17:07:02","2026-05-07 17:07:02","2026-05-07 17:07:02","2026-05-08 01:02:15","X202605000399039","Y",""
"XDIST202605060004981672","엑셀수기배분","30024","롯데아울렛부여(직)","위탁","24S","DXTR75043","BRD","105","출고완료","3","3","0","3","이훈희(LEEHH1149)","2026-05-06","2026-05-07","2026-05-07 17:07:02","2026-05-07 17:07:02","2026-05-07 17:07:02","2026-05-08 01:02:41","X202605000399039","Y",""
"XDIST202605060004981672","엑셀수기배분","30024","롯데아울렛부여(직)","위탁","24S","DMTSG3043","CAS","105","출고완료","3","3","0","3","이훈희(LEEHH1149)","2026-05-06","2026-05-07","2026-05-07 17:07:02","2026-05-07 17:07:02","2026-05-07 17:07:02","2026-05-08 01:02:15","X202605000399040","Y",""
"XDIST202605060004981672","엑셀수기배분","30024","롯데아울렛부여(직)","위탁","24S","DMTSG3043","CRS","105","출고완료","3","3","0","3","이훈희(LEEHH1149)","2026-05-06","2026-05-07","2026-05-07 17:07:02","2026-05-07 17:07:02","2026-05-07 17:07:02","2026-05-08 01:02:15","X202605000399040","Y",""
"XDIST202605060004981672","엑셀수기배분","30024","롯데아울렛부여(직)","위탁","24S","DMTSGU043","GNN","110","출고완료","3","3","0","3","이훈희(LEEHH1149)","2026-05-06","2026-05-07","2026-05-07 17:07:02","2026-05-07 17:07:02","2026-05-07 17:07:02","2026-05-08 01:02:17","X202605000399040","Y",""
"XDIST202605060004981672","엑셀수기배분","30024","롯데아울렛부여(직)","위탁","24S","DWTSGP043","CBL","100","출고완료","2","2","0","2","이훈희(LEEHH1149)","2026-05-06","2026-05-07","2026-05-07 17:07:02","2026-05-07 17:07:02","2026-05-07 17:07:02","2026-05-08 01:02:12","X202605000399040","Y",""
"XDIST202605060004981672","엑셀수기배분","30024","롯데아울렛부여(직)","위탁","24S","DWTSGP043","CBL","90","출고완료","2","2","0","2","이훈희(LEEHH1149)","2026-05-06","2026-05-07","2026-05-07 17:07:02","2026-05-07 17:07:02","2026-05-07 17:07:02","2026-05-08 01:02:16","X202605000399040","Y",""
"XDIST202605060004981672","엑셀수기배분","30024","롯데아울렛부여(직)","위탁","24S","DMWJ61043","BKS","100","출고완료","3","3","0","3","이훈희(LEEHH1149)","2026-05-06","2026-05-07","2026-05-07 17:07:02","2026-05-07 17:07:02","2026-05-07 17:07:02","2026-05-08 01:02:16","X202605000399041","Y",""
"XDIST202605060004981672","엑셀수기배분","30024","롯데아울렛부여(직)","위탁","24S","DMWJ63043","BKS","105","출고완료","5","5","0","5","이훈희(LEEHH1149)","2026-05-06","2026-05-07","2026-05-07 17:07:02","2026-05-07 17:07:02","2026-05-07 17:07:02","2026-05-08 01:02:37","X202605000399041","Y",""
"XDIST202605060004981672","엑셀수기배분","30024","롯데아울렛부여(직)","위탁","24S","DXRS5C043","DBS","90","출고완료","3","3","0","3","이훈희(LEEHH1149)","2026-05-06","2026-05-07","2026-05-07 17:07:02","2026-05-07 17:07:02","2026-05-07 17:07:02","2026-05-08 01:02:17","X202605000399042","Y",""
"XDIST202605060004981672","엑셀수기배분","30024","롯데아울렛부여(직)","위탁","24S","DXRS79043","BLD","95","출고완료","2","2","0","2","이훈희(LEEHH1149)","2026-05-06","2026-05-07","2026-05-07 17:07:02","2026-05-07 17:07:02","2026-05-07 17:07:02","2026-05-08 01:02:32","X202605000399042","Y",""
"XDIST202605070004984854","엑셀수기배분","10007","롯데부산","위탁","24N","DXSG1514N","BGL","F","출고완료","29","29","0","29","김주형(RLAWNGUD14)","2026-05-07","2026-05-07","2026-05-07 17:07:08","2026-05-07 17:07:08","2026-05-07 17:07:08","2026-05-08 01:02:37","X202605000485653","Y",""
"XDIST202605070004990173","MD요청-상품","50065","화성봉담(대-위)","위탁","25N","DXCP5025N","GRD","56","출고완료","3","3","0","3","장윤희(YHJANG)","2026-05-07","2026-05-08","2026-05-08 17:49:02","2026-05-08 17:49:02","2026-05-08 17:49:02","2026-05-09 01:01:39","X202605000551557","Y",""
"XDIST202605070004990173","MD요청-상품","50185","모다경주(대-위)","위탁","25N","DXCP5025N","GRD","58","출고완료","4","4","0","4","장윤희(YHJANG)","2026-05-07","2026-05-08","2026-05-08 17:49:02","2026-05-08 17:49:02","2026-05-08 17:49:02","2026-05-09 01:01:37","X202605000551558","Y",""
"XDIST202605070004990173","MD요청-상품","50069","신포(대-위)","위탁","25N","DXCP5025N","GRD","58","출고완료","2","2","0","2","장윤희(YHJANG)","2026-05-07","2026-05-08","2026-05-08 17:49:02","2026-05-08 17:49:02","2026-05-08 17:49:02","2026-05-09 01:03:54","X202605000551561","Y",""
"XDIST202605070004990173","MD요청-상품","50167","부산광복(대-위)","위탁","25N","DXCP5025N","GRD","58","출고완료","4","4","0","4","장윤희(YHJANG)","2026-05-07","2026-05-08","2026-05-08 17:33:03","2026-05-08 17:33:03","2026-05-08 17:33:03","2026-05-09 01:02:36","X202605000551563","Y",""
"XDIST202605070004991545","MD요청-상품","10028","롯데일산","위탁","25N","DXCP5015N","LVS","56","출고완료","1","1","0","1","장윤희(YHJANG)","2026-05-07","2026-05-08","2026-05-08 17:49:03","2026-05-08 17:49:03","2026-05-08 17:49:03","2026-05-09 01:03:14","X202605000555814","Y",""
"XDIST202605070004991545","MD요청-상품","50162","영주(대-위)","위탁","25N","DXCP5015N","LVS","56","출고완료","1","1","0","1","장윤희(YHJANG)","2026-05-07","2026-05-08","2026-05-08 17:33:04","2026-05-08 17:33:04","2026-05-08 17:33:04","2026-05-09 01:02:16","X202605000555815","Y",""
"XDIST202605070004991545","MD요청-상품","50201","문경(대-위)","위탁","25N","DXCP5015N","LVS","56","출고완료","1","1","0","1","장윤희(YHJANG)","2026-05-07","2026-05-08","2026-05-08 17:49:03","2026-05-08 17:49:03","2026-05-08 17:49:03","2026-05-09 01:01:40","X202605000555819","Y",""
"XDIST202605070004991545","MD요청-상품","50047","순천중앙(대-위)","위탁","25N","DXCP5015N","LVS","56","출고완료","1","1","0","1","장윤희(YHJANG)","2026-05-07","2026-05-08","2026-05-08 17:33:04","2026-05-08 17:33:04","2026-05-08 17:33:04","2026-05-09 01:02:30","X202605000555820","Y",""
"XDIST202605060004974318","MD요청-상품","50167","부산광복(대-위)","위탁","26S","DWRS9N063","CRS","90","출고완료","1","1","0","1","권현정(KHJEONG)","2026-05-06","2026-05-06","2026-05-06 17:30:17","2026-05-06 17:30:17","2026-05-06 17:30:17","2026-05-07 01:03:20","X202605000365174","Y",""
"XDIST202605070004991710","MD요청-상품","50118","서산(대-위)","위탁","25N","DXCP6015N","WHS","60","출고완료","1","1","0","1","장윤희(YHJANG)","2026-05-07","2026-05-08","2026-05-08 17:49:04","2026-05-08 17:49:04","2026-05-08 17:49:04","2026-05-09 01:01:35","X202605000556548","Y",""
"XDIST202605070004991545","MD요청-상품","50175","공주(대-위)","위탁","25N","DXCP5015N","LVS","56","출고완료","1","1","0","1","장윤희(YHJANG)","2026-05-07","2026-05-08","2026-05-08 17:33:04","2026-05-08 17:33:04","2026-05-08 17:33:04","2026-05-09 01:02:33","X202605000555836","Y",""
"XDIST202605070004991545","MD요청-상품","50178","태백(대-위)","위탁","25N","DXCP5015N","LVS","58","출고완료","1","1","0","1","장윤희(YHJANG)","2026-05-07","2026-05-08","2026-05-08 17:33:04","2026-05-08 17:33:04","2026-05-08 17:33:04","2026-05-09 01:01:49","X202605000555842","Y",""
"XDIST202605070004991545","MD요청-상품","10006","AK분당","위탁","25N","DXCP5015N","LVS","56","출고완료","1","1","0","1","장윤희(YHJANG)","2026-05-07","2026-05-08","2026-05-08 17:49:03","2026-05-08 17:49:03","2026-05-08 17:49:03","2026-05-09 01:03:39","X202605000555850","Y",""
"XDIST202605070004991545","MD요청-상품","50181","경산(대-위)","위탁","25N","DXCP5015N","LVS","56","출고완료","1","1","0","1","장윤희(YHJANG)","2026-05-07","2026-05-08","2026-05-08 17:33:04","2026-05-08 17:33:04","2026-05-08 17:33:04","2026-05-09 01:01:48","X202605000555851","Y",""
"XDIST202605070004991545","MD요청-상품","10009","현대신촌","위탁","25N","DXCP5015N","LVS","56","출고완료","1","1","0","1","장윤희(YHJANG)","2026-05-07","2026-05-08","2026-05-08 17:49:03","2026-05-08 17:49:03","2026-05-08 17:49:03","2026-05-09 01:03:21","X202605000555853","Y",""
"XDIST202605070004991545","MD요청-상품","50199","거창(대-위)","위탁","25N","DXCP5015N","LVS","58","출고완료","1","1","0","1","장윤희(YHJANG)","2026-05-07","2026-05-08","2026-05-08 17:49:03","2026-05-08 17:49:03","2026-05-08 17:49:03","2026-05-09 01:03:00","X202605000555874","Y",""
"XDIST202605070004991639","MD요청-상품","30030","스타필드고양(직)","위탁","25N","DXCP5015N","ORS","56","출고완료","1","1","0","1","장윤희(YHJANG)","2026-05-07","2026-05-08","2026-05-08 17:33:04","2026-05-08 17:33:04","2026-05-08 17:33:04","2026-05-09 01:03:32","X202605000556237","Y",""
"XDIST202605070004991639","MD요청-상품","30030","스타필드고양(직)","위탁","25N","DXCP5015N","ORS","58","출고완료","1","1","0","1","장윤희(YHJANG)","2026-05-07","2026-05-08","2026-05-08 17:33:04","2026-05-08 17:33:04","2026-05-08 17:33:04","2026-05-09 01:03:32","X202605000556237","Y",""
"XDIST202605070004991639","MD요청-상품","50042","대구성서(대-위)","위탁","25N","DXCP5015N","ORS","56","출고완료","1","1","0","1","장윤희(YHJANG)","2026-05-07","2026-05-08","2026-05-08 17:33:04","2026-05-08 17:33:04","2026-05-08 17:33:04","2026-05-09 01:02:47","X202605000556238","Y",""
"XDIST202605070004991639","MD요청-상품","50168","모다김제(대-위)","위탁","25N","DXCP5015N","ORS","56","출고완료","1","1","0","1","장윤희(YHJANG)","2026-05-07","2026-05-08","2026-05-08 17:33:04","2026-05-08 17:33:04","2026-05-08 17:33:04","2026-05-09 01:02:53","X202605000556240","Y",""
"XDIST202605070004991639","MD요청-상품","50210","해남(대-위)","위탁","25N","DXCP5015N","ORS","56","출고완료","1","1","0","1","장윤희(YHJANG)","2026-05-07","2026-05-08","2026-05-08 17:49:03","2026-05-08 17:49:03","2026-05-08 17:49:03","2026-05-09 01:02:50","X202605000556258","Y",""
"XDIST202605070004991639","MD요청-상품","10032","롯데수원","위탁","25N","DXCP5015N","ORS","56","출고완료","1","1","0","1","장윤희(YHJANG)","2026-05-07","2026-05-08","2026-05-08 17:49:03","2026-05-08 17:49:03","2026-05-08 17:49:03","2026-05-09 01:03:20","X202605000556260","Y",""
"XDIST202605070004991639","MD요청-상품","10033","현대중동","위탁","25N","DXCP5015N","ORS","56","출고완료","1","1","0","1","장윤희(YHJANG)","2026-05-07","2026-05-08","2026-05-08 17:49:03","2026-05-08 17:49:03","2026-05-08 17:49:03","2026-05-09 01:03:22","X202605000556264","Y",""
"XDIST202605070004991639","MD요청-상품","50064","포천송우(대-위)","위탁","25N","DXCP5015N","ORS","58","출고완료","1","1","0","1","장윤희(YHJANG)","2026-05-07","2026-05-08","2026-05-08 17:49:03","2026-05-08 17:49:03","2026-05-08 17:49:03","2026-05-09 01:02:44","X202605000556275","Y",""
"XDIST202605070004991639","MD요청-상품","50185","모다경주(대-위)","위탁","25N","DXCP5015N","ORS","58","출고완료","1","1","0","1","장윤희(YHJANG)","2026-05-07","2026-05-08","2026-05-08 17:49:03","2026-05-08 17:49:03","2026-05-08 17:49:03","2026-05-09 01:01:37","X202605000556276","Y",""
"XDIST202605070004991639","MD요청-상품","10005","롯데대전","위탁","25N","DXCP5015N","ORS","56","출고완료","1","1","0","1","장윤희(YHJANG)","2026-05-07","2026-05-08","2026-05-08 17:49:03","2026-05-08 17:49:03","2026-05-08 17:49:03","2026-05-09 01:02:13","X202605000556284","Y",""
"XDIST202605070004991639","MD요청-상품","10004","롯데영등포","위탁","25N","DXCP5015N","ORS","58","출고완료","1","1","0","1","장윤희(YHJANG)","2026-05-07","2026-05-08","2026-05-08 17:49:03","2026-05-08 17:49:03","2026-05-08 17:49:03","2026-05-09 01:03:12","X202605000556285","Y",""
"XDIST202605040004958986","엑셀수기배분","11020","K_신세계영등포","위탁","26S","DKRS93063","WHS","160","출고완료","1","1","0","1","김소진(SOJIN1027)","2026-05-04","2026-05-04","2026-05-04 18:58:14","2026-05-04 18:58:14","2026-05-04 18:58:14","2026-05-05 01:09:09","X202605000175452","Y",""
"XDIST202605040004958986","엑셀수기배분","11023","K_신세계마산","위탁","26S","DKRS94063","WHS","160","출고완료","1","1","0","1","김소진(SOJIN1027)","2026-05-04","2026-05-04","2026-05-04 18:58:14","2026-05-04 18:58:14","2026-05-04 18:58:14","2026-05-05 01:05:47","X202605000175454","Y",""
"XDIST202605040004958986","엑셀수기배분","11023","K_신세계마산","위탁","26S","DKSP13063","BGL","130","출고완료","1","1","0","1","김소진(SOJIN1027)","2026-05-04","2026-05-04","2026-05-04 18:58:14","2026-05-04 18:58:14","2026-05-04 18:58:14","2026-05-05 01:07:14","X202605000175455","Y",""
"XDIST202605040004958986","엑셀수기배분","11023","K_신세계마산","위탁","26S","DKTR16063","SBL","140","출고완료","1","1","0","1","김소진(SOJIN1027)","2026-05-04","2026-05-04","2026-05-04 18:58:14","2026-05-04 18:58:14","2026-05-04 18:58:14","2026-05-05 01:05:47","X202605000175457","Y",""
"XDIST202605040004958986","엑셀수기배분","11024","K_롯데잠실","위탁","26S","DKRS72063","DBS","140","출고완료","1","1","0","1","김소진(SOJIN1027)","2026-05-04","2026-05-04","2026-05-04 18:59:02","2026-05-04 18:59:02","2026-05-04 18:59:02","2026-05-05 08:33:00","X202605000175458","Y",""
"XDIST202605040004958986","엑셀수기배분","50047","순천중앙(대-위)","위탁","26S","DKRS73063","WHS","130","출고완료","1","1","0","1","김소진(SOJIN1027)","2026-05-04","2026-05-04","2026-05-04 18:35:16","2026-05-04 18:35:16","2026-05-04 18:35:16","2026-05-05 01:07:50","X202605000175463","Y",""
"XDIST202605040004958986","엑셀수기배분","50181","경산(대-위)","위탁","26S","DKRS72063","WHS","130","출고완료","1","1","0","1","김소진(SOJIN1027)","2026-05-04","2026-05-04","2026-05-04 18:35:16","2026-05-04 18:35:16","2026-05-04 18:35:16","2026-05-05 01:05:35","X202605000175474","Y",""
"XDIST202605040004958986","엑셀수기배분","50181","경산(대-위)","위탁","26S","DKTB16063","BKS","160","출고완료","1","1","0","1","김소진(SOJIN1027)","2026-05-04","2026-05-04","2026-05-04 18:35:16","2026-05-04 18:35:16","2026-05-04 18:35:16","2026-05-05 01:06:53","X202605000175475","Y",""
"XDIST202605040004958986","엑셀수기배분","50181","경산(대-위)","위탁","26S","DKTB19063","BKS","150","출고완료","1","1","0","1","김소진(SOJIN1027)","2026-05-04","2026-05-04","2026-05-04 18:35:16","2026-05-04 18:35:16","2026-05-04 18:35:16","2026-05-05 01:06:49","X202605000175475","Y",""
"XDIST202605040004958986","엑셀수기배분","50181","경산(대-위)","위탁","26S","DKTR51063","BKS","150","출고완료","1","1","0","1","김소진(SOJIN1027)","2026-05-04","2026-05-04","2026-05-04 18:35:17","2026-05-04 18:35:17","2026-05-04 18:35:17","2026-05-05 01:06:49","X202605000175476","Y",""
"XDIST202605040004958986","엑셀수기배분","50207","전주평화점(대-위)","위탁","26S","DKAZ21063","WHS","150","출고완료","1","1","0","1","김소진(SOJIN1027)","2026-05-04","2026-05-04","2026-05-04 18:58:14","2026-05-04 18:58:14","2026-05-04 18:58:14","2026-05-05 01:06:37","X202605000175477","Y",""
"XDIST202605070004991545","MD요청-상품","50125","엔터6상봉(대-위)","위탁","25N","DXCP5015N","LVS","56","출고완료","2","2","0","2","장윤희(YHJANG)","2026-05-07","2026-05-08","2026-05-08 17:49:03","2026-05-08 17:49:03","2026-05-08 17:49:03","2026-05-09 01:03:42","X202605000555889","Y",""
"XDIST202605070004991545","MD요청-상품","50007","에버세이브청주(대-위)","위탁","25N","DXCP5015N","LVS","56","출고완료","1","1","0","1","장윤희(YHJANG)","2026-05-07","2026-05-08","2026-05-08 17:33:04","2026-05-08 17:33:04","2026-05-08 17:33:04","2026-05-09 01:01:50","X202605000555890","Y",""
"XDIST202605070004991545","MD요청-상품","10073","신세계마산","위탁","25N","DXCP5015N","LVS","56","출고완료","1","1","0","1","장윤희(YHJANG)","2026-05-07","2026-05-08","2026-05-08 17:33:04","2026-05-08 17:33:04","2026-05-08 17:33:04","2026-05-09 01:02:00","X202605000555893","Y",""
"XDIST202605070004991545","MD요청-상품","50099","안양(대-위)","위탁","25N","DXCP5015N","LVS","56","출고완료","1","1","0","1","장윤희(YHJANG)","2026-05-07","2026-05-08","2026-05-08 17:33:04","2026-05-08 17:33:04","2026-05-08 17:33:04","2026-05-09 01:02:29","X202605000555898","Y",""
"XDIST202605070004991545","MD요청-상품","50139","대구칠곡(대-위)","위탁","25N","DXCP5015N","LVS","56","출고완료","1","1","0","1","장윤희(YHJANG)","2026-05-07","2026-05-08","2026-05-08 17:33:04","2026-05-08 17:33:04","2026-05-08 17:33:04","2026-05-09 01:02:39","X202605000555905","Y",""
"XDIST202605070004991545","MD요청-상품","30050","타임스트림신림(직)","위탁","25N","DXCP5015N","LVS","58","출고완료","1","1","0","1","장윤희(YHJANG)","2026-05-07","2026-05-08","2026-05-08 17:33:04","2026-05-08 17:33:04","2026-05-08 17:33:04","2026-05-09 01:02:41","X202605000555909","Y",""
"XDIST202605070004991545","MD요청-상품","50147","경기시흥(대-위)","위탁","25N","DXCP5015N","LVS","56","출고완료","1","1","0","1","장윤희(YHJANG)","2026-05-07","2026-05-08","2026-05-08 17:33:04","2026-05-08 17:33:04","2026-05-08 17:33:04","2026-05-09 01:02:40","X202605000555918","Y",""
"XDIST202605070004991545","MD요청-상품","50153","부평중앙(대-위)","위탁","25N","DXCP5015N","LVS","56","출고완료","1","1","0","1","장윤희(YHJANG)","2026-05-07","2026-05-08","2026-05-08 17:33:04","2026-05-08 17:33:04","2026-05-08 17:33:04","2026-05-09 01:02:31","X202605000555926","Y",""
"XDIST202605070004991639","MD요청-상품","10092","엔터6안양","위탁","25N","DXCP5015N","ORS","58","출고완료","1","1","0","1","장윤희(YHJANG)","2026-05-07","2026-05-08","2026-05-08 17:33:04","2026-05-08 17:33:04","2026-05-08 17:33:04","2026-05-09 01:03:45","X202605000556286","Y",""
"XDIST202605070004991639","MD요청-상품","10091","갤러리아광교","위탁","25N","DXCP5015N","ORS","58","출고완료","1","1","0","1","장윤희(YHJANG)","2026-05-07","2026-05-08","2026-05-08 17:33:04","2026-05-08 17:33:04","2026-05-08 17:33:04","2026-05-09 01:03:32","X202605000556287","Y",""
"XDIST202605070004991639","MD요청-상품","10095","NC강남","위탁","25N","DXCP5015N","ORS","58","출고완료","1","1","0","1","장윤희(YHJANG)","2026-05-07","2026-05-08","2026-05-08 17:49:03","2026-05-08 17:49:03","2026-05-08 17:49:03","2026-05-09 01:03:33","X202605000556289","Y",""
"XDIST202605070004991639","MD요청-상품","10061","신세계대구","위탁","25N","DXCP5015N","ORS","58","출고완료","1","1","0","1","장윤희(YHJANG)","2026-05-07","2026-05-08","2026-05-08 17:49:03","2026-05-08 17:49:03","2026-05-08 17:49:03","2026-05-09 01:01:38","X202605000556305","Y",""
"XDIST202605070004991639","MD요청-상품","10070","신세계강남","위탁","25N","DXCP5015N","ORS","58","출고완료","1","1","0","1","장윤희(YHJANG)","2026-05-07","2026-05-08","2026-05-08 17:33:04","2026-05-08 17:33:04","2026-05-08 17:33:04","2026-05-09 01:03:26","X202605000556319","Y",""
"XDIST202605070004991639","MD요청-상품","50130","NC야탑(대-위)","위탁","25N","DXCP5015N","ORS","56","출고완료","1","1","0","1","장윤희(YHJANG)","2026-05-07","2026-05-08","2026-05-08 17:33:04","2026-05-08 17:33:04","2026-05-08 17:33:04","2026-05-09 01:03:33","X202605000556322","Y",""
"XDIST202605070004991546","MD요청-상품","31006","명동점(직)","위탁","25N","DXCP5015N","NYD","58","출고완료","3","3","0","3","장윤희(YHJANG)","2026-05-07","2026-05-08","2026-05-08 17:33:04","2026-05-08 17:33:04","2026-05-08 17:33:04","2026-05-09 13:23:00","X202605000555931","Y",""
"XDIST202605080004993592","엑셀수기배분","30028","광주상무(직)","위탁","25S","DKRS7A053","WHS","150","출고완료","2","2","0","2","김주형(RLAWNGUD14)","2026-05-08","2026-05-08","2026-05-08 17:46:01","2026-05-08 17:46:01","2026-05-08 17:46:01","2026-05-09 01:01:56","X202605000617763","Y",""
"XDIST202605080004993592","엑셀수기배분","30028","광주상무(직)","위탁","25S","DKRS7A053","WHS","160","출고완료","2","2","0","2","김주형(RLAWNGUD14)","2026-05-08","2026-05-08","2026-05-08 17:46:01","2026-05-08 17:46:01","2026-05-08 17:46:01","2026-05-09 01:01:56","X202605000617763","Y",""
"XDIST202605080004993592","엑셀수기배분","30028","광주상무(직)","위탁","25S","DMRS81053","MTL","105","출고완료","2","2","0","2","김주형(RLAWNGUD14)","2026-05-08","2026-05-08","2026-05-08 17:46:01","2026-05-08 17:46:01","2026-05-08 17:46:01","2026-05-09 01:01:54","X202605000617765","Y",""
"XDIST202605080004993592","엑셀수기배분","30028","광주상무(직)","위탁","25S","DMRS85053","BKS","95","출고완료","2","2","0","2","김주형(RLAWNGUD14)","2026-05-08","2026-05-08","2026-05-08 17:46:01","2026-05-08 17:46:01","2026-05-08 17:46:01","2026-05-09 01:01:54","X202605000617765","Y",""
"XDIST202605080004993592","엑셀수기배분","30028","광주상무(직)","위탁","25S","DMRS85053","BKS","115","출고완료","1","1","0","1","김주형(RLAWNGUD14)","2026-05-08","2026-05-08","2026-05-08 17:46:01","2026-05-08 17:46:01","2026-05-08 17:46:01","2026-05-09 01:01:54","X202605000617765","Y",""
"XDIST202605080004993592","엑셀수기배분","30028","광주상무(직)","위탁","25S","DWRS74053","WHS","95","출고완료","3","3","0","3","김주형(RLAWNGUD14)","2026-05-08","2026-05-08","2026-05-08 17:46:01","2026-05-08 17:46:01","2026-05-08 17:46:01","2026-05-09 01:01:43","X202605000617765","Y",""
"XDIST202605080004993592","엑셀수기배분","30028","광주상무(직)","위탁","25S","DWRS82053","BKS","90","출고완료","1","1","0","1","김주형(RLAWNGUD14)","2026-05-08","2026-05-08","2026-05-08 17:46:01","2026-05-08 17:46:01","2026-05-08 17:46:01","2026-05-09 01:01:52","X202605000617765","Y",""
"XDIST202605080004993592","엑셀수기배분","30028","광주상무(직)","위탁","25S","DWRS82053","BKS","95","출고완료","1","1","0","1","김주형(RLAWNGUD14)","2026-05-08","2026-05-08","2026-05-08 17:46:01","2026-05-08 17:46:01","2026-05-08 17:46:01","2026-05-09 01:01:54","X202605000617765","Y",""
"XDIST202605080004993592","엑셀수기배분","30028","광주상무(직)","위탁","25S","DWRS9A053","BKS","90","출고완료","1","1","0","1","김주형(RLAWNGUD14)","2026-05-08","2026-05-08","2026-05-08 17:46:01","2026-05-08 17:46:01","2026-05-08 17:46:01","2026-05-09 01:01:43","X202605000617765","Y",""
"XDIST202605080004993592","엑셀수기배분","30028","광주상무(직)","위탁","25S","DWRS9A053","GRD","90","출고완료","1","1","0","1","김주형(RLAWNGUD14)","2026-05-08","2026-05-08","2026-05-08 17:46:01","2026-05-08 17:46:01","2026-05-08 17:46:01","2026-05-09 01:01:43","X202605000617765","Y",""
"XDIST202605080004993592","엑셀수기배분","30028","광주상무(직)","위탁","25S","DWRS9L053","OLD","95","출고완료","1","1","0","1","김주형(RLAWNGUD14)","2026-05-08","2026-05-08","2026-05-08 17:46:01","2026-05-08 17:46:01","2026-05-08 17:46:01","2026-05-09 01:01:47","X202605000617765","Y",""
"XDIST202605080004993592","엑셀수기배분","30028","광주상무(직)","위탁","25S","DXRS8T053","WHS","105","출고완료","2","2","0","2","김주형(RLAWNGUD14)","2026-05-08","2026-05-08","2026-05-08 17:46:01","2026-05-08 17:46:01","2026-05-08 17:46:01","2026-05-09 01:01:43","X202605000617765","Y",""
"XDIST202605080004993592","엑셀수기배분","30028","광주상무(직)","위탁","25S","DMRS63053","WHS","105","출고완료","3","3","0","3","김주형(RLAWNGUD14)","2026-05-08","2026-05-08","2026-05-08 17:46:01","2026-05-08 17:46:01","2026-05-08 17:46:01","2026-05-09 01:01:46","X202605000617765","Y",""
"XDIST202605080004993592","엑셀수기배분","30028","광주상무(직)","위탁","25S","DMRS6H053","ORD","100","출고완료","2","2","0","2","김주형(RLAWNGUD14)","2026-05-08","2026-05-08","2026-05-08 17:46:01","2026-05-08 17:46:01","2026-05-08 17:46:01","2026-05-09 01:01:43","X202605000617765","Y",""
"XDIST202605080004993592","엑셀수기배분","30028","광주상무(직)","위탁","25S","DMRS81053","DGS","95","출고완료","2","2","0","2","김주형(RLAWNGUD14)","2026-05-08","2026-05-08","2026-05-08 17:46:01","2026-05-08 17:46:01","2026-05-08 17:46:01","2026-05-09 01:01:43","X202605000617765","Y",""
"XDIST202605080004993592","엑셀수기배분","30028","광주상무(직)","위탁","25S","DMTB6A053","BKS","30","출고완료","2","2","0","2","김주형(RLAWNGUD14)","2026-05-08","2026-05-08","2026-05-08 17:46:01","2026-05-08 17:46:01","2026-05-08 17:46:01","2026-05-09 01:01:43","X202605000617766","Y",""
"XDIST202605080004993592","엑셀수기배분","30028","광주상무(직)","위탁","25S","DWTB66053","BKS","26","출고완료","1","1","0","1","김주형(RLAWNGUD14)","2026-05-08","2026-05-08","2026-05-08 17:46:01","2026-05-08 17:46:01","2026-05-08 17:46:01","2026-05-09 01:01:46","X202605000617766","Y",""
"XDIST202605080004993592","엑셀수기배분","30028","광주상무(직)","위탁","25S","DWTB66053","MGS","25","출고완료","2","2","0","2","김주형(RLAWNGUD14)","2026-05-08","2026-05-08","2026-05-08 17:46:01","2026-05-08 17:46:01","2026-05-08 17:46:01","2026-05-09 01:01:46","X202605000617766","Y",""
"XDIST202605080004993592","엑셀수기배분","30028","광주상무(직)","위탁","25S","DWTB66053","NBD","27","출고완료","2","2","0","2","김주형(RLAWNGUD14)","2026-05-08","2026-05-08","2026-05-08 17:46:01","2026-05-08 17:46:01","2026-05-08 17:46:01","2026-05-09 01:01:46","X202605000617766","Y",""
"XDIST202605080004993592","엑셀수기배분","30028","광주상무(직)","위탁","25S","DXTB7A053","BKS","26","출고완료","1","1","0","1","김주형(RLAWNGUD14)","2026-05-08","2026-05-08","2026-05-08 17:46:01","2026-05-08 17:46:01","2026-05-08 17:46:01","2026-05-09 01:01:43","X202605000617766","Y",""
"XDIST202605080004993592","엑셀수기배분","30028","광주상무(직)","위탁","25S","DXTB7A053","BKS","32","출고완료","1","1","0","1","김주형(RLAWNGUD14)","2026-05-08","2026-05-08","2026-05-08 17:46:01","2026-05-08 17:46:01","2026-05-08 17:46:01","2026-05-09 01:01:43","X202605000617766","Y",""
"XDIST202605080004993592","엑셀수기배분","30028","광주상무(직)","위탁","25S","DXTB7A053","BKS","38","출고완료","1","1","0","1","김주형(RLAWNGUD14)","2026-05-08","2026-05-08","2026-05-08 17:46:01","2026-05-08 17:46:01","2026-05-08 17:46:01","2026-05-09 01:01:52","X202605000617766","Y",""
"XDIST202605080004993592","엑셀수기배분","30028","광주상무(직)","위탁","25S","DXTB7A053","GRD","36","출고완료","1","1","0","1","김주형(RLAWNGUD14)","2026-05-08","2026-05-08","2026-05-08 17:46:01","2026-05-08 17:46:01","2026-05-08 17:46:01","2026-05-09 01:01:52","X202605000617766","Y",""
"XDIST202605080004993592","엑셀수기배분","30028","광주상무(직)","위탁","25S","DMTP63053","BKS","32","출고완료","1","1","0","1","김주형(RLAWNGUD14)","2026-05-08","2026-05-08","2026-05-08 17:46:02","2026-05-08 17:46:02","2026-05-08 17:46:02","2026-05-09 01:01:43","X202605000617767","Y",""
"XDIST202605080004993592","엑셀수기배분","30028","광주상무(직)","위탁","25S","DXTR7A053","GRD","100","출고완료","1","1","0","1","김주형(RLAWNGUD14)","2026-05-08","2026-05-08","2026-05-08 17:46:02","2026-05-08 17:46:02","2026-05-08 17:46:02","2026-05-09 01:01:56","X202605000617768","Y",""
"XDIST202605080004993592","엑셀수기배분","30028","광주상무(직)","위탁","25S","DXTR7E053","BGS","90","출고완료","1","1","0","1","김주형(RLAWNGUD14)","2026-05-08","2026-05-08","2026-05-08 17:46:02","2026-05-08 17:46:02","2026-05-08 17:46:02","2026-05-09 01:01:47","X202605000617768","Y",""
"XDIST202605080004993592","엑셀수기배분","30028","광주상무(직)","위탁","25S","DWTS74053","BKS","90","출고완료","1","1","0","1","김주형(RLAWNGUD14)","2026-05-08","2026-05-08","2026-05-08 17:46:02","2026-05-08 17:46:02","2026-05-08 17:46:02","2026-05-09 01:01:46","X202605000617769","Y",""
"XDIST202605080004993592","엑셀수기배분","50157","충주(대-위)","위탁","25S","DMRS81053","DGS","115","출고완료","1","1","0","1","김주형(RLAWNGUD14)","2026-05-08","2026-05-08","2026-05-08 17:32:01","2026-05-08 17:32:01","2026-05-08 17:32:01","2026-05-09 01:02:08","X202605000617772","Y",""
"XDIST202605080004993592","엑셀수기배분","50157","충주(대-위)","위탁","25S","DMRS85053","BKS","95","출고완료","2","2","0","2","김주형(RLAWNGUD14)","2026-05-08","2026-05-08","2026-05-08 17:32:01","2026-05-08 17:32:01","2026-05-08 17:32:01","2026-05-09 01:02:08","X202605000617772","Y",""
"XDIST202605080004993592","엑셀수기배분","50157","충주(대-위)","위탁","25S","DMRS85053","GRD","110","출고완료","1","1","0","1","김주형(RLAWNGUD14)","2026-05-08","2026-05-08","2026-05-08 17:32:01","2026-05-08 17:32:01","2026-05-08 17:32:01","2026-05-09 01:02:08","X202605000617772","Y",""
"XDIST202605080004993592","엑셀수기배분","50157","충주(대-위)","위탁","25S","DMRS85053","LKS","100","출고완료","1","1","0","1","김주형(RLAWNGUD14)","2026-05-08","2026-05-08","2026-05-08 17:32:01","2026-05-08 17:32:01","2026-05-08 17:32:01","2026-05-09 01:02:26","X202605000617772","Y",""
"XDIST202605080004993592","엑셀수기배분","50157","충주(대-위)","위탁","25S","DWRS74053","WHS","95","출고완료","3","3","0","3","김주형(RLAWNGUD14)","2026-05-08","2026-05-08","2026-05-08 17:32:01","2026-05-08 17:32:01","2026-05-08 17:32:01","2026-05-09 01:02:06","X202605000617772","Y",""
"XDIST202605080004993592","엑셀수기배분","50157","충주(대-위)","위탁","25S","DWRS9P053","WID","95","출고완료","1","1","0","1","김주형(RLAWNGUD14)","2026-05-08","2026-05-08","2026-05-08 17:32:02","2026-05-08 17:32:02","2026-05-08 17:32:02","2026-05-09 01:02:26","X202605000617772","Y",""
"XDIST202605080004993592","엑셀수기배분","50157","충주(대-위)","위탁","25S","DXRS8R053","WHS","90","출고완료","1","1","0","1","김주형(RLAWNGUD14)","2026-05-08","2026-05-08","2026-05-08 17:32:02","2026-05-08 17:32:02","2026-05-08 17:32:02","2026-05-09 01:01:45","X202605000617772","Y",""
"XDIST202605080004993592","엑셀수기배분","50157","충주(대-위)","위탁","25S","DWTB66053","MGS","25","출고완료","1","1","0","1","김주형(RLAWNGUD14)","2026-05-08","2026-05-08","2026-05-08 17:32:02","2026-05-08 17:32:02","2026-05-08 17:32:02","2026-05-09 01:02:04","X202605000617773","Y",""
"XDIST202605080004993592","엑셀수기배분","50157","충주(대-위)","위탁","25S","DWTB94053","BKS","25","출고완료","2","2","0","2","김주형(RLAWNGUD14)","2026-05-08","2026-05-08","2026-05-08 17:32:02","2026-05-08 17:32:02","2026-05-08 17:32:02","2026-05-09 01:02:26","X202605000617773","Y",""
"XDIST202605080004993592","엑셀수기배분","50157","충주(대-위)","위탁","25S","DWTB94053","BKS","26","출고완료","2","2","0","2","김주형(RLAWNGUD14)","2026-05-08","2026-05-08","2026-05-08 17:32:02","2026-05-08 17:32:02","2026-05-08 17:32:02","2026-05-09 01:02:08","X202605000617773","Y",""
"XDIST202605080004993592","엑셀수기배분","50157","충주(대-위)","위탁","25S","DWTB9B053","BKS","25","출고완료","1","1","0","1","김주형(RLAWNGUD14)","2026-05-08","2026-05-08","2026-05-08 17:32:02","2026-05-08 17:32:02","2026-05-08 17:32:02","2026-05-09 01:02:04","X202605000617773","Y",""
"XDIST202605080004993592","엑셀수기배분","50157","충주(대-위)","위탁","25S","DXTB7A053","BGL","36","출고완료","1","1","0","1","김주형(RLAWNGUD14)","2026-05-08","2026-05-08","2026-05-08 17:32:02","2026-05-08 17:32:02","2026-05-08 17:32:02","2026-05-09 01:02:04","X202605000617773","Y",""
"XDIST202605080004993592","엑셀수기배분","50157","충주(대-위)","위탁","25S","DXTB7A053","BKS","32","출고완료","1","1","0","1","김주형(RLAWNGUD14)","2026-05-08","2026-05-08","2026-05-08 17:32:02","2026-05-08 17:32:02","2026-05-08 17:32:02","2026-05-09 01:02:04","X202605000617773","Y",""
"XDIST202605080004993592","엑셀수기배분","50157","충주(대-위)","위탁","25S","DXTB7A053","GRD","30","출고완료","1","1","0","1","김주형(RLAWNGUD14)","2026-05-08","2026-05-08","2026-05-08 17:32:02","2026-05-08 17:32:02","2026-05-08 17:32:02","2026-05-09 01:02:26","X202605000617773","Y",""
"XDIST202605080004993592","엑셀수기배분","50157","충주(대-위)","위탁","25S","DMTP73053","BKS","30","출고완료","1","1","0","1","김주형(RLAWNGUD14)","2026-05-08","2026-05-08","2026-05-08 17:32:02","2026-05-08 17:32:02","2026-05-08 17:32:02","2026-05-09 01:02:01","X202605000617774","Y",""
"XDIST202605080004993592","엑셀수기배분","50157","충주(대-위)","위탁","25S","DMTP73053","BKS","36","출고완료","1","1","0","1","김주형(RLAWNGUD14)","2026-05-08","2026-05-08","2026-05-08 17:32:02","2026-05-08 17:32:02","2026-05-08 17:32:02","2026-05-09 01:02:06","X202605000617774","Y",""
"XDIST202605080004993592","엑셀수기배분","50157","충주(대-위)","위탁","25S","DWTP74053","BKS","26","출고완료","1","1","0","1","김주형(RLAWNGUD14)","2026-05-08","2026-05-08","2026-05-08 17:32:02","2026-05-08 17:32:02","2026-05-08 17:32:02","2026-05-09 01:02:04","X202605000617774","Y",""
"XDIST202605080004993592","엑셀수기배분","50157","충주(대-위)","위탁","25S","DXTR7E053","BGS","105","출고완료","1","1","0","1","김주형(RLAWNGUD14)","2026-05-08","2026-05-08","2026-05-08 17:32:02","2026-05-08 17:32:02","2026-05-08 17:32:02","2026-05-09 01:02:08","X202605000617775","Y",""
"XDIST202605080004993592","엑셀수기배분","50157","충주(대-위)","위탁","25S","DXTR7E053","BGS","110","출고완료","1","1","0","1","김주형(RLAWNGUD14)","2026-05-08","2026-05-08","2026-05-08 17:32:02","2026-05-08 17:32:02","2026-05-08 17:32:02","2026-05-09 01:02:06","X202605000617775","Y",""
"XDIST202605080004993592","엑셀수기배분","50157","충주(대-위)","위탁","25S","DXTR7E053","BKS","105","출고완료","1","1","0","1","김주형(RLAWNGUD14)","2026-05-08","2026-05-08","2026-05-08 17:32:02","2026-05-08 17:32:02","2026-05-08 17:32:02","2026-05-09 01:01:45","X202605000617775","Y",""
"XDIST202605080004993592","엑셀수기배분","50157","충주(대-위)","위탁","25S","DMTS63053","MDS","105","출고완료","2","2","0","2","김주형(RLAWNGUD14)","2026-05-08","2026-05-08","2026-05-08 17:32:02","2026-05-08 17:32:02","2026-05-08 17:32:02","2026-05-09 01:02:01","X202605000617776","Y",""
"XDIST202605080004993592","엑셀수기배분","50157","충주(대-위)","위탁","25S","DMTS73053","DGS","100","출고완료","1","1","0","1","김주형(RLAWNGUD14)","2026-05-08","2026-05-08","2026-05-08 17:32:02","2026-05-08 17:32:02","2026-05-08 17:32:02","2026-05-09 01:02:01","X202605000617776","Y",""
"XDIST202605080004993592","엑셀수기배분","50157","충주(대-위)","위탁","25S","DMTS73053","WHS","100","출고완료","1","1","0","1","김주형(RLAWNGUD14)","2026-05-08","2026-05-08","2026-05-08 17:32:02","2026-05-08 17:32:02","2026-05-08 17:32:02","2026-05-09 01:02:01","X202605000617776","Y",""
"XDIST202605080004993592","엑셀수기배분","50190","아트몰링하단(대-위)","위탁","25S","DMPT73053","BKS","30","출고완료","1","1","0","1","김주형(RLAWNGUD14)","2026-05-08","2026-05-08","2026-05-08 17:33:10","2026-05-08 17:33:10","2026-05-08 17:33:10","2026-05-09 01:02:02","X202605000617777","Y",""
"XDIST202605080004993592","엑셀수기배분","50190","아트몰링하단(대-위)","위탁","25S","DMPT7E053","BRD","30","출고완료","1","1","0","1","김주형(RLAWNGUD14)","2026-05-08","2026-05-08","2026-05-08 17:33:10","2026-05-08 17:33:10","2026-05-08 17:33:10","2026-05-09 01:02:06","X202605000617777","Y",""
"XDIST202605080004993592","엑셀수기배분","50190","아트몰링하단(대-위)","위탁","25S","DMRS63053","BKS","100","출고완료","2","2","0","2","김주형(RLAWNGUD14)","2026-05-08","2026-05-08","2026-05-08 17:33:10","2026-05-08 17:33:10","2026-05-08 17:33:10","2026-05-09 01:02:07","X202605000617778","Y",""
"XDIST202605080004993592","엑셀수기배분","50190","아트몰링하단(대-위)","위탁","25S","DMRS6A053","BKS","100","출고완료","2","2","0","2","김주형(RLAWNGUD14)","2026-05-08","2026-05-08","2026-05-08 17:33:10","2026-05-08 17:33:10","2026-05-08 17:33:10","2026-05-09 01:02:06","X202605000617778","Y",""
"XDIST202605080004993592","엑셀수기배분","50190","아트몰링하단(대-위)","위탁","25S","DXRS8R053","PPS","95","출고완료","1","1","0","1","김주형(RLAWNGUD14)","2026-05-08","2026-05-08","2026-05-08 17:33:10","2026-05-08 17:33:10","2026-05-08 17:33:10","2026-05-09 01:02:03","X202605000617778","Y",""
"XDIST202605080004993592","엑셀수기배분","50190","아트몰링하단(대-위)","위탁","25S","DXRS8T053","KAD","105","출고완료","1","1","0","1","김주형(RLAWNGUD14)","2026-05-08","2026-05-08","2026-05-08 17:33:10","2026-05-08 17:33:10","2026-05-08 17:33:10","2026-05-09 01:02:07","X202605000617778","Y",""
"XDIST202605080004993592","엑셀수기배분","50190","아트몰링하단(대-위)","위탁","25S","DXRS8T053","WHS","95","출고완료","1","1","0","1","김주형(RLAWNGUD14)","2026-05-08","2026-05-08","2026-05-08 17:33:10","2026-05-08 17:33:10","2026-05-08 17:33:10","2026-05-09 01:02:07","X202605000617778","Y",""
"XDIST202605080004993592","엑셀수기배분","50190","아트몰링하단(대-위)","위탁","25S","DMSB71053","DGS","30","출고완료","1","1","0","1","김주형(RLAWNGUD14)","2026-05-08","2026-05-08","2026-05-08 17:33:10","2026-05-08 17:33:10","2026-05-08 17:33:10","2026-05-09 01:02:03","X202605000617779","Y",""
"XDIST202605080004993592","엑셀수기배분","50190","아트몰링하단(대-위)","위탁","25S","DMSB71053","TQS","32","출고완료","1","1","0","1","김주형(RLAWNGUD14)","2026-05-08","2026-05-08","2026-05-08 17:33:10","2026-05-08 17:33:10","2026-05-08 17:33:10","2026-05-09 01:02:02","X202605000617779","Y",""
"XDIST202605080004993592","엑셀수기배분","50190","아트몰링하단(대-위)","위탁","25S","DMSP61053","BKS","32","출고완료","1","1","0","1","김주형(RLAWNGUD14)","2026-05-08","2026-05-08","2026-05-08 17:33:10","2026-05-08 17:33:10","2026-05-08 17:33:10","2026-05-09 01:01:56","X202605000617780","Y",""
"XDIST202605080004993592","엑셀수기배분","50190","아트몰링하단(대-위)","위탁","25S","DMSP61053","DGS","32","출고완료","1","1","0","1","김주형(RLAWNGUD14)","2026-05-08","2026-05-08","2026-05-08 17:33:10","2026-05-08 17:33:10","2026-05-08 17:33:10","2026-05-09 01:01:56","X202605000617780","Y",""
"XDIST202605080004993592","엑셀수기배분","50190","아트몰링하단(대-위)","위탁","25S","DMSP61053","KAL","30","출고완료","1","1","0","1","김주형(RLAWNGUD14)","2026-05-08","2026-05-08","2026-05-08 17:33:10","2026-05-08 17:33:10","2026-05-08 17:33:10","2026-05-09 01:02:09","X202605000617780","Y",""
"XDIST202605080004993592","엑셀수기배분","50190","아트몰링하단(대-위)","위탁","25S","DMSP7C053","BGD","30","출고완료","1","1","0","1","김주형(RLAWNGUD14)","2026-05-08","2026-05-08","2026-05-08 17:33:10","2026-05-08 17:33:10","2026-05-08 17:33:10","2026-05-09 01:02:06","X202605000617780","Y",""
"XDIST202605080004993592","엑셀수기배분","50190","아트몰링하단(대-위)","위탁","25S","DMSP7C053","BKS","36","출고완료","1","1","0","1","김주형(RLAWNGUD14)","2026-05-08","2026-05-08","2026-05-08 17:33:10","2026-05-08 17:33:10","2026-05-08 17:33:10","2026-05-09 01:02:07","X202605000617780","Y",""
"XDIST202605080004993592","엑셀수기배분","50190","아트몰링하단(대-위)","위탁","25S","DMSP7C053","GRD","32","출고완료","1","1","0","1","김주형(RLAWNGUD14)","2026-05-08","2026-05-08","2026-05-08 17:33:10","2026-05-08 17:33:10","2026-05-08 17:33:10","2026-05-09 01:02:07","X202605000617780","Y",""
"XDIST202605080004993592","엑셀수기배분","50190","아트몰링하단(대-위)","위탁","25S","DMSW63053","WHS","105","출고완료","1","1","0","1","김주형(RLAWNGUD14)","2026-05-08","2026-05-08","2026-05-08 17:33:11","2026-05-08 17:33:11","2026-05-08 17:33:11","2026-05-09 01:02:09","X202605000617781","Y",""
"XDIST202605080004993592","엑셀수기배분","50190","아트몰링하단(대-위)","위탁","25S","DMSW75053","WHS","105","출고완료","1","1","0","1","김주형(RLAWNGUD14)","2026-05-08","2026-05-08","2026-05-08 17:33:11","2026-05-08 17:33:11","2026-05-08 17:33:11","2026-05-09 01:02:07","X202605000617781","Y",""
"XDIST202605080004993592","엑셀수기배분","50190","아트몰링하단(대-위)","위탁","25S","DWSW92053","BKL","90","출고완료","1","1","0","1","김주형(RLAWNGUD14)","2026-05-08","2026-05-08","2026-05-08 17:33:11","2026-05-08 17:33:11","2026-05-08 17:33:11","2026-05-09 01:02:09","X202605000617781","Y",""
"XDIST202605080004993592","엑셀수기배분","50190","아트몰링하단(대-위)","위탁","25S","DWSW92053","CRP","90","출고완료","1","1","0","1","김주형(RLAWNGUD14)","2026-05-08","2026-05-08","2026-05-08 17:33:11","2026-05-08 17:33:11","2026-05-08 17:33:11","2026-05-09 01:02:06","X202605000617781","Y",""
"XDIST202605080004993592","엑셀수기배분","50190","아트몰링하단(대-위)","위탁","25S","DMWJ71053","OLD","105","출고완료","1","1","0","1","김주형(RLAWNGUD14)","2026-05-08","2026-05-08","2026-05-08 17:33:11","2026-05-08 17:33:11","2026-05-08 17:33:11","2026-05-09 01:02:02","X202605000617786","Y",""
"XDIST202605080004993592","엑셀수기배분","50190","아트몰링하단(대-위)","위탁","25S","DWSK91053","KAL","26","출고완료","1","1","0","1","김주형(RLAWNGUD14)","2026-05-08","2026-05-08","2026-05-08 17:33:11","2026-05-08 17:33:11","2026-05-08 17:33:11","2026-05-09 01:02:09","X202605000617788","Y",""
"XDIST202605080004993592","엑셀수기배분","50190","아트몰링하단(대-위)","위탁","25S","DWSK91053","OLD","27","출고완료","1","1","0","1","김주형(RLAWNGUD14)","2026-05-08","2026-05-08","2026-05-08 17:33:11","2026-05-08 17:33:11","2026-05-08 17:33:11","2026-05-09 01:02:03","X202605000617788","Y",""
"XDIST202605070004991639","MD요청-상품","30046","LF스퀘어광양(직)","위탁","25N","DXCP5015N","ORS","58","출고완료","1","1","0","1","장윤희(YHJANG)","2026-05-07","2026-05-08","2026-05-08 17:49:03","2026-05-08 17:49:03","2026-05-08 17:49:03","2026-05-09 01:01:41","X202605000556342","Y",""
"XDIST202605070004991639","MD요청-상품","30043","스타필드안성(직)","위탁","25N","DXCP5015N","ORS","56","출고완료","1","1","0","1","장윤희(YHJANG)","2026-05-07","2026-05-08","2026-05-08 17:33:04","2026-05-08 17:33:04","2026-05-08 17:33:04","2026-05-09 01:02:48","X202605000556344","Y",""
"XDIST202605070004991639","MD요청-상품","50157","충주(대-위)","위탁","25N","DXCP5015N","ORS","56","출고완료","1","1","0","1","장윤희(YHJANG)","2026-05-07","2026-05-08","2026-05-08 17:33:04","2026-05-08 17:33:04","2026-05-08 17:33:04","2026-05-09 01:02:01","X202605000556345","Y",""
"XDIST202605070004991639","MD요청-상품","50159","용인(대-위)","위탁","25N","DXCP5015N","ORS","56","출고완료","1","1","0","1","장윤희(YHJANG)","2026-05-07","2026-05-08","2026-05-08 17:33:04","2026-05-08 17:33:04","2026-05-08 17:33:04","2026-05-09 01:02:17","X202605000556348","Y",""
"XDIST202605060004973614","MD요청-상품","10081","신세계스타일마켓","위탁","26S","DXTR7C063","BKS","100","출고완료","2","2","0","2","권현정(KHJEONG)","2026-05-06","2026-05-06","2026-05-06 17:27:04","2026-05-06 17:27:04","2026-05-06 17:27:04","2026-05-07 01:02:37","X202605000364316","Y",""
"XDIST202605060004973614","MD요청-상품","50122","상주(대-위)","위탁","26S","DXTR7C063","BKS","100","출고완료","2","2","0","2","권현정(KHJEONG)","2026-05-06","2026-05-06","2026-05-06 17:27:04","2026-05-06 17:27:04","2026-05-06 17:27:04","2026-05-07 01:02:34","X202605000364320","Y",""
"XDIST202605060004973614","MD요청-상품","50157","충주(대-위)","위탁","26S","DXTR7C063","BKS","100","출고완료","2","2","0","2","권현정(KHJEONG)","2026-05-06","2026-05-06","2026-05-06 17:30:16","2026-05-06 17:30:16","2026-05-06 17:30:16","2026-05-07 01:04:20","X202605000364322","Y",""
"XDIST202605070004984929","MD요청-상품","50160","정읍(대-위)","위탁","26S","DKAZ22063","WHS","130","출고완료","1","1","0","1","김소진(SOJIN1027)","2026-05-07","2026-05-07","2026-05-07 16:54:08","2026-05-07 16:54:08","2026-05-07 16:54:08","2026-05-08 01:02:34","X202605000487173","Y",""
"XDIST202605070004984929","MD요청-상품","50165","청주율량(대-위)","위탁","26S","DKAZ22063","WHS","130","출고완료","1","1","0","1","김소진(SOJIN1027)","2026-05-07","2026-05-07","2026-05-07 16:54:08","2026-05-07 16:54:08","2026-05-07 16:54:08","2026-05-08 01:02:22","X202605000487181","Y",""
"XDIST202605070004984929","MD요청-상품","50047","순천중앙(대-위)","위탁","26S","DKAZ22063","WHS","150","출고완료","1","1","0","1","김소진(SOJIN1027)","2026-05-07","2026-05-07","2026-05-07 16:54:08","2026-05-07 16:54:08","2026-05-07 16:54:08","2026-05-08 01:02:39","X202605000487183","Y",""
"XDIST202605070004984929","MD요청-상품","50200","홍천(대-위)","위탁","26S","DKAZ22063","WHS","130","출고완료","1","1","0","1","김소진(SOJIN1027)","2026-05-07","2026-05-07","2026-05-07 17:07:08","2026-05-07 17:07:08","2026-05-07 17:07:08","2026-05-08 01:02:26","X202605000487185","Y",""
"XDIST202605070004984929","MD요청-상품","50007","에버세이브청주(대-위)","위탁","26S","DKAZ22063","WHS","150","출고완료","1","1","0","1","김소진(SOJIN1027)","2026-05-07","2026-05-07","2026-05-07 16:54:08","2026-05-07 16:54:08","2026-05-07 16:54:08","2026-05-08 01:02:31","X202605000487188","Y",""
"XDIST202605070004984929","MD요청-상품","50007","에버세이브청주(대-위)","위탁","26S","DKAZ22063","WHS","130","출고완료","1","1","0","1","김소진(SOJIN1027)","2026-05-07","2026-05-07","2026-05-07 16:54:08","2026-05-07 16:54:08","2026-05-07 16:54:08","2026-05-08 01:02:31","X202605000487188","Y",""
"XDIST202605070004984929","MD요청-상품","10039","AK원주","위탁","26S","DKAZ22063","WHS","140","출고완료","1","1","0","1","김소진(SOJIN1027)","2026-05-07","2026-05-07","2026-05-07 17:08:01","2026-05-07 17:08:01","2026-05-07 17:08:01","2026-05-08 01:02:55","X202605000487194","Y",""
"XDIST202605070004984929","MD요청-상품","11007","K_신세계천안아산","위탁","26S","DKAZ22063","WHS","140","출고완료","1","1","0","1","김소진(SOJIN1027)","2026-05-07","2026-05-07","2026-05-07 17:07:08","2026-05-07 17:07:08","2026-05-07 17:07:08","2026-05-08 01:02:14","X202605000487195","Y",""
"XDIST202605070004984929","MD요청-상품","50053","전주송천(대-위)","위탁","26S","DKAZ22063","WHS","140","출고완료","1","1","0","1","김소진(SOJIN1027)","2026-05-07","2026-05-07","2026-05-07 17:07:08","2026-05-07 17:07:08","2026-05-07 17:07:08","2026-05-08 01:02:30","X202605000487197","Y",""
"XDIST202605070004984929","MD요청-상품","50210","해남(대-위)","위탁","26S","DKAZ22063","WHS","150","출고완료","1","1","0","1","김소진(SOJIN1027)","2026-05-07","2026-05-07","2026-05-07 17:07:08","2026-05-07 17:07:08","2026-05-07 17:07:08","2026-05-08 01:02:56","X202605000487198","Y",""
"XDIST202605070004984929","MD요청-상품","50134","광명점(대-위)","위탁","26S","DKAZ22063","WHS","140","출고완료","1","1","0","1","김소진(SOJIN1027)","2026-05-07","2026-05-07","2026-05-07 16:54:08","2026-05-07 16:54:08","2026-05-07 16:54:08","2026-05-08 01:04:23","X202605000487200","Y",""
"XDIST202605070004984929","MD요청-상품","50178","태백(대-위)","위탁","26S","DKAZ22063","WHS","140","출고완료","1","1","0","1","김소진(SOJIN1027)","2026-05-07","2026-05-07","2026-05-07 16:54:08","2026-05-07 16:54:08","2026-05-07 16:54:08","2026-05-08 01:02:40","X202605000487201","Y",""
"XDIST202605070004984929","MD요청-상품","50182","금왕(대-위)","위탁","26S","DKAZ22063","WHS","150","출고완료","1","1","0","1","김소진(SOJIN1027)","2026-05-07","2026-05-07","2026-05-07 16:54:08","2026-05-07 16:54:08","2026-05-07 16:54:08","2026-05-08 01:02:44","X202605000487210","Y",""
"XDIST202605070004984929","MD요청-상품","50063","스퀘어원(대-위)","위탁","26S","DKAZ22063","WHS","150","출고완료","1","1","0","1","김소진(SOJIN1027)","2026-05-07","2026-05-07","2026-05-07 16:54:08","2026-05-07 16:54:08","2026-05-07 16:54:08","2026-05-08 01:04:24","X202605000487213","Y",""
"XDIST202605070004984929","MD요청-상품","50063","스퀘어원(대-위)","위탁","26S","DKAZ22063","WHS","130","출고완료","1","1","0","1","김소진(SOJIN1027)","2026-05-07","2026-05-07","2026-05-07 16:54:08","2026-05-07 16:54:08","2026-05-07 16:54:08","2026-05-08 01:04:24","X202605000487213","Y",""
"XDIST202605070004984929","MD요청-상품","50020","안동(대-위)","위탁","26S","DKAZ22063","WHS","130","출고완료","1","1","0","1","김소진(SOJIN1027)","2026-05-07","2026-05-07","2026-05-07 16:54:08","2026-05-07 16:54:08","2026-05-07 16:54:08","2026-05-08 01:02:29","X202605000487217","Y",""
"XDIST202605070004984929","MD요청-상품","50185","모다경주(대-위)","위탁","26S","DKAZ22063","WHS","140","출고완료","1","1","0","1","김소진(SOJIN1027)","2026-05-07","2026-05-07","2026-05-07 17:07:08","2026-05-07 17:07:08","2026-05-07 17:07:08","2026-05-08 01:02:14","X202605000487218","Y",""
"XDIST202605070004991696","MD요청-상품","31006","명동점(직)","위탁","25N","DXCP6015N","NYD","56","출고완료","3","3","0","3","장윤희(YHJANG)","2026-05-07","2026-05-08","2026-05-08 17:33:04","2026-05-08 17:33:04","2026-05-08 17:33:04","2026-05-09 13:23:00","X202605000556481","Y",""
"XDIST202605070004984929","MD요청-상품","50102","일산덕이(대-위)","위탁","26S","DKAZ22063","WHS","130","출고완료","1","1","0","1","김소진(SOJIN1027)","2026-05-07","2026-05-07","2026-05-07 16:54:08","2026-05-07 16:54:08","2026-05-07 16:54:08","2026-05-08 01:02:35","X202605000487223","Y",""
"XDIST202605070004984929","MD요청-상품","50146","안산사동(대-위)","위탁","26S","DKAZ22063","WHS","140","출고완료","1","1","0","1","김소진(SOJIN1027)","2026-05-07","2026-05-07","2026-05-07 16:54:08","2026-05-07 16:54:08","2026-05-07 16:54:08","2026-05-08 01:02:50","X202605000487225","Y",""
"XDIST202605070004984929","MD요청-상품","50148","김천(대-위)","위탁","26S","DKAZ22063","WHS","140","출고완료","1","1","0","1","김소진(SOJIN1027)","2026-05-07","2026-05-07","2026-05-07 16:54:08","2026-05-07 16:54:08","2026-05-07 16:54:08","2026-05-08 01:02:24","X202605000487229","Y",""
"XDIST202605070004984929","MD요청-상품","11013","K_롯데대구","위탁","26S","DKAZ22063","WHS","150","출고완료","1","1","0","1","김소진(SOJIN1027)","2026-05-07","2026-05-07","2026-05-07 17:07:08","2026-05-07 17:07:08","2026-05-07 17:07:08","2026-05-08 01:02:33","X202605000487230","Y",""
"XDIST202605070004984929","MD요청-상품","11014","K_롯데울산","위탁","26S","DKAZ22063","WHS","150","출고완료","1","1","0","1","김소진(SOJIN1027)","2026-05-07","2026-05-07","2026-05-07 17:07:08","2026-05-07 17:07:08","2026-05-07 17:07:08","2026-05-08 01:02:33","X202605000487236","Y",""
"XDIST202605070004984929","MD요청-상품","50191","타임테라스동탄(대-위)","위탁","26S","DKAZ22063","WHS","140","출고완료","1","1","0","1","김소진(SOJIN1027)","2026-05-07","2026-05-07","2026-05-07 17:07:08","2026-05-07 17:07:08","2026-05-07 17:07:08","2026-05-08 01:02:54","X202605000487240","Y",""
"XDIST202605070004984929","MD요청-상품","50193","화순(대-위)","위탁","26S","DKAZ22063","WHS","140","출고완료","1","1","0","1","김소진(SOJIN1027)","2026-05-07","2026-05-07","2026-05-07 16:54:08","2026-05-07 16:54:08","2026-05-07 16:54:08","2026-05-08 01:02:45","X202605000487241","Y",""
"XDIST202605070004984929","MD요청-상품","50151","속초(대-위)","위탁","26S","DKAZ22063","WHS","140","출고완료","1","1","0","1","김소진(SOJIN1027)","2026-05-07","2026-05-07","2026-05-07 16:54:08","2026-05-07 16:54:08","2026-05-07 16:54:08","2026-05-08 01:02:39","X202605000487242","Y",""
"XDIST202605070004984929","MD요청-상품","50073","거제고현(대-위)","위탁","26S","DKAZ22063","WHS","150","출고완료","1","1","0","1","김소진(SOJIN1027)","2026-05-07","2026-05-07","2026-05-07 17:07:08","2026-05-07 17:07:08","2026-05-07 17:07:08","2026-05-08 01:03:01","X202605000487243","Y",""
"XDIST202605070004984929","MD요청-상품","50111","패션아일랜드(대-위)","위탁","26S","DKAZ22063","WHS","150","출고완료","1","1","0","1","김소진(SOJIN1027)","2026-05-07","2026-05-07","2026-05-07 17:08:01","2026-05-07 17:08:01","2026-05-07 17:08:01","2026-05-08 01:02:32","X202605000487244","Y",""
"XDIST202605070004984929","MD요청-상품","50114","원주중앙(대-위)","위탁","26S","DKAZ22063","WHS","150","출고완료","1","1","0","1","김소진(SOJIN1027)","2026-05-07","2026-05-07","2026-05-07 17:07:08","2026-05-07 17:07:08","2026-05-07 17:07:08","2026-05-08 01:03:00","X202605000487251","Y",""
"XDIST202605070004984929","MD요청-상품","50114","원주중앙(대-위)","위탁","26S","DKAZ22063","WHS","130","출고완료","1","1","0","1","김소진(SOJIN1027)","2026-05-07","2026-05-07","2026-05-07 17:07:08","2026-05-07 17:07:08","2026-05-07 17:07:08","2026-05-08 01:03:00","X202605000487251","Y",""
"XDIST202605060004974215","MD요청-상품","50099","안양(대-위)","위탁","26S","DWRS97063","PCL","95","출고완료","1","1","0","1","권현정(KHJEONG)","2026-05-06","2026-05-06","2026-05-06 17:31:05","2026-05-06 17:31:05","2026-05-06 17:31:05","2026-05-07 01:03:39","X202605000364939","Y",""
"XDIST202605070004990647","MD요청-상품","50065","화성봉담(대-위)","위탁","25N","DXCP5025N","NYD","58","출고완료","4","4","0","4","장윤희(YHJANG)","2026-05-07","2026-05-08","2026-05-08 17:49:03","2026-05-08 17:49:03","2026-05-08 17:49:03","2026-05-09 01:01:39","X202605000552471","Y",""
"XDIST202605070004990647","MD요청-상품","50185","모다경주(대-위)","위탁","25N","DXCP5025N","NYD","58","출고완료","4","4","0","4","장윤희(YHJANG)","2026-05-07","2026-05-08","2026-05-08 17:49:03","2026-05-08 17:49:03","2026-05-08 17:49:03","2026-05-09 01:01:37","X202605000552472","Y",""
"XDIST202605060004974215","MD요청-상품","30015","타임스퀘어영등포(직)","위탁","26S","DWRS97063","PCL","95","출고완료","1","1","0","1","권현정(KHJEONG)","2026-05-06","2026-05-06","2026-05-06 17:26:09","2026-05-06 17:26:09","2026-05-06 17:26:09","2026-05-07 01:06:06","X202605000364945","Y",""
"XDIST202605060004974216","MD요청-상품","50193","화순(대-위)","위탁","26S","DWRS8J063","IVS","95","출고완료","1","1","0","1","권현정(KHJEONG)","2026-05-06","2026-05-06","2026-05-06 17:30:17","2026-05-06 17:30:17","2026-05-06 17:30:17","2026-05-07 01:04:25","X202605000364952","Y",""
"XDIST202605060004974216","MD요청-상품","50185","모다경주(대-위)","위탁","26S","DWRS8J063","IVS","90","출고완료","1","1","0","1","권현정(KHJEONG)","2026-05-06","2026-05-06","2026-05-06 17:27:04","2026-05-06 17:27:04","2026-05-06 17:27:04","2026-05-07 01:04:01","X202605000364958","Y",""
"XDIST202605060004974216","MD요청-상품","50089","퍼스트빌리지(대-위)","위탁","26S","DWRS8J063","IVS","95","출고완료","1","1","0","1","권현정(KHJEONG)","2026-05-06","2026-05-06","2026-05-06 17:27:04","2026-05-06 17:27:04","2026-05-06 17:27:04","2026-05-07 01:03:54","X202605000364960","Y",""
"XDIST202605060004974216","MD요청-상품","50179","나주(대-위)","위탁","26S","DWRS8J063","IVS","95","출고완료","1","1","0","1","권현정(KHJEONG)","2026-05-06","2026-05-06","2026-05-06 17:30:17","2026-05-06 17:30:17","2026-05-06 17:30:17","2026-05-07 01:04:12","X202605000364962","Y",""
"XDIST202605060004975243","엑셀수기배분","11018","K_LF스퀘어광양","위탁","26S","DWPT78063","BES","27","출고완료","1","1","0","1","이훈희(LEEHH1149)","2026-05-06","2026-05-07","2026-05-07 17:07:00","2026-05-07 17:07:00","2026-05-07 17:07:00","2026-05-08 01:02:22","X202605000366744","Y",""
"XDIST202605070004990843","MD요청-상품","10044","롯데구리","위탁","25N","DXCP5015N","BES","56","출고완료","1","1","0","1","장윤희(YHJANG)","2026-05-07","2026-05-08","2026-05-08 17:49:03","2026-05-08 17:49:03","2026-05-08 17:49:03","2026-05-09 01:03:17","X202605000553214","Y",""
"XDIST202605060004973820","MD요청-상품","50184","천안쌍용(대-위)","위탁","26S","DXRS5G063","PCS","100","출고완료","1","1","0","1","권현정(KHJEONG)","2026-05-06","2026-05-06","2026-05-06 17:31:05","2026-05-06 17:31:05","2026-05-06 17:31:05","2026-05-07 01:04:26","X202605000364516","Y",""
"XDIST202605060004973820","MD요청-상품","50140","에버랜드용인(대-위)","위탁","26S","DXRS5G063","PCS","90","출고완료","1","1","0","1","권현정(KHJEONG)","2026-05-06","2026-05-06","2026-05-06 17:30:16","2026-05-06 17:30:16","2026-05-06 17:30:16","2026-05-07 01:05:59","X202605000364517","Y",""
"XDIST202605060004973820","MD요청-상품","50069","신포(대-위)","위탁","26S","DXRS5G063","PCS","100","출고완료","1","1","0","1","권현정(KHJEONG)","2026-05-06","2026-05-06","2026-05-06 17:26:09","2026-05-06 17:26:09","2026-05-06 17:26:09","2026-05-07 01:06:06","X202605000364523","Y",""
"XDIST202605060004973820","MD요청-상품","50102","일산덕이(대-위)","위탁","26S","DXRS5G063","PCS","90","출고완료","1","1","0","1","권현정(KHJEONG)","2026-05-06","2026-05-06","2026-05-06 17:30:16","2026-05-06 17:30:16","2026-05-06 17:30:16","2026-05-07 01:04:27","X202605000364524","Y",""
"XDIST202605060004973820","MD요청-상품","50102","일산덕이(대-위)","위탁","26S","DXRS5G063","PCS","105","출고완료","1","1","0","1","권현정(KHJEONG)","2026-05-06","2026-05-06","2026-05-06 17:30:16","2026-05-06 17:30:16","2026-05-06 17:30:16","2026-05-07 01:04:27","X202605000364524","Y",""
"XDIST202605080004995773","엑셀수기배분","90019","EC-온라인물류","위탁","25F","DWDJ9A056","DWS","95","출고완료","5","5","0","5","허새흰(HEEN1)","2026-05-08","2026-05-08","2026-05-08 15:39:01","2026-05-08 15:39:01","2026-05-08 15:39:01","2026-05-09 01:01:17","X202605000653138","Y",""
"XDIST202605080004995773","엑셀수기배분","90019","EC-온라인물류","위탁","25F","DMDJ5K056","BKL","100","출고완료","10","10","0","10","허새흰(HEEN1)","2026-05-08","2026-05-08","2026-05-08 15:39:00","2026-05-08 15:39:00","2026-05-08 15:39:00","2026-05-09 01:01:20","X202605000653138","Y",""
"XDIST202605080004995773","엑셀수기배분","90019","EC-온라인물류","위탁","25F","DMDJ5K056","PPD","95","출고완료","10","10","0","10","허새흰(HEEN1)","2026-05-08","2026-05-08","2026-05-08 15:39:00","2026-05-08 15:39:00","2026-05-08 15:39:00","2026-05-09 01:01:31","X202605000653138","Y",""
"XDIST202605080004995773","엑셀수기배분","90019","EC-온라인물류","위탁","25F","DMDJ67056","DKS","100","출고완료","5","5","0","5","허새흰(HEEN1)","2026-05-08","2026-05-08","2026-05-08 15:39:00","2026-05-08 15:39:00","2026-05-08 15:39:00","2026-05-09 01:01:33","X202605000653138","Y",""
"XDIST202605080004995773","엑셀수기배분","90019","EC-온라인물류","위탁","25F","DMDJ67056","DKS","105","출고완료","4","4","0","4","허새흰(HEEN1)","2026-05-08","2026-05-08","2026-05-08 15:39:00","2026-05-08 15:39:00","2026-05-08 15:39:00","2026-05-09 01:01:19","X202605000653138","Y",""
"XDIST202605080004995773","엑셀수기배분","90019","EC-온라인물류","위탁","25F","DWDJ62056","BKS","95","출고완료","5","5","0","5","허새흰(HEEN1)","2026-05-08","2026-05-08","2026-05-08 15:39:00","2026-05-08 15:39:00","2026-05-08 15:39:00","2026-05-09 01:01:17","X202605000653138","Y",""
"XDIST202605080004995773","엑셀수기배분","90019","EC-온라인물류","위탁","25F","DWDJ62056","BKS","90","출고완료","5","5","0","5","허새흰(HEEN1)","2026-05-08","2026-05-08","2026-05-08 15:39:00","2026-05-08 15:39:00","2026-05-08 15:39:00","2026-05-09 01:01:17","X202605000653138","Y",""
"XDIST202605080004995773","엑셀수기배분","90019","EC-온라인물류","위탁","25F","DWDJ62056","BKS","105","출고완료","5","5","0","5","허새흰(HEEN1)","2026-05-08","2026-05-08","2026-05-08 15:39:00","2026-05-08 15:39:00","2026-05-08 15:39:00","2026-05-09 01:01:17","X202605000653138","Y",""
"XDIST202605080004995773","엑셀수기배분","90019","EC-온라인물류","위탁","25F","DWDJ62056","CRS","95","출고완료","5","5","0","5","허새흰(HEEN1)","2026-05-08","2026-05-08","2026-05-08 15:39:00","2026-05-08 15:39:00","2026-05-08 15:39:00","2026-05-09 01:01:18","X202605000653138","Y",""
"XDIST202605080004995773","엑셀수기배분","90019","EC-온라인물류","위탁","25F","DWDJ64056","BGS","95","출고완료","5","5","0","5","허새흰(HEEN1)","2026-05-08","2026-05-08","2026-05-08 15:39:00","2026-05-08 15:39:00","2026-05-08 15:39:00","2026-05-09 01:01:30","X202605000653138","Y",""
"XDIST202605080004995773","엑셀수기배분","90019","EC-온라인물류","위탁","25F","DWDJ68056","BKS","90","출고완료","5","5","0","5","허새흰(HEEN1)","2026-05-08","2026-05-08","2026-05-08 15:39:00","2026-05-08 15:39:00","2026-05-08 15:39:00","2026-05-09 01:01:19","X202605000653138","Y",""
"XDIST202605080004995773","엑셀수기배분","90019","EC-온라인물류","위탁","25F","DWDJ8D056","TQN","95","출고완료","5","5","0","5","허새흰(HEEN1)","2026-05-08","2026-05-08","2026-05-08 15:39:00","2026-05-08 15:39:00","2026-05-08 15:39:00","2026-05-09 01:01:30","X202605000653138","Y",""
"XDIST202605080004995773","엑셀수기배분","90019","EC-온라인물류","위탁","25F","DWDJ8D056","BRD","90","출고완료","5","5","0","5","허새흰(HEEN1)","2026-05-08","2026-05-08","2026-05-08 15:39:00","2026-05-08 15:39:00","2026-05-08 15:39:00","2026-05-09 01:01:30","X202605000653138","Y",""
"XDIST202605080004995773","엑셀수기배분","90019","EC-온라인물류","위탁","25F","DWDJ94056","BKS","90","출고완료","5","5","0","5","허새흰(HEEN1)","2026-05-08","2026-05-08","2026-05-08 15:39:00","2026-05-08 15:39:00","2026-05-08 15:39:00","2026-05-09 01:01:30","X202605000653138","Y",""
"XDIST202605080004995773","엑셀수기배분","90019","EC-온라인물류","위탁","25F","DWDJ94056","LWS","90","출고완료","5","5","0","5","허새흰(HEEN1)","2026-05-08","2026-05-08","2026-05-08 15:39:01","2026-05-08 15:39:01","2026-05-08 15:39:01","2026-05-09 01:01:21","X202605000653138","Y",""
"XDIST202605080004995773","엑셀수기배분","90019","EC-온라인물류","위탁","25F","DWDJ9A056","BGD","95","출고완료","5","5","0","5","허새흰(HEEN1)","2026-05-08","2026-05-08","2026-05-08 15:39:01","2026-05-08 15:39:01","2026-05-08 15:39:01","2026-05-09 01:01:33","X202605000653138","Y",""
"XDIST202605080004995773","엑셀수기배분","90019","EC-온라인물류","위탁","25F","DKDJ54056","ORL","120","출고완료","5","5","0","5","허새흰(HEEN1)","2026-05-08","2026-05-08","2026-05-08 15:39:01","2026-05-08 15:39:01","2026-05-08 15:39:01","2026-05-09 01:01:33","X202605000653139","Y",""
"XDIST202605080004995773","엑셀수기배분","90019","EC-온라인물류","위탁","25F","DKDJ54056","GRL","160","출고완료","5","5","0","5","허새흰(HEEN1)","2026-05-08","2026-05-08","2026-05-08 15:39:01","2026-05-08 15:39:01","2026-05-08 15:39:01","2026-05-09 01:01:33","X202605000653139","Y",""
"XDIST202605080004995773","엑셀수기배분","90019","EC-온라인물류","위탁","25F","DKDJ54056","GRL","130","출고완료","5","5","0","5","허새흰(HEEN1)","2026-05-08","2026-05-08","2026-05-08 15:39:01","2026-05-08 15:39:01","2026-05-08 15:39:01","2026-05-09 01:01:32","X202605000653139","Y",""
"XDIST202605080004995773","엑셀수기배분","90019","EC-온라인물류","위탁","25F","DKDJ61056","BGL","160","출고완료","5","5","0","5","허새흰(HEEN1)","2026-05-08","2026-05-08","2026-05-08 15:39:01","2026-05-08 15:39:01","2026-05-08 15:39:01","2026-05-09 01:01:31","X202605000653139","Y",""
"XDIST202605080004995773","엑셀수기배분","90019","EC-온라인물류","위탁","25F","DKDJ61056","BGL","140","출고완료","5","5","0","5","허새흰(HEEN1)","2026-05-08","2026-05-08","2026-05-08 15:39:01","2026-05-08 15:39:01","2026-05-08 15:39:01","2026-05-09 01:01:31","X202605000653139","Y",""
"XDIST202605080004995773","엑셀수기배분","90019","EC-온라인물류","위탁","25F","DKDJ61056","BGL","120","출고완료","5","5","0","5","허새흰(HEEN1)","2026-05-08","2026-05-08","2026-05-08 15:39:01","2026-05-08 15:39:01","2026-05-08 15:39:01","2026-05-09 01:01:31","X202605000653139","Y",""
"XDIST202605080004995773","엑셀수기배분","90019","EC-온라인물류","위탁","25F","DKDJ73056","BKS","150","출고완료","5","5","0","5","허새흰(HEEN1)","2026-05-08","2026-05-08","2026-05-08 15:39:01","2026-05-08 15:39:01","2026-05-08 15:39:01","2026-05-09 01:01:32","X202605000653139","Y",""
"XDIST202605080004995773","엑셀수기배분","90019","EC-온라인물류","위탁","25F","DKDJ73056","LVS","130","출고완료","5","5","0","5","허새흰(HEEN1)","2026-05-08","2026-05-08","2026-05-08 15:39:01","2026-05-08 15:39:01","2026-05-08 15:39:01","2026-05-09 01:01:30","X202605000653139","Y",""
"XDIST202605080004995773","엑셀수기배분","90019","EC-온라인물류","위탁","25F","DKDJ75056","CAD","150","출고완료","5","5","0","5","허새흰(HEEN1)","2026-05-08","2026-05-08","2026-05-08 15:39:01","2026-05-08 15:39:01","2026-05-08 15:39:01","2026-05-09 01:01:32","X202605000653139","Y",""
"XDIST202605080004995773","엑셀수기배분","90019","EC-온라인물류","위탁","25F","DKDJ75056","CAD","160","출고완료","5","5","0","5","허새흰(HEEN1)","2026-05-08","2026-05-08","2026-05-08 15:39:01","2026-05-08 15:39:01","2026-05-08 15:39:01","2026-05-09 01:01:32","X202605000653139","Y",""
"XDIST202605080004995773","엑셀수기배분","90019","EC-온라인물류","위탁","25F","DKDJ75056","BKS","140","출고완료","5","5","0","5","허새흰(HEEN1)","2026-05-08","2026-05-08","2026-05-08 15:39:01","2026-05-08 15:39:01","2026-05-08 15:39:01","2026-05-09 01:01:32","X202605000653139","Y",""
"XDIST202605080004995773","엑셀수기배분","90019","EC-온라인물류","위탁","25F","DKDJ80056","BES","120","출고완료","5","5","0","5","허새흰(HEEN1)","2026-05-08","2026-05-08","2026-05-08 15:39:01","2026-05-08 15:39:01","2026-05-08 15:39:01","2026-05-09 01:01:30","X202605000653139","Y",""
"XDIST202605080004995773","엑셀수기배분","90019","EC-온라인물류","위탁","25F","DMDJ5K056","PPD","110","출고완료","10","10","0","10","허새흰(HEEN1)","2026-05-08","2026-05-08","2026-05-08 15:39:01","2026-05-08 15:39:01","2026-05-08 15:39:01","2026-05-09 01:01:31","X202605000653140","Y",""
"XDIST202605080004995773","엑셀수기배분","90019","EC-온라인물류","위탁","25F","DMDJ5K056","BKL","110","출고완료","10","10","0","10","허새흰(HEEN1)","2026-05-08","2026-05-08","2026-05-08 15:39:01","2026-05-08 15:39:01","2026-05-08 15:39:01","2026-05-09 01:01:20","X202605000653140","Y",""
"XDIST202605080004995773","엑셀수기배분","90019","EC-온라인물류","위탁","25F","DWDJ5L056","BKL","100","출고완료","5","5","0","5","허새흰(HEEN1)","2026-05-08","2026-05-08","2026-05-08 15:39:01","2026-05-08 15:39:01","2026-05-08 15:39:01","2026-05-09 01:01:19","X202605000653140","Y",""
"XDIST202605080004995773","엑셀수기배분","90019","EC-온라인물류","위탁","25F","DWDJ5L056","BDD","90","출고완료","5","5","0","5","허새흰(HEEN1)","2026-05-08","2026-05-08","2026-05-08 15:39:01","2026-05-08 15:39:01","2026-05-08 15:39:01","2026-05-09 01:01:19","X202605000653140","Y",""
"XDIST202605080004995773","엑셀수기배분","90019","EC-온라인물류","위탁","25F","DWDJ5L056","BGL","95","출고완료","5","5","0","5","허새흰(HEEN1)","2026-05-08","2026-05-08","2026-05-08 15:39:01","2026-05-08 15:39:01","2026-05-08 15:39:01","2026-05-09 01:01:19","X202605000653140","Y",""
"XDIST202605080004995773","엑셀수기배분","90019","EC-온라인물류","위탁","25F","DWDJ8D056","BRD","100","출고완료","5","5","0","5","허새흰(HEEN1)","2026-05-08","2026-05-08","2026-05-08 15:39:01","2026-05-08 15:39:01","2026-05-08 15:39:01","2026-05-09 01:01:20","X202605000653140","Y",""
"XDIST202605080004995773","엑셀수기배분","90019","EC-온라인물류","위탁","25F","DWDJ8D056","BKL","90","출고완료","5","5","0","5","허새흰(HEEN1)","2026-05-08","2026-05-08","2026-05-08 15:39:01","2026-05-08 15:39:01","2026-05-08 15:39:01","2026-05-09 01:01:18","X202605000653140","Y",""
"XDIST202605080004995773","엑셀수기배분","90019","EC-온라인물류","위탁","25F","DWDJ8D056","BKS","95","출고완료","5","5","0","5","허새흰(HEEN1)","2026-05-08","2026-05-08","2026-05-08 15:39:01","2026-05-08 15:39:01","2026-05-08 15:39:01","2026-05-09 01:01:17","X202605000653140","Y",""
"XDIST202605080004995773","엑셀수기배분","90019","EC-온라인물류","위탁","25F","DWDJ94056","CRN","85","출고완료","2","2","0","0","허새흰(HEEN1)","2026-05-08","2026-05-08","2026-05-08 15:39:01","2026-05-08 15:39:01","2026-05-08 15:39:01","","X202605000653140","Y",""
"XDIST202605060004973820","MD요청-상품","10091","갤러리아광교","위탁","26S","DXRS5G063","PCS","100","출고완료","1","1","0","1","권현정(KHJEONG)","2026-05-06","2026-05-06","2026-05-06 17:30:16","2026-05-06 17:30:16","2026-05-06 17:30:16","2026-05-07 01:05:14","X202605000364530","Y",""
"XDIST202605060004973820","MD요청-상품","50159","용인(대-위)","위탁","26S","DXRS5G063","PCS","105","출고완료","1","1","0","1","권현정(KHJEONG)","2026-05-06","2026-05-06","2026-05-06 17:30:16","2026-05-06 17:30:16","2026-05-06 17:30:16","2026-05-07 01:04:10","X202605000364539","Y",""
"XDIST202605060004973820","MD요청-상품","50117","아이즈빌부평(대-위)","위탁","26S","DXRS5G063","PCS","100","출고완료","1","1","0","1","권현정(KHJEONG)","2026-05-06","2026-05-06","2026-05-06 17:30:16","2026-05-06 17:30:16","2026-05-06 17:30:16","2026-05-07 01:05:35","X202605000364540","Y",""
"XDIST202605070004991689","MD요청-상품","50074","모다인천(대-위)","위탁","25N","DXCP6015N","BKS","58","출고완료","5","5","0","5","장윤희(YHJANG)","2026-05-07","2026-05-08","2026-05-08 17:49:03","2026-05-08 17:49:03","2026-05-08 17:49:03","2026-05-09 01:01:38","X202605000556469","Y",""
"XDIST202605060004974122","MD요청-상품","10092","엔터6안양","위탁","26S","DWRS97063","DGS","95","출고완료","1","1","0","1","권현정(KHJEONG)","2026-05-06","2026-05-06","2026-05-06 17:30:17","2026-05-06 17:30:17","2026-05-06 17:30:17","2026-05-07 01:05:35","X202605000364829","Y",""
"XDIST202605060004974122","MD요청-상품","50179","나주(대-위)","위탁","26S","DWRS97063","DGS","95","출고완료","1","1","0","1","권현정(KHJEONG)","2026-05-06","2026-05-06","2026-05-06 17:30:17","2026-05-06 17:30:17","2026-05-06 17:30:17","2026-05-07 01:03:16","X202605000364841","Y",""
"XDIST202605060004974122","MD요청-상품","10014","롯데중동","위탁","26S","DWRS97063","DGS","90","출고완료","1","1","0","1","권현정(KHJEONG)","2026-05-06","2026-05-06","2026-05-06 17:26:09","2026-05-06 17:26:09","2026-05-06 17:26:09","2026-05-07 01:04:51","X202605000364847","Y",""
"XDIST202605060004974122","MD요청-상품","50019","경주(대-위)","위탁","26S","DWRS97063","DGS","95","출고완료","1","1","0","1","권현정(KHJEONG)","2026-05-06","2026-05-06","2026-05-06 17:26:09","2026-05-06 17:26:09","2026-05-06 17:26:09","2026-05-07 01:02:47","X202605000364850","Y",""
"XDIST202605060004974122","MD요청-상품","30028","광주상무(직)","위탁","26S","DWRS97063","DGS","95","출고완료","1","1","0","1","권현정(KHJEONG)","2026-05-06","2026-05-06","2026-05-06 17:26:09","2026-05-06 17:26:09","2026-05-06 17:26:09","2026-05-07 01:02:55","X202605000364851","Y",""
"XDIST202605070004989147","엑셀수기배분","90019","EC-온라인물류","위탁","26S","DWSB93063","WHS","M","출고완료","10","10","0","10","박정민(PJM1003)","2026-05-07","2026-05-08","2026-05-08 17:49:01","2026-05-08 17:49:01","2026-05-08 17:49:01","2026-05-09 01:03:52","X202605000547520","Y",""
"XDIST202605060004979832","엑셀수기배분","30051","신세계아울렛여주(직)","위탁","24S","DMPT7A043","BKS","36","출고완료","3","3","0","3","이훈희(LEEHH1149)","2026-05-06","2026-05-07","2026-05-07 16:51:01","2026-05-07 16:51:01","2026-05-07 16:51:01","2026-05-08 01:03:07","X202605000385216","Y",""
"XDIST202605060004979832","엑셀수기배분","30051","신세계아울렛여주(직)","위탁","24S","DMPT7C043","BKS","32","출고완료","10","10","0","10","이훈희(LEEHH1149)","2026-05-06","2026-05-07","2026-05-07 16:51:01","2026-05-07 16:51:01","2026-05-07 16:51:01","2026-05-08 01:03:06","X202605000385216","Y",""
"XDIST202605060004979832","엑셀수기배분","30051","신세계아울렛여주(직)","위탁","24S","DMPT7C043","NBD","28","출고완료","5","5","0","5","이훈희(LEEHH1149)","2026-05-06","2026-05-07","2026-05-07 16:51:01","2026-05-07 16:51:01","2026-05-07 16:51:01","2026-05-08 01:03:06","X202605000385216","Y",""
"XDIST202605060004979832","엑셀수기배분","30051","신세계아울렛여주(직)","위탁","24S","DMTP51043","IVD","30","출고완료","5","5","0","5","이훈희(LEEHH1149)","2026-05-06","2026-05-07","2026-05-07 16:51:01","2026-05-07 16:51:01","2026-05-07 16:51:01","2026-05-08 01:03:04","X202605000385218","Y",""
"XDIST202605060004979832","엑셀수기배분","30051","신세계아울렛여주(직)","위탁","24S","DMTP51043","IVD","34","출고완료","5","5","0","5","이훈희(LEEHH1149)","2026-05-06","2026-05-07","2026-05-07 16:51:01","2026-05-07 16:51:01","2026-05-07 16:51:01","2026-05-08 01:03:04","X202605000385218","Y",""
"XDIST202605060004979832","엑셀수기배분","30051","신세계아울렛여주(직)","위탁","24S","DMTP67043","GRS","30","출고완료","5","5","0","5","이훈희(LEEHH1149)","2026-05-06","2026-05-07","2026-05-07 16:51:01","2026-05-07 16:51:01","2026-05-07 16:51:01","2026-05-08 01:03:03","X202605000385218","Y",""
"XDIST202605060004979832","엑셀수기배분","30051","신세계아울렛여주(직)","위탁","24S","DWTP68043","BKS","27","출고완료","5","5","0","5","이훈희(LEEHH1149)","2026-05-06","2026-05-07","2026-05-07 16:51:01","2026-05-07 16:51:01","2026-05-07 16:51:01","2026-05-08 01:03:07","X202605000385218","Y",""
"XDIST202605060004979832","엑셀수기배분","30051","신세계아울렛여주(직)","위탁","24S","DXTR6E043","BKS","105","출고완료","5","5","0","5","이훈희(LEEHH1149)","2026-05-06","2026-05-07","2026-05-07 16:51:01","2026-05-07 16:51:01","2026-05-07 16:51:01","2026-05-08 01:03:05","X202605000385219","Y",""
"XDIST202605060004979832","엑셀수기배분","30051","신세계아울렛여주(직)","위탁","24S","DXTR75043","BRD","105","출고완료","5","5","0","5","이훈희(LEEHH1149)","2026-05-06","2026-05-07","2026-05-07 16:51:01","2026-05-07 16:51:01","2026-05-07 16:51:01","2026-05-08 01:03:06","X202605000385219","Y",""
"XDIST202605060004979832","엑셀수기배분","30051","신세계아울렛여주(직)","위탁","24S","DMTS73043","TQS","105","출고완료","5","5","0","5","이훈희(LEEHH1149)","2026-05-06","2026-05-07","2026-05-07 16:51:01","2026-05-07 16:51:01","2026-05-07 16:51:01","2026-05-08 01:03:08","X202605000385220","Y",""
"XDIST202605060004979832","엑셀수기배분","30051","신세계아울렛여주(직)","위탁","24S","DMTSG3043","TQD","95","출고완료","3","3","0","3","이훈희(LEEHH1149)","2026-05-06","2026-05-07","2026-05-07 16:51:01","2026-05-07 16:51:01","2026-05-07 16:51:01","2026-05-08 01:03:07","X202605000385220","Y",""
"XDIST202605060004979832","엑셀수기배분","30051","신세계아울렛여주(직)","위탁","24S","DMTSGI043","NYD","95","출고완료","4","4","0","4","이훈희(LEEHH1149)","2026-05-06","2026-05-07","2026-05-07 16:51:01","2026-05-07 16:51:01","2026-05-07 16:51:01","2026-05-08 01:03:07","X202605000385220","Y",""
"XDIST202605060004979832","엑셀수기배분","30051","신세계아울렛여주(직)","위탁","24S","DMTSGU043","CBL","100","출고완료","5","5","0","5","이훈희(LEEHH1149)","2026-05-06","2026-05-07","2026-05-07 16:51:01","2026-05-07 16:51:01","2026-05-07 16:51:01","2026-05-08 01:03:04","X202605000385220","Y",""
"XDIST202605060004979832","엑셀수기배분","30051","신세계아울렛여주(직)","위탁","24S","DWTS56043","YEL","95","출고완료","5","5","0","5","이훈희(LEEHH1149)","2026-05-06","2026-05-07","2026-05-07 16:51:01","2026-05-07 16:51:01","2026-05-07 16:51:01","2026-05-08 01:03:07","X202605000385220","Y",""
"XDIST202605060004979832","엑셀수기배분","30051","신세계아울렛여주(직)","위탁","24S","DWTSGF043","CRS","90","출고완료","5","5","0","5","이훈희(LEEHH1149)","2026-05-06","2026-05-07","2026-05-07 16:51:01","2026-05-07 16:51:01","2026-05-07 16:51:01","2026-05-08 01:03:04","X202605000385220","Y",""
"XDIST202605060004979832","엑셀수기배분","30051","신세계아울렛여주(직)","위탁","24S","DWWJ94043","PKS","100","출고완료","5","5","0","5","이훈희(LEEHH1149)","2026-05-06","2026-05-07","2026-05-07 16:51:01","2026-05-07 16:51:01","2026-05-07 16:51:01","2026-05-08 01:03:05","X202605000385221","Y",""
"XDIST202605060004979832","엑셀수기배분","30051","신세계아울렛여주(직)","위탁","24S","DMWJ61043","CBD","100","출고완료","5","5","0","5","이훈희(LEEHH1149)","2026-05-06","2026-05-07","2026-05-07 16:51:01","2026-05-07 16:51:01","2026-05-07 16:51:01","2026-05-08 01:03:03","X202605000385221","Y",""
"XDIST202605060004979832","엑셀수기배분","30051","신세계아울렛여주(직)","위탁","24S","DWWJ62043","LVD","100","출고완료","5","5","0","5","이훈희(LEEHH1149)","2026-05-06","2026-05-07","2026-05-07 16:51:01","2026-05-07 16:51:01","2026-05-07 16:51:01","2026-05-08 01:03:04","X202605000385221","Y",""
"XDIST202605060004979832","엑셀수기배분","30051","신세계아울렛여주(직)","위탁","24S","DWWJ93043","BKS","95","출고완료","5","5","0","5","이훈희(LEEHH1149)","2026-05-06","2026-05-07","2026-05-07 16:51:01","2026-05-07 16:51:01","2026-05-07 16:51:01","2026-05-08 01:03:05","X202605000385221","Y",""
"XDIST202605060004979832","엑셀수기배분","30051","신세계아울렛여주(직)","위탁","24S","DXRS6A043","CBL","110","출고완료","5","5","0","5","이훈희(LEEHH1149)","2026-05-06","2026-05-07","2026-05-07 16:51:01","2026-05-07 16:51:01","2026-05-07 16:51:01","2026-05-08 01:03:07","X202605000385222","Y",""
"XDIST202605060004979832","엑셀수기배분","30051","신세계아울렛여주(직)","위탁","24S","DXRS79043","BLD","100","출고완료","5","5","0","5","이훈희(LEEHH1149)","2026-05-06","2026-05-07","2026-05-07 16:51:01","2026-05-07 16:51:01","2026-05-07 16:51:01","2026-05-08 01:03:04","X202605000385222","Y",""
"XDIST202605060004979832","엑셀수기배분","30051","신세계아울렛여주(직)","위탁","24S","DXRS7G043","ORD","95","출고완료","5","5","0","5","이훈희(LEEHH1149)","2026-05-06","2026-05-07","2026-05-07 16:51:01","2026-05-07 16:51:01","2026-05-07 16:51:01","2026-05-08 01:03:07","X202605000385222","Y",""
"XDIST202605070004989571","MD요청-상품","50165","청주율량(대-위)","위탁","25N","DXCP5025N","BGS","58","출고완료","3","3","0","3","장윤희(YHJANG)","2026-05-07","2026-05-08","2026-05-08 17:33:03","2026-05-08 17:33:03","2026-05-08 17:33:03","2026-05-09 01:01:58","X202605000549550","Y",""
"XDIST202605080004993353","엑셀수기배분","90019","EC-온라인물류","위탁","25N","DXCR1175N","BGD","F","출고완료","3","3","0","3","허새흰(HEEN1)","2026-05-08","2026-05-08","2026-05-08 17:30:03","2026-05-08 17:30:03","2026-05-08 17:30:03","2026-05-09 01:01:22","X202605000616238","Y",""
"XDIST202605080004993353","엑셀수기배분","90019","EC-온라인물류","위탁","24N","DXHT4044N","BKS","57H","출고완료","2","2","0","2","허새흰(HEEN1)","2026-05-08","2026-05-08","2026-05-08 17:30:03","2026-05-08 17:30:03","2026-05-08 17:30:03","2026-05-09 01:01:22","X202605000616240","Y",""
"XDIST202605080004993353","엑셀수기배분","90019","EC-온라인물류","위탁","25N","DXSH5415N","WHS","235","출고완료","1","1","0","1","허새흰(HEEN1)","2026-05-08","2026-05-08","2026-05-08 17:30:03","2026-05-08 17:30:03","2026-05-08 17:30:03","2026-05-09 01:01:28","X202605000616242","Y",""
"XDIST202605080004993353","엑셀수기배분","90019","EC-온라인물류","위탁","24N","DXSO7104N","BKS","24","출고완료","2","2","0","2","허새흰(HEEN1)","2026-05-08","2026-05-08","2026-05-08 17:30:03","2026-05-08 17:30:03","2026-05-08 17:30:03","2026-05-09 01:01:28","X202605000616246","Y",""
"XDIST202605080004993353","엑셀수기배분","90019","EC-온라인물류","위탁","25S","DMPT71053","BKS","34","출고완료","4","4","0","4","허새흰(HEEN1)","2026-05-08","2026-05-08","2026-05-08 17:30:03","2026-05-08 17:30:03","2026-05-08 17:30:03","2026-05-09 01:01:23","X202605000616252","Y",""
"XDIST202605080004993353","엑셀수기배분","90019","EC-온라인물류","위탁","25S","DMPT7Q053","BKS","30","출고완료","1","1","0","1","허새흰(HEEN1)","2026-05-08","2026-05-08","2026-05-08 17:30:03","2026-05-08 17:30:03","2026-05-08 17:30:03","2026-05-09 01:01:22","X202605000616252","Y",""
"XDIST202605080004993353","엑셀수기배분","90019","EC-온라인물류","위탁","25S","DMRS6A053","SBL","105","출고완료","1","1","0","1","허새흰(HEEN1)","2026-05-08","2026-05-08","2026-05-08 17:30:04","2026-05-08 17:30:04","2026-05-08 17:30:04","2026-05-09 01:01:23","X202605000616253","Y",""
"XDIST202605080004993353","엑셀수기배분","90019","EC-온라인물류","위탁","25S","DXRS83053","KAN","95","출고완료","1","1","0","1","허새흰(HEEN1)","2026-05-08","2026-05-08","2026-05-08 17:30:04","2026-05-08 17:30:04","2026-05-08 17:30:04","2026-05-09 01:01:23","X202605000616253","Y",""
"XDIST202605080004993353","엑셀수기배분","90019","EC-온라인물류","위탁","25S","DMSB63053","BKS","M","출고완료","1","1","0","1","허새흰(HEEN1)","2026-05-08","2026-05-08","2026-05-08 17:30:04","2026-05-08 17:30:04","2026-05-08 17:30:04","2026-05-09 01:01:23","X202605000616254","Y",""
"XDIST202605080004993353","엑셀수기배분","90019","EC-온라인물류","위탁","25S","DWSW7B053","LVS","95","출고완료","1","1","0","1","허새흰(HEEN1)","2026-05-08","2026-05-08","2026-05-08 17:30:04","2026-05-08 17:30:04","2026-05-08 17:30:04","2026-05-09 01:01:26","X202605000616257","Y",""
"XDIST202605080004993353","엑셀수기배분","90019","EC-온라인물류","위탁","25S","DWSW93053","YGS","90","출고완료","4","4","0","4","허새흰(HEEN1)","2026-05-08","2026-05-08","2026-05-08 17:30:04","2026-05-08 17:30:04","2026-05-08 17:30:04","2026-05-09 01:01:28","X202605000616257","Y",""
"XDIST202605080004993353","엑셀수기배분","90019","EC-온라인물류","위탁","25S","DMTB6A053","BKS","30","출고완료","5","5","0","5","허새흰(HEEN1)","2026-05-08","2026-05-08","2026-05-08 17:30:04","2026-05-08 17:30:04","2026-05-08 17:30:04","2026-05-09 01:01:28","X202605000616258","Y",""
"XDIST202605080004993353","엑셀수기배분","90019","EC-온라인물류","위탁","25S","DWTR92053","BGL","100","출고완료","5","5","0","5","허새흰(HEEN1)","2026-05-08","2026-05-08","2026-05-08 17:30:04","2026-05-08 17:30:04","2026-05-08 17:30:04","2026-05-09 01:01:29","X202605000616260","Y",""
"XDIST202605080004993353","엑셀수기배분","90019","EC-온라인물류","위탁","25S","DXTR37051","NBD","100","출고완료","1","1","0","1","허새흰(HEEN1)","2026-05-08","2026-05-08","2026-05-08 17:30:04","2026-05-08 17:30:04","2026-05-08 17:30:04","2026-05-09 01:01:23","X202605000616260","Y",""
"XDIST202605080004993353","엑셀수기배분","90019","EC-온라인물류","위탁","25S","DXTR7G053","GRD","95","출고완료","1","1","0","1","허새흰(HEEN1)","2026-05-08","2026-05-08","2026-05-08 17:30:04","2026-05-08 17:30:04","2026-05-08 17:30:04","2026-05-09 01:01:29","X202605000616260","Y",""
"XDIST202605080004993353","엑셀수기배분","90019","EC-온라인물류","위탁","25S","DMWJ7Q053","BKS","95","출고완료","10","10","0","10","허새흰(HEEN1)","2026-05-08","2026-05-08","2026-05-08 17:30:04","2026-05-08 17:30:04","2026-05-08 17:30:04","2026-05-09 01:01:28","X202605000616263","Y",""
"XDIST202605080004993353","엑셀수기배분","90019","EC-온라인물류","위탁","25S","DWWJ3H051","NBD","100","출고완료","1","1","0","1","허새흰(HEEN1)","2026-05-08","2026-05-08","2026-05-08 17:30:04","2026-05-08 17:30:04","2026-05-08 17:30:04","2026-05-09 01:01:23","X202605000616263","Y",""
"XDIST202605080004993353","엑셀수기배분","90019","EC-온라인물류","위탁","25S","DWWJ93053","SBL","95","출고완료","7","7","0","7","허새흰(HEEN1)","2026-05-08","2026-05-08","2026-05-08 17:30:04","2026-05-08 17:30:04","2026-05-08 17:30:04","2026-05-09 01:01:26","X202605000616263","Y",""
"XDIST202605080004993353","엑셀수기배분","90019","EC-온라인물류","위탁","25S","DWWJ94053","BGS","85","출고완료","1","1","0","1","허새흰(HEEN1)","2026-05-08","2026-05-08","2026-05-08 17:30:04","2026-05-08 17:30:04","2026-05-08 17:30:04","2026-05-09 01:01:28","X202605000616263","Y",""
"XDIST202605080004993353","엑셀수기배분","90019","EC-온라인물류","위탁","25S","DWSK95053","BKS","26","출고완료","4","4","0","4","허새흰(HEEN1)","2026-05-08","2026-05-08","2026-05-08 17:30:04","2026-05-08 17:30:04","2026-05-08 17:30:04","2026-05-09 01:01:26","X202605000616266","Y",""
"XDIST202605070004991660","MD요청-상품","50140","에버랜드용인(대-위)","위탁","25N","DXCP6015N","BKS","60","출고완료","4","4","0","4","장윤희(YHJANG)","2026-05-07","2026-05-08","2026-05-08 17:33:04","2026-05-08 17:33:04","2026-05-08 17:33:04","2026-05-08 19:53:00","X202605000556416","Y",""
"XDIST202605060004980366","엑셀수기배분","10014","롯데중동","위탁","26S","DMTB6B063","IVM","28","출고완료","1","1","0","1","권현정(KHJEONG)","2026-05-06","2026-05-07","2026-05-07 17:07:01","2026-05-07 17:07:01","2026-05-07 17:07:01","2026-05-08 01:03:28","X202605000388685","Y",""
"XDIST202605060004980366","엑셀수기배분","10077","신세계센텀","위탁","26S","DWTR91063","IVD","90","출고완료","1","1","0","1","권현정(KHJEONG)","2026-05-06","2026-05-07","2026-05-07 16:54:01","2026-05-07 16:54:01","2026-05-07 16:54:01","2026-05-08 01:02:19","X202605000388691","Y",""
"XDIST202605060004980366","엑셀수기배분","50023","순천연향(대-위)","위탁","26S","DXTB3A061","MGS","32","출고완료","1","1","0","1","권현정(KHJEONG)","2026-05-06","2026-05-07","2026-05-07 17:07:01","2026-05-07 17:07:01","2026-05-07 17:07:01","2026-05-08 01:02:13","X202605000388696","Y",""
"XDIST202605060004980366","엑셀수기배분","50144","당진(대-위)","위탁","26S","DMTR71063","BKS","110","출고완료","1","1","0","1","권현정(KHJEONG)","2026-05-06","2026-05-07","2026-05-07 17:07:01","2026-05-07 17:07:01","2026-05-07 17:07:01","2026-05-08 01:02:52","X202605000388709","Y",""
"XDIST202605060004980366","엑셀수기배분","50145","성남신흥(대-위)","위탁","26S","DWTR91063","LVL","95","출고완료","1","1","0","1","권현정(KHJEONG)","2026-05-06","2026-05-07","2026-05-07 16:54:01","2026-05-07 16:54:01","2026-05-07 16:54:01","2026-05-08 01:02:21","X202605000388710","Y",""
"XDIST202605040004960123","엑셀수기배분","90019","EC-온라인물류","위탁","25S","DWPT91053","BRD","26","출고완료","2","2","0","2","허새흰(HEEN1)","2026-05-04","2026-05-04","2026-05-04 18:18:03","2026-05-04 18:18:03","2026-05-04 18:18:03","2026-05-05 01:02:01","X202605000179393","Y",""
"XDIST202605040004960123","엑셀수기배분","90019","EC-온라인물류","위탁","25S","DWRS97053","NYD","100","출고완료","1","1","0","0","허새흰(HEEN1)","2026-05-04","2026-05-04","2026-05-04 18:18:03","2026-05-04 18:18:03","2026-05-04 18:18:03","","X202605000179394","Y",""
"XDIST202605040004960123","엑셀수기배분","90019","EC-온라인물류","위탁","25S","DXRS7S053","WHS","110","출고완료","21","21","0","21","허새흰(HEEN1)","2026-05-04","2026-05-04","2026-05-04 18:18:03","2026-05-04 18:18:03","2026-05-04 18:18:03","2026-05-05 01:02:05","X202605000179394","Y",""
"XDIST202605040004960123","엑셀수기배분","90019","EC-온라인물류","위탁","25S","DMTS6A053","GRS","105","출고완료","1","1","0","1","허새흰(HEEN1)","2026-05-04","2026-05-04","2026-05-04 18:18:03","2026-05-04 18:18:03","2026-05-04 18:18:03","2026-05-05 01:02:03","X202605000179400","Y",""
"XDIST202605040004960123","엑셀수기배분","90019","EC-온라인물류","위탁","25S","DMVT71053","NBD","100","출고완료","4","4","0","4","허새흰(HEEN1)","2026-05-04","2026-05-04","2026-05-04 18:18:03","2026-05-04 18:18:03","2026-05-04 18:18:03","2026-05-05 01:02:09","X202605000179401","Y",""
"XDIST202605040004960123","엑셀수기배분","90019","EC-온라인물류","위탁","25S","DXHD38051","DGS","100","출고완료","3","3","0","0","허새흰(HEEN1)","2026-05-04","2026-05-04","2026-05-04 18:18:03","2026-05-04 18:18:03","2026-05-04 18:18:03","","X202605000179407","Y",""
"XDIST202605040004968544","엑셀수기배분","90019","EC-온라인물류","위탁","26S","DMSP78063","DML","32","출고완료","5","5","0","5","박정민(PJM1003)","2026-05-04","2026-05-06","2026-05-06 17:19:00","2026-05-06 17:19:00","2026-05-06 17:19:00","2026-05-07 01:01:54","X202605000199977","Y",""
"XDIST202605040004968544","엑셀수기배분","90019","EC-온라인물류","위탁","26S","DWSW96063","WHS","100","출고완료","10","10","0","10","박정민(PJM1003)","2026-05-04","2026-05-06","2026-05-06 17:19:01","2026-05-06 17:19:01","2026-05-06 17:19:01","2026-05-07 01:01:53","X202605000199978","Y",""
"XDIST202605040004968544","엑셀수기배분","90019","EC-온라인물류","위탁","26S","DWSBB2063","DWS","26","출고완료","5","5","0","5","박정민(PJM1003)","2026-05-04","2026-05-06","2026-05-06 17:19:01","2026-05-06 17:19:01","2026-05-06 17:19:01","2026-05-07 01:01:57","X202605000199980","Y",""
"XDIST202605040004968544","엑셀수기배분","90019","EC-온라인물류","위탁","26S","DWSBB2063","INS","25","출고완료","5","5","0","5","박정민(PJM1003)","2026-05-04","2026-05-06","2026-05-06 17:19:01","2026-05-06 17:19:01","2026-05-06 17:19:01","2026-05-07 01:01:53","X202605000199980","Y",""
"XDIST202605060004979188","엑셀수기배분","90019","EC-온라인물류","위탁","26N","DXSH7536N","WHS","230","출고완료","2","2","0","2","박정민(PJM1003)","2026-05-06","2026-05-06","2026-05-07 16:51:00","2026-05-07 16:51:00","2026-05-07 16:51:00","2026-05-08 01:01:01","X202605000380957","Y",""
"XDIST202605060004979188","엑셀수기배분","90019","EC-온라인물류","위탁","21N","DXSH2111N","BLS","240","출고완료","10","10","0","10","박정민(PJM1003)","2026-05-06","2026-05-06","2026-05-07 16:51:00","2026-05-07 16:51:00","2026-05-07 16:51:00","2026-05-08 01:01:02","X202605000380960","Y",""
"XDIST202605060004979188","엑셀수기배분","90019","EC-온라인물류","위탁","26S","DMTS71063","DWS","100","출고완료","7","7","0","7","박정민(PJM1003)","2026-05-06","2026-05-06","2026-05-07 16:51:01","2026-05-07 16:51:01","2026-05-07 16:51:01","2026-05-08 01:01:01","X202605000380965","Y",""
"XDIST202605060004979188","엑셀수기배분","90019","EC-온라인물류","위탁","26S","DWTS82063","BLS","90","출고완료","4","4","0","4","박정민(PJM1003)","2026-05-06","2026-05-06","2026-05-07 16:51:01","2026-05-07 16:51:01","2026-05-07 16:51:01","2026-05-08 01:01:02","X202605000380965","Y",""
"XDIST202605060004979188","엑셀수기배분","90019","EC-온라인물류","위탁","26S","DMWJ2G061","DGS","100","출고완료","2","2","0","2","박정민(PJM1003)","2026-05-06","2026-05-06","2026-05-07 16:51:01","2026-05-07 16:51:01","2026-05-07 16:51:01","2026-05-08 01:01:01","X202605000380966","Y",""
"XDIST202605060004979188","엑셀수기배분","90019","EC-온라인물류","위탁","26S","DMWJR1063","WHS","95","출고완료","2","2","0","2","박정민(PJM1003)","2026-05-06","2026-05-06","2026-05-07 16:51:01","2026-05-07 16:51:01","2026-05-07 16:51:01","2026-05-08 01:01:01","X202605000380966","Y",""
"XDIST202605060004979188","엑셀수기배분","90019","EC-온라인물류","위탁","26S","DWWJ94063","BKS","90","출고완료","4","4","0","4","박정민(PJM1003)","2026-05-06","2026-05-06","2026-05-07 16:51:01","2026-05-07 16:51:01","2026-05-07 16:51:01","2026-05-08 01:01:02","X202605000380966","Y",""
"XDIST202605060004979188","엑셀수기배분","90019","EC-온라인물류","위탁","26S","DXRS7S063","BKS","115","출고완료","4","4","0","4","박정민(PJM1003)","2026-05-06","2026-05-06","2026-05-07 16:51:01","2026-05-07 16:51:01","2026-05-07 16:51:01","2026-05-08 01:01:02","X202605000380969","Y",""
"XDIST202605060004973610","MD요청-상품","50055","창원중앙(대-위)","위탁","26S","DXTB7A063","BKS","26","출고완료","1","1","0","1","권현정(KHJEONG)","2026-05-06","2026-05-06","2026-05-06 17:30:16","2026-05-06 17:30:16","2026-05-06 17:30:16","2026-05-07 01:03:53","X202605000364208","Y",""
"XDIST202605060004973610","MD요청-상품","50055","창원중앙(대-위)","위탁","26S","DXTB7A063","BKS","34","출고완료","1","1","0","1","권현정(KHJEONG)","2026-05-06","2026-05-06","2026-05-06 17:30:16","2026-05-06 17:30:16","2026-05-06 17:30:16","2026-05-07 01:03:33","X202605000364208","Y",""
"XDIST202605060004973610","MD요청-상품","10033","현대중동","위탁","26S","DXTB7A063","BKS","26","출고완료","1","1","0","1","권현정(KHJEONG)","2026-05-06","2026-05-06","2026-05-06 17:26:09","2026-05-06 17:26:09","2026-05-06 17:26:09","2026-05-07 01:04:59","X202605000364213","Y",""
"XDIST202605060004973610","MD요청-상품","10081","신세계스타일마켓","위탁","26S","DXTB7A063","BKS","34","출고완료","3","3","0","3","권현정(KHJEONG)","2026-05-06","2026-05-06","2026-05-06 17:27:04","2026-05-06 17:27:04","2026-05-06 17:27:04","2026-05-07 01:02:37","X202605000364215","Y",""
"XDIST202605060004973610","MD요청-상품","10080","엔터6왕십리","위탁","26S","DXTB7A063","BKS","34","출고완료","1","1","0","1","권현정(KHJEONG)","2026-05-06","2026-05-06","2026-05-06 17:31:05","2026-05-06 17:31:05","2026-05-06 17:31:05","2026-05-07 01:05:30","X202605000364216","Y",""
"XDIST202605060004973610","MD요청-상품","50063","스퀘어원(대-위)","위탁","26S","DXTB7A063","BKS","30","출고완료","2","2","0","2","권현정(KHJEONG)","2026-05-06","2026-05-06","2026-05-06 17:31:05","2026-05-06 17:31:05","2026-05-06 17:31:05","2026-05-07 01:05:57","X202605000364220","Y",""
"XDIST202605060004973610","MD요청-상품","50064","포천송우(대-위)","위탁","26S","DXTB7A063","BKS","38","출고완료","1","1","0","1","권현정(KHJEONG)","2026-05-06","2026-05-06","2026-05-06 17:26:09","2026-05-06 17:26:09","2026-05-06 17:26:09","2026-05-07 01:03:41","X202605000364223","Y",""
"XDIST202605060004973610","MD요청-상품","50064","포천송우(대-위)","위탁","26S","DXTB7A063","BKS","34","출고완료","1","1","0","1","권현정(KHJEONG)","2026-05-06","2026-05-06","2026-05-06 17:26:09","2026-05-06 17:26:09","2026-05-06 17:26:09","2026-05-07 01:02:46","X202605000364223","Y",""
"XDIST202605060004973610","MD요청-상품","50103","광주흑석(대-위)","위탁","26S","DXTB7A063","BKS","34","출고완료","1","1","0","1","권현정(KHJEONG)","2026-05-06","2026-05-06","2026-05-06 17:31:05","2026-05-06 17:31:05","2026-05-06 17:31:05","2026-05-07 01:02:32","X202605000364231","Y",""
"XDIST202605060004973610","MD요청-상품","10095","NC강남","위탁","26S","DXTB7A063","BKS","34","출고완료","1","1","0","1","권현정(KHJEONG)","2026-05-06","2026-05-06","2026-05-06 17:26:09","2026-05-06 17:26:09","2026-05-06 17:26:09","2026-05-07 01:05:14","X202605000364238","Y",""
"XDIST202605060004973610","MD요청-상품","50077","서수원(대-위)","위탁","26S","DXTB7A063","BKS","34","출고완료","1","1","0","1","권현정(KHJEONG)","2026-05-06","2026-05-06","2026-05-06 17:26:09","2026-05-06 17:26:09","2026-05-06 17:26:09","2026-05-07 01:03:38","X202605000364247","Y",""
"XDIST202605060004973610","MD요청-상품","10016","롯데동래","위탁","26S","DXTB7A063","BKS","26","출고완료","1","1","0","1","권현정(KHJEONG)","2026-05-06","2026-05-06","2026-05-06 17:30:16","2026-05-06 17:30:16","2026-05-06 17:30:16","2026-05-07 01:04:30","X202605000364255","Y",""
"XDIST202605060004973610","MD요청-상품","10063","롯데전주","위탁","26S","DXTB7A063","BKS","30","출고완료","2","2","0","2","권현정(KHJEONG)","2026-05-06","2026-05-06","2026-05-06 17:27:04","2026-05-06 17:27:04","2026-05-06 17:27:04","2026-05-07 01:02:37","X202605000364259","Y",""
"XDIST202605070004990138","엑셀수기배분","10007","롯데부산","위탁","25S","DXTR7A053","BGL","115","출고완료","2","2","0","2","김주형(RLAWNGUD14)","2026-05-07","2026-05-08","2026-05-08 17:49:02","2026-05-08 17:49:02","2026-05-08 17:49:02","2026-05-09 01:01:42","X202605000551374","Y",""
"XDIST202605060004973610","MD요청-상품","50088","진접(대-위)","위탁","26S","DXTB7A063","BKS","34","출고완료","1","1","0","1","권현정(KHJEONG)","2026-05-06","2026-05-06","2026-05-06 17:31:05","2026-05-06 17:31:05","2026-05-06 17:31:05","2026-05-07 01:03:59","X202605000364262","Y",""
"XDIST202605060004973610","MD요청-상품","50005","여수(대-위)","위탁","26S","DXTB7A063","BKS","36","출고완료","1","1","0","1","권현정(KHJEONG)","2026-05-06","2026-05-06","2026-05-06 17:27:04","2026-05-06 17:27:04","2026-05-06 17:27:04","2026-05-07 01:04:07","X202605000364265","Y",""
"XDIST202605060004973610","MD요청-상품","50005","여수(대-위)","위탁","26S","DXTB7A063","BKS","26","출고완료","1","1","0","1","권현정(KHJEONG)","2026-05-06","2026-05-06","2026-05-06 17:27:04","2026-05-06 17:27:04","2026-05-06 17:27:04","2026-05-07 01:04:07","X202605000364265","Y",""
"XDIST202605060004973610","MD요청-상품","50092","모다울산(대-위)","위탁","26S","DXTB7A063","BKS","34","출고완료","1","1","0","1","권현정(KHJEONG)","2026-05-06","2026-05-06","2026-05-06 17:31:05","2026-05-06 17:31:05","2026-05-06 17:31:05","2026-05-07 01:02:52","X202605000364270","Y",""
"XDIST202605060004973610","MD요청-상품","10079","신세계하남","위탁","26S","DXTB7A063","BKS","26","출고완료","1","1","0","1","권현정(KHJEONG)","2026-05-06","2026-05-06","2026-05-06 17:26:09","2026-05-06 17:26:09","2026-05-06 17:26:09","2026-05-07 01:05:09","X202605000364282","Y",""
"XDIST202605060004973610","MD요청-상품","50144","당진(대-위)","위탁","26S","DXTB7A063","BKS","34","출고완료","1","1","0","1","권현정(KHJEONG)","2026-05-06","2026-05-06","2026-05-06 17:27:04","2026-05-06 17:27:04","2026-05-06 17:27:04","2026-05-07 01:02:36","X202605000364287","Y",""
"XDIST202605060004973610","MD요청-상품","10043","롯데울산","위탁","26S","DXTB7A063","BKS","34","출고완료","1","1","0","1","권현정(KHJEONG)","2026-05-06","2026-05-06","2026-05-06 17:26:09","2026-05-06 17:26:09","2026-05-06 17:26:09","2026-05-07 01:03:22","X202605000364288","Y",""
"XDIST202605060004973610","MD요청-상품","10052","롯데강남","위탁","26S","DXTB7A063","BKS","26","출고완료","1","1","0","1","권현정(KHJEONG)","2026-05-06","2026-05-06","2026-05-06 17:31:05","2026-05-06 17:31:05","2026-05-06 17:31:05","2026-05-07 01:04:46","X202605000364299","Y",""
"XDIST202605070004988802","엑셀수기배분","90020","무신사 풀필먼트 서비스","위탁","26N","DXSO7096N","BKS","26","출고완료","2","2","0","2","박정민(PJM1003)","2026-05-07","2026-05-08","2026-05-13 11:08:00","2026-05-13 11:08:00","2026-05-13 11:08:00","2026-05-16 01:00:05","X202605000544539","Y",""
"XDIST202605060004975357","엑셀수기배분","30007","롯데아울렛이천(직)","위탁","24S","DMSW65043","BKS","110","출고완료","4","4","0","4","이훈희(LEEHH1149)","2026-05-06","2026-05-19","2026-05-19 16:09:00","2026-05-19 16:09:00","2026-05-19 16:09:00","2026-05-20 01:00:50","X202605000367547","Y",""
"XDIST202605060004975357","엑셀수기배분","30007","롯데아울렛이천(직)","위탁","24S","DWSW68043","BKS","95","출고완료","10","10","0","10","이훈희(LEEHH1149)","2026-05-06","2026-05-19","2026-05-19 16:09:00","2026-05-19 16:09:00","2026-05-19 16:09:00","2026-05-20 01:00:50","X202605000367547","Y",""
"XDIST202605060004975357","엑셀수기배분","30010","롯데아울렛봉무(직)","위탁","24S","DMSW65043","BKS","100","출고완료","22","22","0","22","이훈희(LEEHH1149)","2026-05-06","2026-05-19","2026-05-19 16:09:01","2026-05-19 16:09:01","2026-05-19 16:09:01","2026-05-20 01:00:50","X202605000367548","Y",""
"XDIST202605060004975357","엑셀수기배분","30010","롯데아울렛봉무(직)","위탁","24S","DMSW65043","BKS","105","출고완료","15","15","0","15","이훈희(LEEHH1149)","2026-05-06","2026-05-19","2026-05-19 16:09:01","2026-05-19 16:09:01","2026-05-19 16:09:01","2026-05-20 01:00:50","X202605000367548","Y",""
"XDIST202605060004975357","엑셀수기배분","30011","롯데아울렛수완(직)","위탁","24S","DMSW65043","BKS","110","출고완료","4","4","0","4","이훈희(LEEHH1149)","2026-05-06","2026-05-19","2026-05-19 16:09:01","2026-05-19 16:09:01","2026-05-19 16:09:01","2026-05-20 01:00:50","X202605000367549","Y",""
"XDIST202605060004975357","엑셀수기배분","30013","롯데아울렛광명(직)","위탁","24S","DMSW65043","BKS","100","출고완료","22","22","0","22","이훈희(LEEHH1149)","2026-05-06","2026-05-19","2026-05-19 16:09:01","2026-05-19 16:09:01","2026-05-19 16:09:01","2026-05-20 01:02:26","X202605000367551","Y",""
"XDIST202605060004975357","엑셀수기배분","30013","롯데아울렛광명(직)","위탁","24S","DWSW68043","BKS","95","출고완료","10","10","0","10","이훈희(LEEHH1149)","2026-05-06","2026-05-19","2026-05-19 16:09:01","2026-05-19 16:09:01","2026-05-19 16:09:01","2026-05-20 01:02:26","X202605000367551","Y",""
"XDIST202605060004975357","엑셀수기배분","30016","롯데아울렛동부산(직)","위탁","24S","DMSW65043","BKS","105","출고완료","16","16","0","16","이훈희(LEEHH1149)","2026-05-06","2026-05-19","2026-05-19 16:09:01","2026-05-19 16:09:01","2026-05-19 16:09:01","2026-05-20 01:00:50","X202605000367552","Y",""
"XDIST202605060004975357","엑셀수기배분","30019","롯데아울렛김해(직)","위탁","24S","DMSW65043","BKS","95","출고완료","3","3","0","3","이훈희(LEEHH1149)","2026-05-06","2026-05-19","2026-05-19 16:09:01","2026-05-19 16:09:01","2026-05-19 16:09:01","2026-05-20 01:00:50","X202605000367553","Y",""
"XDIST202605060004975357","엑셀수기배분","30020","롯데아울렛청주(직)","위탁","24S","DMSW65043","BKS","95","출고완료","3","3","0","3","이훈희(LEEHH1149)","2026-05-06","2026-05-19","2026-05-19 16:09:01","2026-05-19 16:09:01","2026-05-19 16:09:01","2026-05-20 01:00:51","X202605000367554","Y",""
"XDIST202605060004975357","엑셀수기배분","30020","롯데아울렛청주(직)","위탁","24S","DWSW68043","BKS","100","출고완료","6","6","0","6","이훈희(LEEHH1149)","2026-05-06","2026-05-19","2026-05-19 16:09:01","2026-05-19 16:09:01","2026-05-19 16:09:01","2026-05-20 01:00:51","X202605000367554","Y",""
"XDIST202605060004975357","엑셀수기배분","30021","롯데아울렛광교(직)","위탁","24S","DMSW65043","BKS","95","출고완료","3","3","0","3","이훈희(LEEHH1149)","2026-05-06","2026-05-19","2026-05-19 16:09:01","2026-05-19 16:09:01","2026-05-19 16:09:01","2026-05-20 01:02:27","X202605000367555","Y",""
"XDIST202605060004975357","엑셀수기배분","30023","롯데아울렛파주(직)","위탁","24S","DWSW68043","BKS","90","출고완료","15","15","0","15","이훈희(LEEHH1149)","2026-05-06","2026-05-19","2026-05-19 16:09:01","2026-05-19 16:09:01","2026-05-19 16:09:01","2026-05-20 01:02:24","X202605000367557","Y",""
"XDIST202605060004975357","엑셀수기배분","30031","롯데아울렛원흥(직)","위탁","24S","DMSW65043","BKS","105","출고완료","15","15","0","15","이훈희(LEEHH1149)","2026-05-06","2026-05-19","2026-05-19 16:09:01","2026-05-19 16:09:01","2026-05-19 16:09:01","2026-05-20 01:02:30","X202605000367559","Y",""
"XDIST202605060004975357","엑셀수기배분","30038","롯데아울렛기흥(직)","위탁","24S","DMSW65043","BKS","100","출고완료","23","23","0","23","이훈희(LEEHH1149)","2026-05-06","2026-05-19","2026-05-19 16:09:01","2026-05-19 16:09:01","2026-05-19 16:09:01","2026-05-20 01:02:31","X202605000367562","Y",""
"XDIST202605060004975357","엑셀수기배분","30038","롯데아울렛기흥(직)","위탁","24S","DMSW65043","BKS","105","출고완료","16","16","0","16","이훈희(LEEHH1149)","2026-05-06","2026-05-19","2026-05-19 16:09:01","2026-05-19 16:09:01","2026-05-19 16:09:01","2026-05-20 01:02:31","X202605000367562","Y",""
"XDIST202605060004974321","MD요청-상품","50168","모다김제(대-위)","위탁","26S","DMRS8I063","IVS","115","출고완료","1","1","0","1","권현정(KHJEONG)","2026-05-06","2026-05-06","2026-05-06 17:30:17","2026-05-06 17:30:17","2026-05-06 17:30:17","2026-05-07 01:04:10","X202605000365192","Y",""
"XDIST202605060004974321","MD요청-상품","50167","부산광복(대-위)","위탁","26S","DMRS8I063","IVS","115","출고완료","1","1","0","1","권현정(KHJEONG)","2026-05-06","2026-05-06","2026-05-06 17:30:17","2026-05-06 17:30:17","2026-05-06 17:30:17","2026-05-07 01:04:11","X202605000365194","Y",""
"XDIST202605060004974321","MD요청-상품","50096","LF스퀘어양주(대-위)","위탁","26S","DMRS8I063","IVS","115","출고완료","1","1","0","1","권현정(KHJEONG)","2026-05-06","2026-05-06","2026-05-06 17:26:10","2026-05-06 17:26:10","2026-05-06 17:26:10","2026-05-07 01:05:32","X202605000365211","Y",""
"XDIST202605060004974321","MD요청-상품","50098","울산무거(대-위)","위탁","26S","DMRS8I063","IVS","115","출고완료","1","1","0","1","권현정(KHJEONG)","2026-05-06","2026-05-06","2026-05-06 17:27:05","2026-05-06 17:27:05","2026-05-06 17:27:05","2026-05-07 01:03:41","X202605000365212","Y",""
"XDIST202605060004974321","MD요청-상품","50211","청주성안(대-위)","위탁","26S","DMRS8I063","IVS","115","출고완료","1","1","0","1","권현정(KHJEONG)","2026-05-06","2026-05-06","2026-05-06 17:31:06","2026-05-06 17:31:06","2026-05-06 17:31:06","2026-05-07 10:43:16","X202605000365217","Y",""
"XDIST202605060004974321","MD요청-상품","50059","신제주(대-위)","위탁","26S","DMRS8I063","IVS","115","출고완료","1","1","0","1","권현정(KHJEONG)","2026-05-06","2026-05-06","2026-05-06 17:30:17","2026-05-06 17:30:17","2026-05-06 17:30:17","2026-05-07 01:04:14","X202605000365220","Y",""
"XDIST202605060004974321","MD요청-상품","30028","광주상무(직)","위탁","26S","DMRS8I063","IVS","115","출고완료","1","1","0","1","권현정(KHJEONG)","2026-05-06","2026-05-06","2026-05-06 17:26:10","2026-05-06 17:26:10","2026-05-06 17:26:10","2026-05-07 01:02:55","X202605000365223","Y",""
"XDIST202605060004974321","MD요청-상품","50065","화성봉담(대-위)","위탁","26S","DMRS8I063","IVS","95","출고완료","1","1","0","1","권현정(KHJEONG)","2026-05-06","2026-05-06","2026-05-06 17:26:10","2026-05-06 17:26:10","2026-05-06 17:26:10","2026-05-07 01:02:28","X202605000365228","Y",""
"XDIST202605060004974321","MD요청-상품","50144","당진(대-위)","위탁","26S","DMRS8I063","IVS","115","출고완료","1","1","0","1","권현정(KHJEONG)","2026-05-06","2026-05-06","2026-05-06 17:27:05","2026-05-06 17:27:05","2026-05-06 17:27:05","2026-05-07 01:02:36","X202605000365231","Y",""
"XDIST202605060004974321","MD요청-상품","50104","애플사상(대-위)","위탁","26S","DMRS8I063","IVS","115","출고완료","1","1","0","1","권현정(KHJEONG)","2026-05-06","2026-05-06","2026-05-06 17:26:10","2026-05-06 17:26:10","2026-05-06 17:26:10","2026-05-07 01:03:13","X202605000365234","Y",""
"XDIST202605060004974321","MD요청-상품","50106","세정광주(대-위)","위탁","26S","DMRS8I063","IVS","115","출고완료","1","1","0","1","권현정(KHJEONG)","2026-05-06","2026-05-06","2026-05-06 17:31:06","2026-05-06 17:31:06","2026-05-06 17:31:06","2026-05-07 01:04:13","X202605000365237","Y",""
"XDIST202605060004974321","MD요청-상품","10018","롯데잠실","위탁","26S","DMRS8I063","IVS","115","출고완료","1","1","0","1","권현정(KHJEONG)","2026-05-06","2026-05-06","2026-05-06 17:26:10","2026-05-06 17:26:10","2026-05-06 17:26:10","2026-05-07 01:04:45","X202605000365245","Y",""
"XDIST202605060004974321","MD요청-상품","50117","아이즈빌부평(대-위)","위탁","26S","DMRS8I063","IVS","115","출고완료","1","1","0","1","권현정(KHJEONG)","2026-05-06","2026-05-06","2026-05-06 17:30:17","2026-05-06 17:30:17","2026-05-06 17:30:17","2026-05-07 01:05:35","X202605000365251","Y",""
"XDIST202605060004973612","MD요청-상품","10056","갤러리아진주","위탁","26S","DXTB7A063","GRD","32","출고완료","1","1","0","1","권현정(KHJEONG)","2026-05-06","2026-05-06","2026-05-06 17:31:05","2026-05-06 17:31:05","2026-05-06 17:31:05","2026-05-07 01:04:36","X202605000364314","Y",""
"XDIST202605070004991172","MD요청-상품","50106","세정광주(대-위)","위탁","25N","DXCP5015N","BLL","58","출고완료","2","2","0","2","장윤희(YHJANG)","2026-05-07","2026-05-08","2026-05-08 17:33:04","2026-05-08 17:33:04","2026-05-08 17:33:04","2026-05-09 01:01:49","X202605000554986","Y",""
"XDIST202605070004991172","MD요청-상품","10005","롯데대전","위탁","25N","DXCP5015N","BLL","58","출고완료","1","1","0","1","장윤희(YHJANG)","2026-05-07","2026-05-08","2026-05-08 17:49:03","2026-05-08 17:49:03","2026-05-08 17:49:03","2026-05-09 01:02:13","X202605000554988","Y",""
"XDIST202605070004991172","MD요청-상품","10093","AK평택","위탁","25N","DXCP5015N","BLL","58","출고완료","1","1","0","1","장윤희(YHJANG)","2026-05-07","2026-05-08","2026-05-08 17:49:03","2026-05-08 17:49:03","2026-05-08 17:49:03","2026-05-09 01:03:06","X202605000554993","Y",""
"XDIST202605070004991172","MD요청-상품","10096","롯데동탄","위탁","25N","DXCP5015N","BLL","58","출고완료","1","1","0","1","장윤희(YHJANG)","2026-05-07","2026-05-08","2026-05-08 17:33:04","2026-05-08 17:33:04","2026-05-08 17:33:04","2026-05-09 01:03:19","X202605000554994","Y",""
"XDIST202605070004991172","MD요청-상품","10095","NC강남","위탁","25N","DXCP5015N","BLL","58","출고완료","1","1","0","1","장윤희(YHJANG)","2026-05-07","2026-05-08","2026-05-08 17:49:03","2026-05-08 17:49:03","2026-05-08 17:49:03","2026-05-09 01:03:33","X202605000554995","Y",""
"XDIST202605070004991172","MD요청-상품","50074","모다인천(대-위)","위탁","25N","DXCP5015N","BLL","58","출고완료","1","1","0","1","장윤희(YHJANG)","2026-05-07","2026-05-08","2026-05-08 17:49:03","2026-05-08 17:49:03","2026-05-08 17:49:03","2026-05-09 01:01:38","X202605000555000","Y",""
"XDIST202605070004991172","MD요청-상품","10019","롯데대구","위탁","25N","DXCP5015N","BLL","56","출고완료","1","1","0","1","장윤희(YHJANG)","2026-05-07","2026-05-08","2026-05-08 17:33:04","2026-05-08 17:33:04","2026-05-08 17:33:04","2026-05-09 01:02:43","X202605000555001","Y",""
"XDIST202605070004991172","MD요청-상품","50199","거창(대-위)","위탁","25N","DXCP5015N","BLL","56","출고완료","1","1","0","1","장윤희(YHJANG)","2026-05-07","2026-05-08","2026-05-08 17:49:03","2026-05-08 17:49:03","2026-05-08 17:49:03","2026-05-09 01:03:00","X202605000555003","Y",""
"XDIST202605070004991172","MD요청-상품","50115","부천(대-위)","위탁","25N","DXCP5015N","BLL","58","출고완료","1","1","0","1","장윤희(YHJANG)","2026-05-07","2026-05-08","2026-05-08 17:49:03","2026-05-08 17:49:03","2026-05-08 17:49:03","2026-05-09 01:03:05","X202605000555008","Y",""
"XDIST202605070004991172","MD요청-상품","10014","롯데중동","위탁","25N","DXCP5015N","BLL","56","출고완료","1","1","0","1","장윤희(YHJANG)","2026-05-07","2026-05-08","2026-05-08 17:49:03","2026-05-08 17:49:03","2026-05-08 17:49:03","2026-05-09 01:03:17","X202605000555012","Y",""
"XDIST202605070004991172","MD요청-상품","50119","보령(대-위)","위탁","25N","DXCP5015N","BLL","58","출고완료","1","1","0","1","장윤희(YHJANG)","2026-05-07","2026-05-08","2026-05-08 17:33:04","2026-05-08 17:33:04","2026-05-08 17:33:04","2026-05-09 01:02:43","X202605000555015","Y",""
"XDIST202605070004991172","MD요청-상품","10063","롯데전주","위탁","25N","DXCP5015N","BLL","58","출고완료","1","1","0","1","장윤희(YHJANG)","2026-05-07","2026-05-08","2026-05-08 17:49:03","2026-05-08 17:49:03","2026-05-08 17:49:03","2026-05-09 01:03:03","X202605000555020","Y",""
"XDIST202605060004974322","MD요청-상품","10043","롯데울산","위탁","26S","DMRS8I063","KAD","100","출고완료","1","1","0","1","권현정(KHJEONG)","2026-05-06","2026-05-06","2026-05-06 17:26:10","2026-05-06 17:26:10","2026-05-06 17:26:10","2026-05-07 01:03:49","X202605000365263","Y",""
"XDIST202605060004974322","MD요청-상품","50148","김천(대-위)","위탁","26S","DMRS8I063","KAD","100","출고완료","1","1","0","1","권현정(KHJEONG)","2026-05-06","2026-05-06","2026-05-06 17:31:06","2026-05-06 17:31:06","2026-05-06 17:31:06","2026-05-07 01:03:59","X202605000365265","Y",""
"XDIST202605060004974322","MD요청-상품","31006","명동점(직)","위탁","26S","DMRS8I063","KAD","100","출고완료","1","1","0","1","권현정(KHJEONG)","2026-05-06","2026-05-06","2026-05-06 17:30:17","2026-05-06 17:30:17","2026-05-06 17:30:17","2026-05-07 11:53:13","X202605000365267","Y",""
"XDIST202605060004974322","MD요청-상품","10095","NC강남","위탁","26S","DMRS8I063","KAD","100","출고완료","1","1","0","1","권현정(KHJEONG)","2026-05-06","2026-05-06","2026-05-06 17:26:10","2026-05-06 17:26:10","2026-05-06 17:26:10","2026-05-07 01:05:15","X202605000365270","Y",""
"XDIST202605060004974322","MD요청-상품","50073","거제고현(대-위)","위탁","26S","DMRS8I063","KAD","100","출고완료","1","1","0","1","권현정(KHJEONG)","2026-05-06","2026-05-06","2026-05-06 17:26:10","2026-05-06 17:26:10","2026-05-06 17:26:10","2026-05-07 01:04:02","X202605000365274","Y",""
"XDIST202605060004974322","MD요청-상품","30043","스타필드안성(직)","위탁","26S","DMRS8I063","KAD","100","출고완료","1","1","0","1","권현정(KHJEONG)","2026-05-06","2026-05-06","2026-05-06 17:31:06","2026-05-06 17:31:06","2026-05-06 17:31:06","2026-05-07 01:03:44","X202605000365277","Y",""
"XDIST202605060004974322","MD요청-상품","50137","NC송파(대-위)","위탁","26S","DMRS8I063","KAD","100","출고완료","1","1","0","1","권현정(KHJEONG)","2026-05-06","2026-05-06","2026-05-06 17:30:17","2026-05-06 17:30:17","2026-05-06 17:30:17","2026-05-07 01:05:17","X202605000365281","Y",""
"XDIST202605070004991172","MD요청-상품","50090","아산(대-위)","위탁","25N","DXCP5015N","BLL","58","출고완료","1","1","0","1","장윤희(YHJANG)","2026-05-07","2026-05-08","2026-05-08 17:49:03","2026-05-08 17:49:03","2026-05-08 17:49:03","2026-05-09 01:01:36","X202605000555037","Y",""
"XDIST202605070004991172","MD요청-상품","50131","시화(대-위)","위탁","25N","DXCP5015N","BLL","56","출고완료","1","1","0","1","장윤희(YHJANG)","2026-05-07","2026-05-08","2026-05-08 17:33:04","2026-05-08 17:33:04","2026-05-08 17:33:04","2026-05-09 01:02:49","X202605000555041","Y",""
"XDIST202605070004991172","MD요청-상품","10076","현대미아","위탁","25N","DXCP5015N","BLL","58","출고완료","1","1","0","1","장윤희(YHJANG)","2026-05-07","2026-05-08","2026-05-08 17:49:03","2026-05-08 17:49:03","2026-05-08 17:49:03","2026-05-09 01:03:23","X202605000555046","Y",""
"XDIST202605070004991172","MD요청-상품","10077","신세계센텀","위탁","25N","DXCP5015N","BLL","58","출고완료","1","1","0","1","장윤희(YHJANG)","2026-05-07","2026-05-08","2026-05-08 17:33:04","2026-05-08 17:33:04","2026-05-08 17:33:04","2026-05-09 01:02:16","X202605000555051","Y",""
"XDIST202605070004991172","MD요청-상품","50028","광주첨단(대-위)","위탁","25N","DXCP5015N","BLL","58","출고완료","1","1","0","1","장윤희(YHJANG)","2026-05-07","2026-05-08","2026-05-08 17:33:04","2026-05-08 17:33:04","2026-05-08 17:33:04","2026-05-09 01:02:52","X202605000555071","Y",""
"XDIST202605070004991172","MD요청-상품","10048","아이파크용산","위탁","25N","DXCP5015N","BLL","58","출고완료","1","1","0","1","장윤희(YHJANG)","2026-05-07","2026-05-08","2026-05-08 17:49:03","2026-05-08 17:49:03","2026-05-08 17:49:03","2026-05-09 01:03:23","X202605000555074","Y",""
"XDIST202605040004968716","엑셀수기배분","90019","EC-온라인물류","위탁","26S","DWPT7F063","DWS","26","출고완료","15","15","0","15","박정민(PJM1003)","2026-05-04","2026-05-06","2026-05-06 17:19:01","2026-05-06 17:19:01","2026-05-06 17:19:01","2026-05-07 01:01:55","X202605000201525","Y",""
"XDIST202605040004968716","엑셀수기배분","90019","EC-온라인물류","위탁","26S","DWPT7F063","BES","26","출고완료","5","5","0","5","박정민(PJM1003)","2026-05-04","2026-05-06","2026-05-06 17:19:01","2026-05-06 17:19:01","2026-05-06 17:19:01","2026-05-07 01:01:57","X202605000201525","Y",""
"XDIST202605040004968716","엑셀수기배분","90019","EC-온라인물류","위탁","26S","DWPT7F063","BKS","27","출고완료","5","5","0","5","박정민(PJM1003)","2026-05-04","2026-05-06","2026-05-06 17:19:01","2026-05-06 17:19:01","2026-05-06 17:19:01","2026-05-07 01:01:57","X202605000201525","Y",""
"XDIST202605040004968716","엑셀수기배분","90019","EC-온라인물류","위탁","26S","DWPT7F063","DGS","26","출고완료","10","10","0","10","박정민(PJM1003)","2026-05-04","2026-05-06","2026-05-06 17:19:01","2026-05-06 17:19:01","2026-05-06 17:19:01","2026-05-07 01:01:57","X202605000201525","Y",""
"XDIST202605040004968716","엑셀수기배분","90019","EC-온라인물류","위탁","26S","DWRS94063","LVL","100","출고완료","4","4","0","4","박정민(PJM1003)","2026-05-04","2026-05-06","2026-05-06 17:19:01","2026-05-06 17:19:01","2026-05-06 17:19:01","2026-05-07 01:01:57","X202605000201526","Y",""
"XDIST202605040004968716","엑셀수기배분","90019","EC-온라인물류","위탁","26S","DWRS97063","DGS","90","출고완료","15","15","0","15","박정민(PJM1003)","2026-05-04","2026-05-06","2026-05-06 17:19:01","2026-05-06 17:19:01","2026-05-06 17:19:01","2026-05-07 01:01:57","X202605000201526","Y",""
"XDIST202605040004968716","엑셀수기배분","90019","EC-온라인물류","위탁","26S","DWRS97063","PCL","95","출고완료","10","10","0","10","박정민(PJM1003)","2026-05-04","2026-05-06","2026-05-06 17:19:01","2026-05-06 17:19:01","2026-05-06 17:19:01","2026-05-07 01:01:53","X202605000201526","Y",""
"XDIST202605040004968716","엑셀수기배분","90019","EC-온라인물류","위탁","26S","DWSBB2063","DWS","27","출고완료","15","15","0","15","박정민(PJM1003)","2026-05-04","2026-05-06","2026-05-06 17:19:01","2026-05-06 17:19:01","2026-05-06 17:19:01","2026-05-07 01:01:57","X202605000201527","Y",""
"XDIST202605040004968716","엑셀수기배분","90019","EC-온라인물류","위탁","26S","DWSBB2063","INS","26","출고완료","10","10","0","10","박정민(PJM1003)","2026-05-04","2026-05-06","2026-05-06 17:19:01","2026-05-06 17:19:01","2026-05-06 17:19:01","2026-05-07 01:01:53","X202605000201527","Y",""
"XDIST202605040004968716","엑셀수기배분","90019","EC-온라인물류","위탁","26S","DWTB95063","BGN","26","출고완료","2","2","0","2","박정민(PJM1003)","2026-05-04","2026-05-06","2026-05-06 17:19:01","2026-05-06 17:19:01","2026-05-06 17:19:01","2026-05-07 01:01:55","X202605000201528","Y",""
"XDIST202605040004968716","엑셀수기배분","90019","EC-온라인물류","위탁","26S","DWWJR2063","BKS","95","출고완료","15","15","0","15","박정민(PJM1003)","2026-05-04","2026-05-06","2026-05-06 17:19:01","2026-05-06 17:19:01","2026-05-06 17:19:01","2026-05-07 01:01:53","X202605000201529","Y",""
"XDIST202605040004968716","엑셀수기배분","90019","EC-온라인물류","위탁","26S","DWWJR2063","COD","95","출고완료","10","10","0","10","박정민(PJM1003)","2026-05-04","2026-05-06","2026-05-06 17:19:01","2026-05-06 17:19:01","2026-05-06 17:19:01","2026-05-07 01:01:57","X202605000201529","Y",""
"XDIST202605070004991172","MD요청-상품","50159","용인(대-위)","위탁","25N","DXCP5015N","BLL","58","출고완료","1","1","0","1","장윤희(YHJANG)","2026-05-07","2026-05-08","2026-05-08 17:33:04","2026-05-08 17:33:04","2026-05-08 17:33:04","2026-05-09 01:02:17","X202605000555087","Y",""
"XDIST202605070004991172","MD요청-상품","10059","현대대구","위탁","25N","DXCP5015N","BLL","58","출고완료","1","1","0","1","장윤희(YHJANG)","2026-05-07","2026-05-08","2026-05-08 17:33:04","2026-05-08 17:33:04","2026-05-08 17:33:04","2026-05-09 01:02:10","X202605000555092","Y",""
"XDIST202605070004989715","MD요청-상품","50209","서귀포(대-위)","위탁","25N","DXCP5025N","BKS","58","출고완료","5","5","0","5","장윤희(YHJANG)","2026-05-07","2026-05-08","2026-05-08 17:33:03","2026-05-08 17:33:03","2026-05-08 17:33:03","2026-05-09 01:02:28","X202605000549972","Y",""
"XDIST202605070004989715","MD요청-상품","50063","스퀘어원(대-위)","위탁","25N","DXCP5025N","BKS","56","출고완료","3","3","0","3","장윤희(YHJANG)","2026-05-07","2026-05-08","2026-05-08 17:33:03","2026-05-08 17:33:03","2026-05-08 17:33:03","2026-05-09 01:03:50","X202605000549975","Y",""
"XDIST202605070004989715","MD요청-상품","31006","명동점(직)","위탁","25N","DXCP5025N","BKS","56","출고완료","5","5","0","5","장윤희(YHJANG)","2026-05-07","2026-05-08","2026-05-08 17:33:03","2026-05-08 17:33:03","2026-05-08 17:33:03","2026-05-09 13:23:00","X202605000549985","Y",""
"XDIST202605060004974160","MD요청-상품","31005","강남사옥(직)","위탁","26S","DWRS97063","IVD","95","출고완료","1","1","0","1","권현정(KHJEONG)","2026-05-06","2026-05-06","2026-05-06 17:31:05","2026-05-06 17:31:05","2026-05-06 17:31:05","2026-05-07 09:03:00","X202605000364880","Y",""
"XDIST202605080004993589","엑셀수기배분","90019","EC-온라인물류","위탁","25S","DXTR7E053","GRD","85","출고완료","2","2","0","2","허새흰(HEEN1)","2026-05-08","2026-05-08","2026-05-08 17:30:04","2026-05-08 17:30:04","2026-05-08 17:30:04","2026-05-09 01:01:29","X202605000617713","Y",""
"XDIST202605070004991172","MD요청-상품","50165","청주율량(대-위)","위탁","25N","DXCP5015N","BLL","58","출고완료","1","1","0","1","장윤희(YHJANG)","2026-05-07","2026-05-08","2026-05-08 17:33:03","2026-05-08 17:33:03","2026-05-08 17:33:03","2026-05-09 01:01:58","X202605000554918","Y",""
"XDIST202605070004991172","MD요청-상품","50200","홍천(대-위)","위탁","25N","DXCP5015N","BLL","56","출고완료","1","1","0","1","장윤희(YHJANG)","2026-05-07","2026-05-08","2026-05-08 17:49:03","2026-05-08 17:49:03","2026-05-08 17:49:03","2026-05-09 01:03:01","X202605000554923","Y",""
"XDIST202605070004991172","MD요청-상품","10022","롯데광주","위탁","25N","DXCP5015N","BLL","58","출고완료","1","1","0","1","장윤희(YHJANG)","2026-05-07","2026-05-08","2026-05-08 17:49:03","2026-05-08 17:49:03","2026-05-08 17:49:03","2026-05-09 01:01:41","X202605000554927","Y",""
"XDIST202605070004991172","MD요청-상품","10022","롯데광주","위탁","25N","DXCP5015N","BLL","56","출고완료","1","1","0","1","장윤희(YHJANG)","2026-05-07","2026-05-08","2026-05-08 17:49:03","2026-05-08 17:49:03","2026-05-08 17:49:03","2026-05-09 01:01:41","X202605000554927","Y",""
"XDIST202605070004991172","MD요청-상품","50207","전주평화점(대-위)","위탁","25N","DXCP5015N","BLL","58","출고완료","1","1","0","1","장윤희(YHJANG)","2026-05-07","2026-05-08","2026-05-08 17:49:03","2026-05-08 17:49:03","2026-05-08 17:49:03","2026-05-09 01:01:35","X202605000554934","Y",""
"XDIST202605070004991172","MD요청-상품","50209","서귀포(대-위)","위탁","25N","DXCP5015N","BLL","58","출고완료","1","1","0","1","장윤희(YHJANG)","2026-05-07","2026-05-08","2026-05-08 17:33:03","2026-05-08 17:33:03","2026-05-08 17:33:03","2026-05-09 01:02:28","X202605000554937","Y",""
"XDIST202605070004991172","MD요청-상품","10030","롯데센텀","위탁","25N","DXCP5015N","BLL","56","출고완료","1","1","0","1","장윤희(YHJANG)","2026-05-07","2026-05-08","2026-05-08 17:49:03","2026-05-08 17:49:03","2026-05-08 17:49:03","2026-05-09 01:02:25","X202605000554939","Y",""
"XDIST202605070004991172","MD요청-상품","50055","창원중앙(대-위)","위탁","25N","DXCP5015N","BLL","58","출고완료","1","1","0","1","장윤희(YHJANG)","2026-05-07","2026-05-08","2026-05-08 17:33:03","2026-05-08 17:33:03","2026-05-08 17:33:03","2026-05-09 01:01:59","X202605000554948","Y",""
"XDIST202605070004991172","MD요청-상품","50055","창원중앙(대-위)","위탁","25N","DXCP5015N","BLL","56","출고완료","1","1","0","1","장윤희(YHJANG)","2026-05-07","2026-05-08","2026-05-08 17:33:03","2026-05-08 17:33:03","2026-05-08 17:33:03","2026-05-09 01:01:59","X202605000554948","Y",""
"XDIST202605070004991172","MD요청-상품","10032","롯데수원","위탁","25N","DXCP5015N","BLL","58","출고완료","1","1","0","1","장윤희(YHJANG)","2026-05-07","2026-05-08","2026-05-08 17:49:03","2026-05-08 17:49:03","2026-05-08 17:49:03","2026-05-09 01:03:20","X202605000554949","Y",""
"XDIST202605070004991172","MD요청-상품","50211","청주성안(대-위)","위탁","25N","DXCP5015N","BLL","58","출고완료","1","1","0","1","장윤희(YHJANG)","2026-05-07","2026-05-08","2026-05-08 17:33:03","2026-05-08 17:33:03","2026-05-08 17:33:03","2026-05-09 11:04:39","X202605000554954","Y",""
"XDIST202605070004991172","MD요청-상품","10035","신세계의정부","위탁","25N","DXCP5015N","BLL","58","출고완료","1","1","0","1","장윤희(YHJANG)","2026-05-07","2026-05-08","2026-05-08 17:33:03","2026-05-08 17:33:03","2026-05-08 17:33:03","2026-05-09 01:03:29","X202605000554957","Y",""
"XDIST202605070004991172","MD요청-상품","10038","롯데창원","위탁","25N","DXCP5015N","BLL","58","출고완료","1","1","0","1","장윤희(YHJANG)","2026-05-07","2026-05-08","2026-05-08 17:49:03","2026-05-08 17:49:03","2026-05-08 17:49:03","2026-05-09 01:03:04","X202605000554958","Y",""
"XDIST202605070004991172","MD요청-상품","50185","모다경주(대-위)","위탁","25N","DXCP5015N","BLL","58","출고완료","1","1","0","1","장윤희(YHJANG)","2026-05-07","2026-05-08","2026-05-08 17:49:03","2026-05-08 17:49:03","2026-05-08 17:49:03","2026-05-09 01:01:37","X202605000554975","Y",""
"XDIST202605060004981672","엑셀수기배분","30024","롯데아울렛부여(직)","위탁","24S","DMPT57043","NBD","34","출고완료","3","3","0","3","이훈희(LEEHH1149)","2026-05-06","2026-05-07","2026-05-07 17:07:01","2026-05-07 17:07:01","2026-05-07 17:07:01","2026-05-08 01:02:16","X202605000399036","Y",""
"XDIST202605060004981672","엑셀수기배분","30024","롯데아울렛부여(직)","위탁","24S","DMPT7C043","BKS","32","출고완료","10","10","0","10","이훈희(LEEHH1149)","2026-05-06","2026-05-07","2026-05-07 17:07:01","2026-05-07 17:07:01","2026-05-07 17:07:01","2026-05-08 01:02:53","X202605000399036","Y",""
"XDIST202605060004981672","엑셀수기배분","30024","롯데아울렛부여(직)","위탁","24S","DMTP67043","GRS","30","출고완료","2","2","0","2","이훈희(LEEHH1149)","2026-05-06","2026-05-07","2026-05-07 17:07:02","2026-05-07 17:07:02","2026-05-07 17:07:02","2026-05-08 01:02:15","X202605000399038","Y",""
"XDIST202605060004981672","엑셀수기배분","30024","롯데아울렛부여(직)","위탁","24S","DWTP52043","BKS","27","출고완료","3","3","0","3","이훈희(LEEHH1149)","2026-05-06","2026-05-07","2026-05-07 17:07:02","2026-05-07 17:07:02","2026-05-07 17:07:02","2026-05-08 01:02:15","X202605000399038","Y",""
"XDIST202605060004981672","엑셀수기배분","30024","롯데아울렛부여(직)","위탁","24S","DMTR51043","CRD","100","출고완료","3","3","0","3","이훈희(LEEHH1149)","2026-05-06","2026-05-07","2026-05-07 17:07:02","2026-05-07 17:07:02","2026-05-07 17:07:02","2026-05-08 01:02:48","X202605000399039","Y",""
"XDIST202605060004981672","엑셀수기배분","30024","롯데아울렛부여(직)","위탁","24S","DWTR52043","BKS","95","출고완료","3","3","0","3","이훈희(LEEHH1149)","2026-05-06","2026-05-07","2026-05-07 17:07:02","2026-05-07 17:07:02","2026-05-07 17:07:02","2026-05-08 01:02:37","X202605000399039","Y",""
"XDIST202605060004981672","엑셀수기배분","30024","롯데아울렛부여(직)","위탁","24S","DWTR52043","CRD","100","출고완료","2","2","0","2","이훈희(LEEHH1149)","2026-05-06","2026-05-07","2026-05-07 17:07:02","2026-05-07 17:07:02","2026-05-07 17:07:02","2026-05-08 01:02:32","X202605000399039","Y",""
"XDIST202605060004981672","엑셀수기배분","30024","롯데아울렛부여(직)","위탁","24S","DXTR75043","BRD","95","출고완료","2","2","0","2","이훈희(LEEHH1149)","2026-05-06","2026-05-07","2026-05-07 17:07:02","2026-05-07 17:07:02","2026-05-07 17:07:02","2026-05-08 01:02:53","X202605000399039","Y",""
"XDIST202605060004981672","엑셀수기배분","30024","롯데아울렛부여(직)","위탁","24S","DXTR76043","BRD","100","출고완료","10","10","0","10","이훈희(LEEHH1149)","2026-05-06","2026-05-07","2026-05-07 17:07:02","2026-05-07 17:07:02","2026-05-07 17:07:02","2026-05-08 01:02:48","X202605000399039","Y",""
"XDIST202605060004981672","엑셀수기배분","30024","롯데아울렛부여(직)","위탁","24S","DXTR76043","BRD","85","출고완료","2","2","0","2","이훈희(LEEHH1149)","2026-05-06","2026-05-07","2026-05-07 17:07:02","2026-05-07 17:07:02","2026-05-07 17:07:02","2026-05-08 01:02:41","X202605000399039","Y",""
"XDIST202605060004981672","엑셀수기배분","30024","롯데아울렛부여(직)","위탁","24S","DMTS53043","BLD","105","출고완료","2","2","0","2","이훈희(LEEHH1149)","2026-05-06","2026-05-07","2026-05-07 17:07:02","2026-05-07 17:07:02","2026-05-07 17:07:02","2026-05-08 01:02:16","X202605000399040","Y",""
"XDIST202605060004981672","엑셀수기배분","30024","롯데아울렛부여(직)","위탁","24S","DMTS73043","CRS","100","출고완료","2","2","0","2","이훈희(LEEHH1149)","2026-05-06","2026-05-07","2026-05-07 17:07:02","2026-05-07 17:07:02","2026-05-07 17:07:02","2026-05-08 01:02:12","X202605000399040","Y",""
"XDIST202605060004981672","엑셀수기배분","30024","롯데아울렛부여(직)","위탁","24S","DMTS73043","TQS","95","출고완료","3","3","0","3","이훈희(LEEHH1149)","2026-05-06","2026-05-07","2026-05-07 17:07:02","2026-05-07 17:07:02","2026-05-07 17:07:02","2026-05-08 01:02:12","X202605000399040","Y",""
"XDIST202605060004981672","엑셀수기배분","30024","롯데아울렛부여(직)","위탁","24S","DMTSG3043","TQD","95","출고완료","2","2","0","2","이훈희(LEEHH1149)","2026-05-06","2026-05-07","2026-05-07 17:07:02","2026-05-07 17:07:02","2026-05-07 17:07:02","2026-05-08 01:02:15","X202605000399040","Y",""
"XDIST202605060004981672","엑셀수기배분","30024","롯데아울렛부여(직)","위탁","24S","DMTSGE043","GNN","95","출고완료","2","2","0","2","이훈희(LEEHH1149)","2026-05-06","2026-05-07","2026-05-07 17:07:02","2026-05-07 17:07:02","2026-05-07 17:07:02","2026-05-08 01:02:17","X202605000399040","Y",""
"XDIST202605060004981672","엑셀수기배분","30024","롯데아울렛부여(직)","위탁","24S","DMTSGI043","CRS","95","출고완료","3","3","0","3","이훈희(LEEHH1149)","2026-05-06","2026-05-07","2026-05-07 17:07:02","2026-05-07 17:07:02","2026-05-07 17:07:02","2026-05-08 01:02:12","X202605000399040","Y",""
"XDIST202605060004981672","엑셀수기배분","30024","롯데아울렛부여(직)","위탁","24S","DMTSGI043","NYD","100","출고완료","2","2","0","2","이훈희(LEEHH1149)","2026-05-06","2026-05-07","2026-05-07 17:07:02","2026-05-07 17:07:02","2026-05-07 17:07:02","2026-05-08 01:02:16","X202605000399040","Y",""
"XDIST202605060004981672","엑셀수기배분","30024","롯데아울렛부여(직)","위탁","24S","DMTSGQ043","DBS","110","출고완료","2","2","0","2","이훈희(LEEHH1149)","2026-05-06","2026-05-07","2026-05-07 17:07:02","2026-05-07 17:07:02","2026-05-07 17:07:02","2026-05-08 01:02:12","X202605000399040","Y",""
"XDIST202605060004981672","엑셀수기배분","30024","롯데아울렛부여(직)","위탁","24S","DMTSGQ043","GRD","100","출고완료","3","3","0","3","이훈희(LEEHH1149)","2026-05-06","2026-05-07","2026-05-07 17:07:02","2026-05-07 17:07:02","2026-05-07 17:07:02","2026-05-08 01:02:12","X202605000399040","Y",""
"XDIST202605060004981672","엑셀수기배분","30024","롯데아울렛부여(직)","위탁","24S","DMTSGQ043","GRD","105","출고완료","3","3","0","3","이훈희(LEEHH1149)","2026-05-06","2026-05-07","2026-05-07 17:07:02","2026-05-07 17:07:02","2026-05-07 17:07:02","2026-05-08 01:02:12","X202605000399040","Y",""
"XDIST202605060004981672","엑셀수기배분","30024","롯데아울렛부여(직)","위탁","24S","DWTS56043","YEL","90","출고완료","2","2","0","2","이훈희(LEEHH1149)","2026-05-06","2026-05-07","2026-05-07 17:07:02","2026-05-07 17:07:02","2026-05-07 17:07:02","2026-05-08 01:02:12","X202605000399040","Y",""
"XDIST202605060004981672","엑셀수기배분","30024","롯데아울렛부여(직)","위탁","24S","DMWJ63043","BKS","95","출고완료","5","5","0","5","이훈희(LEEHH1149)","2026-05-06","2026-05-07","2026-05-07 17:07:02","2026-05-07 17:07:02","2026-05-07 17:07:02","2026-05-08 01:02:37","X202605000399041","Y",""
"XDIST202605060004981672","엑셀수기배분","30024","롯데아울렛부여(직)","위탁","24S","DMWJ63043","EGS","95","출고완료","3","3","0","3","이훈희(LEEHH1149)","2026-05-06","2026-05-07","2026-05-07 17:07:02","2026-05-07 17:07:02","2026-05-07 17:07:02","2026-05-08 01:02:37","X202605000399041","Y",""
"XDIST202605060004981672","엑셀수기배분","30024","롯데아울렛부여(직)","위탁","24S","DWWJ62043","MTL","95","출고완료","10","10","0","10","이훈희(LEEHH1149)","2026-05-06","2026-05-07","2026-05-07 17:07:02","2026-05-07 17:07:02","2026-05-07 17:07:02","2026-05-08 01:02:12","X202605000399041","Y",""
"XDIST202605060004981672","엑셀수기배분","30024","롯데아울렛부여(직)","위탁","24S","DWWJ94043","PKS","95","출고완료","10","10","0","10","이훈희(LEEHH1149)","2026-05-06","2026-05-07","2026-05-07 17:07:02","2026-05-07 17:07:02","2026-05-07 17:07:02","2026-05-08 01:02:16","X202605000399041","Y",""
"XDIST202605060004981672","엑셀수기배분","30024","롯데아울렛부여(직)","위탁","24S","DWWJ95043","BKS","100","출고완료","2","2","0","2","이훈희(LEEHH1149)","2026-05-06","2026-05-07","2026-05-07 17:07:02","2026-05-07 17:07:02","2026-05-07 17:07:02","2026-05-08 01:02:16","X202605000399041","Y",""
"XDIST202605060004981672","엑셀수기배분","30024","롯데아울렛부여(직)","위탁","24S","DWWJ95043","BKS","90","출고완료","10","10","0","10","이훈희(LEEHH1149)","2026-05-06","2026-05-07","2026-05-07 17:07:02","2026-05-07 17:07:02","2026-05-07 17:07:02","2026-05-08 01:02:17","X202605000399041","Y",""
"XDIST202605060004981672","엑셀수기배분","30024","롯데아울렛부여(직)","위탁","24S","DWWJ95043","CRS","90","출고완료","6","6","0","6","이훈희(LEEHH1149)","2026-05-06","2026-05-07","2026-05-07 17:07:02","2026-05-07 17:07:02","2026-05-07 17:07:02","2026-05-08 01:02:37","X202605000399041","Y",""
"XDIST202605060004981672","엑셀수기배분","30024","롯데아울렛부여(직)","위탁","24S","DXRS5C043","DBS","100","출고완료","3","3","0","3","이훈희(LEEHH1149)","2026-05-06","2026-05-07","2026-05-07 17:07:02","2026-05-07 17:07:02","2026-05-07 17:07:02","2026-05-08 01:02:41","X202605000399042","Y",""
"XDIST202605060004981672","엑셀수기배분","30024","롯데아울렛부여(직)","위탁","24S","DXRS7K043","BLL","90","출고완료","2","2","0","2","이훈희(LEEHH1149)","2026-05-06","2026-05-07","2026-05-07 17:07:02","2026-05-07 17:07:02","2026-05-07 17:07:02","2026-05-08 01:02:15","X202605000399042","Y",""
"XDIST202605060004974318","MD요청-상품","50052","동해(대-위)","위탁","26S","DWRS9N063","CRS","100","출고완료","1","1","0","1","권현정(KHJEONG)","2026-05-06","2026-05-06","2026-05-06 17:27:05","2026-05-06 17:27:05","2026-05-06 17:27:05","2026-05-07 01:03:19","X202605000365170","Y",""
"XDIST202605070004991545","MD요청-상품","50167","부산광복(대-위)","위탁","25N","DXCP5015N","LVS","56","출고완료","1","1","0","1","장윤희(YHJANG)","2026-05-07","2026-05-08","2026-05-08 17:33:04","2026-05-08 17:33:04","2026-05-08 17:33:04","2026-05-09 01:02:36","X202605000555823","Y",""
"XDIST202605070004991545","MD요청-상품","50206","부산녹산(대-위)","위탁","25N","DXCP5015N","LVS","56","출고완료","1","1","0","1","장윤희(YHJANG)","2026-05-07","2026-05-08","2026-05-08 17:49:03","2026-05-08 17:49:03","2026-05-08 17:49:03","2026-05-09 01:03:09","X202605000555829","Y",""
"XDIST202605060004974320","MD요청-상품","50143","통영(대-위)","위탁","26S","DWRS9N063","NYD","95","출고완료","1","1","0","1","권현정(KHJEONG)","2026-05-06","2026-05-06","2026-05-06 17:30:17","2026-05-06 17:30:17","2026-05-06 17:30:17","2026-05-07 01:02:46","X202605000365183","Y",""
"XDIST202605060004974320","MD요청-상품","50143","통영(대-위)","위탁","26S","DWRS9N063","NYD","90","출고완료","1","1","0","1","권현정(KHJEONG)","2026-05-06","2026-05-06","2026-05-06 17:30:17","2026-05-06 17:30:17","2026-05-06 17:30:17","2026-05-07 01:02:46","X202605000365183","Y",""
"XDIST202605070004991710","MD요청-상품","50074","모다인천(대-위)","위탁","25N","DXCP6015N","WHS","60","출고완료","1","1","0","1","장윤희(YHJANG)","2026-05-07","2026-05-08","2026-05-08 17:49:04","2026-05-08 17:49:04","2026-05-08 17:49:04","2026-05-09 01:02:12","X202605000556542","Y",""
"XDIST202605070004991710","MD요청-상품","30043","스타필드안성(직)","위탁","25N","DXCP6015N","WHS","60","출고완료","1","1","0","1","장윤희(YHJANG)","2026-05-07","2026-05-08","2026-05-08 17:33:05","2026-05-08 17:33:05","2026-05-08 17:33:05","2026-05-09 01:02:48","X202605000556545","Y",""
"XDIST202605070004991545","MD요청-상품","50052","동해(대-위)","위탁","25N","DXCP5015N","LVS","56","출고완료","1","1","0","1","장윤희(YHJANG)","2026-05-07","2026-05-08","2026-05-08 17:49:03","2026-05-08 17:49:03","2026-05-08 17:49:03","2026-05-09 01:02:21","X202605000555834","Y",""
"XDIST202605070004991545","MD요청-상품","50178","태백(대-위)","위탁","25N","DXCP5015N","LVS","56","출고완료","1","1","0","1","장윤희(YHJANG)","2026-05-07","2026-05-08","2026-05-08 17:33:04","2026-05-08 17:33:04","2026-05-08 17:33:04","2026-05-09 01:01:49","X202605000555842","Y",""
"XDIST202605070004991545","MD요청-상품","50182","금왕(대-위)","위탁","25N","DXCP5015N","LVS","56","출고완료","1","1","0","1","장윤희(YHJANG)","2026-05-07","2026-05-08","2026-05-08 17:33:04","2026-05-08 17:33:04","2026-05-08 17:33:04","2026-05-09 01:01:52","X202605000555849","Y",""
"XDIST202605070004991545","MD요청-상품","50063","스퀘어원(대-위)","위탁","25N","DXCP5015N","LVS","56","출고완료","2","2","0","2","장윤희(YHJANG)","2026-05-07","2026-05-08","2026-05-08 17:33:04","2026-05-08 17:33:04","2026-05-08 17:33:04","2026-05-09 01:03:50","X202605000555854","Y",""
"XDIST202605070004991545","MD요청-상품","50188","논산(대-위)","위탁","25N","DXCP5015N","LVS","56","출고완료","1","1","0","1","장윤희(YHJANG)","2026-05-07","2026-05-08","2026-05-08 17:33:04","2026-05-08 17:33:04","2026-05-08 17:33:04","2026-05-09 01:02:17","X202605000555857","Y",""
"XDIST202605070004991545","MD요청-상품","50102","일산덕이(대-위)","위탁","25N","DXCP5015N","LVS","56","출고완료","1","1","0","1","장윤희(YHJANG)","2026-05-07","2026-05-08","2026-05-08 17:33:04","2026-05-08 17:33:04","2026-05-08 17:33:04","2026-05-09 01:02:27","X202605000555859","Y",""
"XDIST202605070004991545","MD요청-상품","50101","김포(대-위)","위탁","25N","DXCP5015N","LVS","58","출고완료","1","1","0","1","장윤희(YHJANG)","2026-05-07","2026-05-08","2026-05-08 17:49:03","2026-05-08 17:49:03","2026-05-08 17:49:03","2026-05-09 01:01:45","X202605000555862","Y",""
"XDIST202605070004991545","MD요청-상품","50199","거창(대-위)","위탁","25N","DXCP5015N","LVS","56","출고완료","1","1","0","1","장윤희(YHJANG)","2026-05-07","2026-05-08","2026-05-08 17:49:03","2026-05-08 17:49:03","2026-05-08 17:49:03","2026-05-09 01:03:00","X202605000555874","Y",""
"XDIST202605070004991545","MD요청-상품","50077","서수원(대-위)","위탁","25N","DXCP5015N","LVS","56","출고완료","1","1","0","1","장윤희(YHJANG)","2026-05-07","2026-05-08","2026-05-08 17:49:03","2026-05-08 17:49:03","2026-05-08 17:49:03","2026-05-09 01:02:18","X202605000555875","Y",""
"XDIST202605070004991545","MD요청-상품","50198","세종(대-위)","위탁","25N","DXCP5015N","LVS","56","출고완료","1","1","0","1","장윤희(YHJANG)","2026-05-07","2026-05-08","2026-05-08 17:33:04","2026-05-08 17:33:04","2026-05-08 17:33:04","2026-05-09 01:02:17","X202605000555876","Y",""
"XDIST202605070004991639","MD요청-상품","50162","영주(대-위)","위탁","25N","DXCP5015N","ORS","56","출고완료","1","1","0","1","장윤희(YHJANG)","2026-05-07","2026-05-08","2026-05-08 17:33:04","2026-05-08 17:33:04","2026-05-08 17:33:04","2026-05-09 01:02:16","X202605000556236","Y",""
"XDIST202605070004991639","MD요청-상품","50058","모다대전(대-위)","위탁","25N","DXCP5015N","ORS","56","출고완료","1","1","0","1","장윤희(YHJANG)","2026-05-07","2026-05-08","2026-05-08 17:49:03","2026-05-08 17:49:03","2026-05-08 17:49:03","2026-05-09 01:03:04","X202605000556261","Y",""
"XDIST202605070004991639","MD요청-상품","50101","김포(대-위)","위탁","25N","DXCP5015N","ORS","58","출고완료","1","1","0","1","장윤희(YHJANG)","2026-05-07","2026-05-08","2026-05-08 17:49:03","2026-05-08 17:49:03","2026-05-08 17:49:03","2026-05-09 01:01:45","X202605000556279","Y",""
"XDIST202605070004991639","MD요청-상품","30015","타임스퀘어영등포(직)","위탁","25N","DXCP5015N","ORS","58","출고완료","1","1","0","1","장윤희(YHJANG)","2026-05-07","2026-05-08","2026-05-08 17:49:03","2026-05-08 17:49:03","2026-05-08 17:49:03","2026-05-09 01:03:53","X202605000556283","Y",""
"XDIST202605040004958986","엑셀수기배분","11023","K_신세계마산","위탁","26S","DKRS76063","SBL","150","출고완료","1","1","0","1","김소진(SOJIN1027)","2026-05-04","2026-05-04","2026-05-04 18:58:14","2026-05-04 18:58:14","2026-05-04 18:58:14","2026-05-05 01:05:47","X202605000175454","Y",""
"XDIST202605040004958986","엑셀수기배분","11024","K_롯데잠실","위탁","26S","DKRS72063","DBS","130","출고완료","1","1","0","1","김소진(SOJIN1027)","2026-05-04","2026-05-04","2026-05-04 18:59:02","2026-05-04 18:59:02","2026-05-04 18:59:02","2026-05-05 08:33:00","X202605000175458","Y",""
"XDIST202605040004958986","엑셀수기배분","50047","순천중앙(대-위)","위탁","26S","DKRS62063","BKS","150","출고완료","1","1","0","1","김소진(SOJIN1027)","2026-05-04","2026-05-04","2026-05-04 18:35:16","2026-05-04 18:35:16","2026-05-04 18:35:16","2026-05-05 01:07:50","X202605000175463","Y",""
"XDIST202605040004958986","엑셀수기배분","50047","순천중앙(대-위)","위탁","26S","DKRS73063","MTL","160","출고완료","1","1","0","1","김소진(SOJIN1027)","2026-05-04","2026-05-04","2026-05-04 18:35:16","2026-05-04 18:35:16","2026-05-04 18:35:16","2026-05-05 01:05:57","X202605000175463","Y",""
"XDIST202605040004958986","엑셀수기배분","50053","전주송천(대-위)","위탁","26S","DKRS78063","MGL","140","출고완료","1","1","0","1","김소진(SOJIN1027)","2026-05-04","2026-05-04","2026-05-04 18:58:14","2026-05-04 18:58:14","2026-05-04 18:58:14","2026-05-05 01:06:34","X202605000175467","Y",""
"XDIST202605040004958986","엑셀수기배분","50053","전주송천(대-위)","위탁","26S","DKRS94063","IND","150","출고완료","1","1","0","1","김소진(SOJIN1027)","2026-05-04","2026-05-04","2026-05-04 18:58:14","2026-05-04 18:58:14","2026-05-04 18:58:14","2026-05-05 01:06:34","X202605000175467","Y",""
"XDIST202605070004991545","MD요청-상품","50122","상주(대-위)","위탁","25N","DXCP5015N","LVS","56","출고완료","1","1","0","1","장윤희(YHJANG)","2026-05-07","2026-05-08","2026-05-08 17:49:03","2026-05-08 17:49:03","2026-05-08 17:49:03","2026-05-09 01:03:07","X202605000555885","Y",""
"XDIST202605070004991545","MD요청-상품","10067","현대울산동구","위탁","25N","DXCP5015N","LVS","56","출고완료","1","1","0","1","장윤희(YHJANG)","2026-05-07","2026-05-08","2026-05-08 17:49:03","2026-05-08 17:49:03","2026-05-08 17:49:03","2026-05-09 01:02:05","X202605000555887","Y",""
"XDIST202605070004991545","MD요청-상품","50006","제주(대-위)","위탁","25N","DXCP5015N","LVS","58","출고완료","1","1","0","1","장윤희(YHJANG)","2026-05-07","2026-05-08","2026-05-08 17:33:04","2026-05-08 17:33:04","2026-05-08 17:33:04","2026-05-09 01:01:50","X202605000555892","Y",""
"XDIST202605070004991545","MD요청-상품","50020","안동(대-위)","위탁","25N","DXCP5015N","LVS","56","출고완료","1","1","0","1","장윤희(YHJANG)","2026-05-07","2026-05-08","2026-05-08 17:33:04","2026-05-08 17:33:04","2026-05-08 17:33:04","2026-05-09 01:02:32","X202605000555911","Y",""
"XDIST202605070004991545","MD요청-상품","50147","경기시흥(대-위)","위탁","25N","DXCP5015N","LVS","58","출고완료","2","2","0","2","장윤희(YHJANG)","2026-05-07","2026-05-08","2026-05-08 17:33:04","2026-05-08 17:33:04","2026-05-08 17:33:04","2026-05-09 01:02:40","X202605000555918","Y",""
"XDIST202605070004991545","MD요청-상품","50151","속초(대-위)","위탁","25N","DXCP5015N","LVS","56","출고완료","1","1","0","1","장윤희(YHJANG)","2026-05-07","2026-05-08","2026-05-08 17:33:04","2026-05-08 17:33:04","2026-05-08 17:33:04","2026-05-09 01:02:53","X202605000555925","Y",""
"XDIST202605070004991639","MD요청-상품","10092","엔터6안양","위탁","25N","DXCP5015N","ORS","56","출고완료","1","1","0","1","장윤희(YHJANG)","2026-05-07","2026-05-08","2026-05-08 17:33:04","2026-05-08 17:33:04","2026-05-08 17:33:04","2026-05-09 01:03:45","X202605000556286","Y",""
"XDIST202605070004991639","MD요청-상품","10095","NC강남","위탁","25N","DXCP5015N","ORS","56","출고완료","1","1","0","1","장윤희(YHJANG)","2026-05-07","2026-05-08","2026-05-08 17:49:03","2026-05-08 17:49:03","2026-05-08 17:49:03","2026-05-09 01:03:33","X202605000556289","Y",""
"XDIST202605070004991639","MD요청-상품","50191","타임테라스동탄(대-위)","위탁","25N","DXCP5015N","ORS","56","출고완료","1","1","0","1","장윤희(YHJANG)","2026-05-07","2026-05-08","2026-05-08 17:49:03","2026-05-08 17:49:03","2026-05-08 17:49:03","2026-05-09 01:03:07","X202605000556290","Y",""
"XDIST202605070004991639","MD요청-상품","50074","모다인천(대-위)","위탁","25N","DXCP5015N","ORS","56","출고완료","1","1","0","1","장윤희(YHJANG)","2026-05-07","2026-05-08","2026-05-08 17:49:03","2026-05-08 17:49:03","2026-05-08 17:49:03","2026-05-09 01:01:38","X202605000556293","Y",""
"XDIST202605070004991639","MD요청-상품","50117","아이즈빌부평(대-위)","위탁","25N","DXCP5015N","ORS","56","출고완료","1","1","0","1","장윤희(YHJANG)","2026-05-07","2026-05-08","2026-05-08 17:33:04","2026-05-08 17:33:04","2026-05-08 17:33:04","2026-05-09 01:03:44","X202605000556301","Y",""
"XDIST202605070004991639","MD요청-상품","50116","오산(대-위)","위탁","25N","DXCP5015N","ORS","56","출고완료","1","1","0","1","장윤희(YHJANG)","2026-05-07","2026-05-08","2026-05-08 17:49:03","2026-05-08 17:49:03","2026-05-08 17:49:03","2026-05-09 01:02:43","X202605000556302","Y",""
"XDIST202605070004991639","MD요청-상품","50006","제주(대-위)","위탁","25N","DXCP5015N","ORS","58","출고완료","1","1","0","1","장윤희(YHJANG)","2026-05-07","2026-05-08","2026-05-08 17:33:04","2026-05-08 17:33:04","2026-05-08 17:33:04","2026-05-09 01:01:50","X202605000556317","Y",""
"XDIST202605070004991639","MD요청-상품","50130","NC야탑(대-위)","위탁","25N","DXCP5015N","ORS","58","출고완료","1","1","0","1","장윤희(YHJANG)","2026-05-07","2026-05-08","2026-05-08 17:33:04","2026-05-08 17:33:04","2026-05-08 17:33:04","2026-05-09 01:03:33","X202605000556322","Y",""
"XDIST202605080004993592","엑셀수기배분","30028","광주상무(직)","위탁","25S","DMRS85053","GRD","105","출고완료","2","2","0","2","김주형(RLAWNGUD14)","2026-05-08","2026-05-08","2026-05-08 17:46:01","2026-05-08 17:46:01","2026-05-08 17:46:01","2026-05-09 01:01:54","X202605000617765","Y",""
"XDIST202605080004993592","엑셀수기배분","30028","광주상무(직)","위탁","25S","DMRS8W053","BKS","95","출고완료","2","2","0","2","김주형(RLAWNGUD14)","2026-05-08","2026-05-08","2026-05-08 17:46:01","2026-05-08 17:46:01","2026-05-08 17:46:01","2026-05-09 01:01:54","X202605000617765","Y",""
"XDIST202605080004993592","엑셀수기배분","30028","광주상무(직)","위탁","25S","DWRS64053","BKS","90","출고완료","3","3","0","3","김주형(RLAWNGUD14)","2026-05-08","2026-05-08","2026-05-08 17:46:01","2026-05-08 17:46:01","2026-05-08 17:46:01","2026-05-09 01:01:46","X202605000617765","Y",""
"XDIST202605080004993592","엑셀수기배분","30028","광주상무(직)","위탁","25S","DWRS64053","WHS","90","출고완료","2","2","0","2","김주형(RLAWNGUD14)","2026-05-08","2026-05-08","2026-05-08 17:46:01","2026-05-08 17:46:01","2026-05-08 17:46:01","2026-05-09 01:01:46","X202605000617765","Y",""
"XDIST202605080004993592","엑셀수기배분","30028","광주상무(직)","위탁","25S","DWRS74053","WHS","90","출고완료","3","3","0","3","김주형(RLAWNGUD14)","2026-05-08","2026-05-08","2026-05-08 17:46:01","2026-05-08 17:46:01","2026-05-08 17:46:01","2026-05-09 01:01:43","X202605000617765","Y",""
"XDIST202605080004993592","엑셀수기배분","30028","광주상무(직)","위탁","25S","DWRS82053","NBD","100","출고완료","1","1","0","1","김주형(RLAWNGUD14)","2026-05-08","2026-05-08","2026-05-08 17:46:01","2026-05-08 17:46:01","2026-05-08 17:46:01","2026-05-09 01:01:43","X202605000617765","Y",""
"XDIST202605080004993592","엑셀수기배분","30028","광주상무(직)","위탁","25S","DMRS63053","BKS","100","출고완료","2","2","0","2","김주형(RLAWNGUD14)","2026-05-08","2026-05-08","2026-05-08 17:46:01","2026-05-08 17:46:01","2026-05-08 17:46:01","2026-05-09 01:01:43","X202605000617765","Y",""
"XDIST202605080004993592","엑셀수기배분","30028","광주상무(직)","위탁","25S","DMRS81053","DGS","105","출고완료","2","2","0","2","김주형(RLAWNGUD14)","2026-05-08","2026-05-08","2026-05-08 17:46:01","2026-05-08 17:46:01","2026-05-08 17:46:01","2026-05-09 01:01:43","X202605000617765","Y",""
"XDIST202605080004993592","엑셀수기배분","30028","광주상무(직)","위탁","25S","DWTB91053","BKS","25","출고완료","2","2","0","2","김주형(RLAWNGUD14)","2026-05-08","2026-05-08","2026-05-08 17:46:01","2026-05-08 17:46:01","2026-05-08 17:46:01","2026-05-09 01:01:46","X202605000617766","Y",""
"XDIST202605080004993592","엑셀수기배분","30028","광주상무(직)","위탁","25S","DWTB94053","BKS","26","출고완료","2","2","0","2","김주형(RLAWNGUD14)","2026-05-08","2026-05-08","2026-05-08 17:46:01","2026-05-08 17:46:01","2026-05-08 17:46:01","2026-05-09 01:01:52","X202605000617766","Y",""
"XDIST202605080004993592","엑셀수기배분","30028","광주상무(직)","위탁","25S","DXTB7A053","BKS","27","출고완료","1","1","0","1","김주형(RLAWNGUD14)","2026-05-08","2026-05-08","2026-05-08 17:46:01","2026-05-08 17:46:01","2026-05-08 17:46:01","2026-05-09 01:01:52","X202605000617766","Y",""
"XDIST202605080004993592","엑셀수기배분","30028","광주상무(직)","위탁","25S","DMTP61053","BKS","30","출고완료","2","2","0","2","김주형(RLAWNGUD14)","2026-05-08","2026-05-08","2026-05-08 17:46:01","2026-05-08 17:46:01","2026-05-08 17:46:01","2026-05-09 01:01:47","X202605000617767","Y",""
"XDIST202605080004993592","엑셀수기배분","30028","광주상무(직)","위탁","25S","DMTP73053","NBD","32","출고완료","2","2","0","2","김주형(RLAWNGUD14)","2026-05-08","2026-05-08","2026-05-08 17:46:02","2026-05-08 17:46:02","2026-05-08 17:46:02","2026-05-09 01:01:47","X202605000617767","Y",""
"XDIST202605080004993592","엑셀수기배분","30028","광주상무(직)","위탁","25S","DXTP77053","BKS","32","출고완료","1","1","0","1","김주형(RLAWNGUD14)","2026-05-08","2026-05-08","2026-05-08 17:46:02","2026-05-08 17:46:02","2026-05-08 17:46:02","2026-05-09 01:01:46","X202605000617767","Y",""
"XDIST202605080004993592","엑셀수기배분","30028","광주상무(직)","위탁","25S","DXTP77053","BKS","34","출고완료","1","1","0","1","김주형(RLAWNGUD14)","2026-05-08","2026-05-08","2026-05-08 17:46:02","2026-05-08 17:46:02","2026-05-08 17:46:02","2026-05-09 01:01:46","X202605000617767","Y",""
"XDIST202605080004993592","엑셀수기배분","30028","광주상무(직)","위탁","25S","DMTS63053","MDS","105","출고완료","2","2","0","2","김주형(RLAWNGUD14)","2026-05-08","2026-05-08","2026-05-08 17:46:02","2026-05-08 17:46:02","2026-05-08 17:46:02","2026-05-09 01:01:43","X202605000617769","Y",""
"XDIST202605080004993592","엑셀수기배분","50157","충주(대-위)","위탁","25S","DKRS51053","BKS","150","출고완료","1","1","0","1","김주형(RLAWNGUD14)","2026-05-08","2026-05-08","2026-05-08 17:32:01","2026-05-08 17:32:01","2026-05-08 17:32:01","2026-05-09 01:02:26","X202605000617770","Y",""
"XDIST202605080004993592","엑셀수기배분","50157","충주(대-위)","위탁","25S","DKRS57053","IVD","130","출고완료","1","1","0","1","김주형(RLAWNGUD14)","2026-05-08","2026-05-08","2026-05-08 17:32:01","2026-05-08 17:32:01","2026-05-08 17:32:01","2026-05-09 01:02:26","X202605000617770","Y",""
"XDIST202605080004993592","엑셀수기배분","50157","충주(대-위)","위탁","25S","DKRS7A053","BKS","160","출고완료","1","1","0","1","김주형(RLAWNGUD14)","2026-05-08","2026-05-08","2026-05-08 17:32:01","2026-05-08 17:32:01","2026-05-08 17:32:01","2026-05-09 01:02:26","X202605000617770","Y",""
"XDIST202605080004993592","엑셀수기배분","50157","충주(대-위)","위탁","25S","DKTB73053","BKS","150","출고완료","1","1","0","1","김주형(RLAWNGUD14)","2026-05-08","2026-05-08","2026-05-08 17:32:01","2026-05-08 17:32:01","2026-05-08 17:32:01","2026-05-09 01:02:26","X202605000617771","Y",""
"XDIST202605080004993592","엑셀수기배분","50157","충주(대-위)","위탁","25S","DMRS63053","BKS","105","출고완료","3","3","0","3","김주형(RLAWNGUD14)","2026-05-08","2026-05-08","2026-05-08 17:32:01","2026-05-08 17:32:01","2026-05-08 17:32:01","2026-05-09 01:02:01","X202605000617772","Y",""
"XDIST202605080004993592","엑셀수기배분","50157","충주(대-위)","위탁","25S","DMRS81053","BKS","110","출고완료","2","2","0","2","김주형(RLAWNGUD14)","2026-05-08","2026-05-08","2026-05-08 17:32:01","2026-05-08 17:32:01","2026-05-08 17:32:01","2026-05-09 01:02:06","X202605000617772","Y",""
"XDIST202605080004993592","엑셀수기배분","50157","충주(대-위)","위탁","25S","DMRS81053","DKS","110","출고완료","1","1","0","1","김주형(RLAWNGUD14)","2026-05-08","2026-05-08","2026-05-08 17:32:01","2026-05-08 17:32:01","2026-05-08 17:32:01","2026-05-09 01:02:08","X202605000617772","Y",""
"XDIST202605080004993592","엑셀수기배분","50157","충주(대-위)","위탁","25S","DMRS85053","BKS","105","출고완료","2","2","0","2","김주형(RLAWNGUD14)","2026-05-08","2026-05-08","2026-05-08 17:32:01","2026-05-08 17:32:01","2026-05-08 17:32:01","2026-05-09 01:02:08","X202605000617772","Y",""
"XDIST202605080004993592","엑셀수기배분","50157","충주(대-위)","위탁","25S","DMRS85053","GRD","105","출고완료","1","1","0","1","김주형(RLAWNGUD14)","2026-05-08","2026-05-08","2026-05-08 17:32:01","2026-05-08 17:32:01","2026-05-08 17:32:01","2026-05-09 01:02:08","X202605000617772","Y",""
"XDIST202605080004993592","엑셀수기배분","50157","충주(대-위)","위탁","25S","DMRS8W053","BKS","100","출고완료","1","1","0","1","김주형(RLAWNGUD14)","2026-05-08","2026-05-08","2026-05-08 17:32:01","2026-05-08 17:32:01","2026-05-08 17:32:01","2026-05-09 01:02:08","X202605000617772","Y",""
"XDIST202605080004993592","엑셀수기배분","50157","충주(대-위)","위탁","25S","DMRS8W053","KAD","105","출고완료","1","1","0","1","김주형(RLAWNGUD14)","2026-05-08","2026-05-08","2026-05-08 17:32:01","2026-05-08 17:32:01","2026-05-08 17:32:01","2026-05-09 01:02:08","X202605000617772","Y",""
"XDIST202605080004993592","엑셀수기배분","50157","충주(대-위)","위탁","25S","DWRS64053","BGL","95","출고완료","1","1","0","1","김주형(RLAWNGUD14)","2026-05-08","2026-05-08","2026-05-08 17:32:01","2026-05-08 17:32:01","2026-05-08 17:32:01","2026-05-09 01:01:45","X202605000617772","Y",""
"XDIST202605080004993592","엑셀수기배분","50157","충주(대-위)","위탁","25S","DWRS64053","WHS","95","출고완료","3","3","0","3","김주형(RLAWNGUD14)","2026-05-08","2026-05-08","2026-05-08 17:32:01","2026-05-08 17:32:01","2026-05-08 17:32:01","2026-05-09 01:01:45","X202605000617772","Y",""
"XDIST202605080004993592","엑셀수기배분","50157","충주(대-위)","위탁","25S","DWRS82053","NBD","95","출고완료","1","1","0","1","김주형(RLAWNGUD14)","2026-05-08","2026-05-08","2026-05-08 17:32:01","2026-05-08 17:32:01","2026-05-08 17:32:01","2026-05-09 01:02:04","X202605000617772","Y",""
"XDIST202605080004993592","엑셀수기배분","50157","충주(대-위)","위탁","25S","DWRS9A053","IVD","95","출고완료","1","1","0","1","김주형(RLAWNGUD14)","2026-05-08","2026-05-08","2026-05-08 17:32:02","2026-05-08 17:32:02","2026-05-08 17:32:02","2026-05-09 01:02:08","X202605000617772","Y",""
"XDIST202605080004993592","엑셀수기배분","50157","충주(대-위)","위탁","25S","DXRS8R053","MTL","90","출고완료","1","1","0","1","김주형(RLAWNGUD14)","2026-05-08","2026-05-08","2026-05-08 17:32:02","2026-05-08 17:32:02","2026-05-08 17:32:02","2026-05-09 01:02:08","X202605000617772","Y",""
"XDIST202605080004993592","엑셀수기배분","50157","충주(대-위)","위탁","25S","DWTB66053","BKS","25","출고완료","1","1","0","1","김주형(RLAWNGUD14)","2026-05-08","2026-05-08","2026-05-08 17:32:02","2026-05-08 17:32:02","2026-05-08 17:32:02","2026-05-09 01:02:06","X202605000617773","Y",""
"XDIST202605080004993592","엑셀수기배분","50157","충주(대-위)","위탁","25S","DWTB9B053","BKS","28","출고완료","1","1","0","1","김주형(RLAWNGUD14)","2026-05-08","2026-05-08","2026-05-08 17:32:02","2026-05-08 17:32:02","2026-05-08 17:32:02","2026-05-09 01:02:06","X202605000617773","Y",""
"XDIST202605080004993592","엑셀수기배분","50157","충주(대-위)","위탁","25S","DXTB7A053","BGL","28","출고완료","1","1","0","1","김주형(RLAWNGUD14)","2026-05-08","2026-05-08","2026-05-08 17:32:02","2026-05-08 17:32:02","2026-05-08 17:32:02","2026-05-09 01:02:08","X202605000617773","Y",""
"XDIST202605080004993592","엑셀수기배분","50157","충주(대-위)","위탁","25S","DXTB7A053","BGL","34","출고완료","1","1","0","1","김주형(RLAWNGUD14)","2026-05-08","2026-05-08","2026-05-08 17:32:02","2026-05-08 17:32:02","2026-05-08 17:32:02","2026-05-09 01:02:08","X202605000617773","Y",""
"XDIST202605080004993592","엑셀수기배분","50157","충주(대-위)","위탁","25S","DMTP33051","BGD","32","출고완료","1","1","0","1","김주형(RLAWNGUD14)","2026-05-08","2026-05-08","2026-05-08 17:32:02","2026-05-08 17:32:02","2026-05-08 17:32:02","2026-05-09 01:02:04","X202605000617774","Y",""
"XDIST202605080004993592","엑셀수기배분","50157","충주(대-위)","위탁","25S","DMTP33051","BGD","34","출고완료","1","1","0","1","김주형(RLAWNGUD14)","2026-05-08","2026-05-08","2026-05-08 17:32:02","2026-05-08 17:32:02","2026-05-08 17:32:02","2026-05-09 01:02:04","X202605000617774","Y",""
"XDIST202605080004993592","엑셀수기배분","50157","충주(대-위)","위탁","25S","DMTP61053","BKS","30","출고완료","1","1","0","1","김주형(RLAWNGUD14)","2026-05-08","2026-05-08","2026-05-08 17:32:02","2026-05-08 17:32:02","2026-05-08 17:32:02","2026-05-09 01:01:45","X202605000617774","Y",""
"XDIST202605080004993592","엑셀수기배분","50157","충주(대-위)","위탁","25S","DWTP74053","BKS","27","출고완료","1","1","0","1","김주형(RLAWNGUD14)","2026-05-08","2026-05-08","2026-05-08 17:32:02","2026-05-08 17:32:02","2026-05-08 17:32:02","2026-05-09 01:02:04","X202605000617774","Y",""
"XDIST202605080004993592","엑셀수기배분","50157","충주(대-위)","위탁","25S","DMTR75053","BKS","105","출고완료","1","1","0","1","김주형(RLAWNGUD14)","2026-05-08","2026-05-08","2026-05-08 17:32:02","2026-05-08 17:32:02","2026-05-08 17:32:02","2026-05-09 01:01:45","X202605000617775","Y",""
"XDIST202605080004993592","엑셀수기배분","50157","충주(대-위)","위탁","25S","DMTR75053","NBD","95","출고완료","1","1","0","1","김주형(RLAWNGUD14)","2026-05-08","2026-05-08","2026-05-08 17:32:02","2026-05-08 17:32:02","2026-05-08 17:32:02","2026-05-09 01:02:04","X202605000617775","Y",""
"XDIST202605080004993592","엑셀수기배분","50157","충주(대-위)","위탁","25S","DMTS65053","BKS","105","출고완료","2","2","0","2","김주형(RLAWNGUD14)","2026-05-08","2026-05-08","2026-05-08 17:32:02","2026-05-08 17:32:02","2026-05-08 17:32:02","2026-05-09 01:02:26","X202605000617776","Y",""
"XDIST202605080004993592","엑셀수기배분","50157","충주(대-위)","위탁","25S","DWTS74053","BKS","90","출고완료","1","1","0","1","김주형(RLAWNGUD14)","2026-05-08","2026-05-08","2026-05-08 17:32:02","2026-05-08 17:32:02","2026-05-08 17:32:02","2026-05-09 01:01:45","X202605000617776","Y",""
"XDIST202605080004993592","엑셀수기배분","50157","충주(대-위)","위탁","25S","DWTS74053","BKS","95","출고완료","1","1","0","1","김주형(RLAWNGUD14)","2026-05-08","2026-05-08","2026-05-08 17:32:02","2026-05-08 17:32:02","2026-05-08 17:32:02","2026-05-09 01:02:08","X202605000617776","Y",""
"XDIST202605080004993592","엑셀수기배분","50190","아트몰링하단(대-위)","위탁","25S","DMPT7E053","OLD","34","출고완료","1","1","0","1","김주형(RLAWNGUD14)","2026-05-08","2026-05-08","2026-05-08 17:33:10","2026-05-08 17:33:10","2026-05-08 17:33:10","2026-05-09 01:02:03","X202605000617777","Y",""
"XDIST202605080004993592","엑셀수기배분","50190","아트몰링하단(대-위)","위탁","25S","DWPT74053","BKS","27","출고완료","1","1","0","1","김주형(RLAWNGUD14)","2026-05-08","2026-05-08","2026-05-08 17:33:10","2026-05-08 17:33:10","2026-05-08 17:33:10","2026-05-09 01:02:02","X202605000617777","Y",""
"XDIST202605080004993592","엑셀수기배분","50190","아트몰링하단(대-위)","위탁","25S","DWPT7F053","BKS","25","출고완료","1","1","0","1","김주형(RLAWNGUD14)","2026-05-08","2026-05-08","2026-05-08 17:33:10","2026-05-08 17:33:10","2026-05-08 17:33:10","2026-05-09 01:02:15","X202605000617777","Y",""
"XDIST202605080004993592","엑셀수기배분","50190","아트몰링하단(대-위)","위탁","25S","DMRS63053","WHS","105","출고완료","2","2","0","2","김주형(RLAWNGUD14)","2026-05-08","2026-05-08","2026-05-08 17:33:10","2026-05-08 17:33:10","2026-05-08 17:33:10","2026-05-09 01:01:56","X202605000617778","Y",""
"XDIST202605080004993592","엑셀수기배분","50190","아트몰링하단(대-위)","위탁","25S","DWRS64053","WHS","90","출고완료","2","2","0","2","김주형(RLAWNGUD14)","2026-05-08","2026-05-08","2026-05-08 17:33:10","2026-05-08 17:33:10","2026-05-08 17:33:10","2026-05-09 01:02:06","X202605000617778","Y",""
"XDIST202605080004993592","엑셀수기배분","50190","아트몰링하단(대-위)","위탁","25S","DXRS8R053","BKS","110","출고완료","1","1","0","1","김주형(RLAWNGUD14)","2026-05-08","2026-05-08","2026-05-08 17:33:10","2026-05-08 17:33:10","2026-05-08 17:33:10","2026-05-09 01:02:09","X202605000617778","Y",""
"XDIST202605080004993592","엑셀수기배분","50190","아트몰링하단(대-위)","위탁","25S","DXRS8T053","DGS","105","출고완료","1","1","0","1","김주형(RLAWNGUD14)","2026-05-08","2026-05-08","2026-05-08 17:33:10","2026-05-08 17:33:10","2026-05-08 17:33:10","2026-05-09 01:02:03","X202605000617778","Y",""
"XDIST202605080004993592","엑셀수기배분","50190","아트몰링하단(대-위)","위탁","25S","DMSB61053","DGS","32","출고완료","1","1","0","1","김주형(RLAWNGUD14)","2026-05-08","2026-05-08","2026-05-08 17:33:10","2026-05-08 17:33:10","2026-05-08 17:33:10","2026-05-09 01:02:07","X202605000617779","Y",""
"XDIST202605080004993592","엑셀수기배분","50190","아트몰링하단(대-위)","위탁","25S","DMSB71053","BGS","32","출고완료","1","1","0","1","김주형(RLAWNGUD14)","2026-05-08","2026-05-08","2026-05-08 17:33:10","2026-05-08 17:33:10","2026-05-08 17:33:10","2026-05-09 01:02:02","X202605000617779","Y",""
"XDIST202605080004993592","엑셀수기배분","50190","아트몰링하단(대-위)","위탁","25S","DMSB71053","BKS","34","출고완료","1","1","0","1","김주형(RLAWNGUD14)","2026-05-08","2026-05-08","2026-05-08 17:33:10","2026-05-08 17:33:10","2026-05-08 17:33:10","2026-05-09 01:02:09","X202605000617779","Y",""
"XDIST202605080004993592","엑셀수기배분","50190","아트몰링하단(대-위)","위탁","25S","DMSP7C053","BGD","32","출고완료","1","1","0","1","김주형(RLAWNGUD14)","2026-05-08","2026-05-08","2026-05-08 17:33:10","2026-05-08 17:33:10","2026-05-08 17:33:10","2026-05-09 01:02:02","X202605000617780","Y",""
"XDIST202605080004993592","엑셀수기배분","50190","아트몰링하단(대-위)","위탁","25S","DMSP7C053","BKS","28","출고완료","1","1","0","1","김주형(RLAWNGUD14)","2026-05-08","2026-05-08","2026-05-08 17:33:10","2026-05-08 17:33:10","2026-05-08 17:33:10","2026-05-09 01:02:09","X202605000617780","Y",""
"XDIST202605080004993592","엑셀수기배분","50190","아트몰링하단(대-위)","위탁","25S","DMSP7C053","KAL","28","출고완료","1","1","0","1","김주형(RLAWNGUD14)","2026-05-08","2026-05-08","2026-05-08 17:33:10","2026-05-08 17:33:10","2026-05-08 17:33:10","2026-05-09 01:02:07","X202605000617780","Y",""
"XDIST202605080004993592","엑셀수기배분","50190","아트몰링하단(대-위)","위탁","25S","DWSP91053","BKS","25","출고완료","1","1","0","1","김주형(RLAWNGUD14)","2026-05-08","2026-05-08","2026-05-08 17:33:10","2026-05-08 17:33:10","2026-05-08 17:33:10","2026-05-09 01:02:09","X202605000617780","Y",""
"XDIST202605080004993592","엑셀수기배분","50190","아트몰링하단(대-위)","위탁","25S","DWSP91053","GRD","27","출고완료","1","1","0","1","김주형(RLAWNGUD14)","2026-05-08","2026-05-08","2026-05-08 17:33:10","2026-05-08 17:33:10","2026-05-08 17:33:10","2026-05-09 01:02:09","X202605000617780","Y",""
"XDIST202605080004993592","엑셀수기배분","50190","아트몰링하단(대-위)","위탁","25S","DMSW63053","BKS","110","출고완료","1","1","0","1","김주형(RLAWNGUD14)","2026-05-08","2026-05-08","2026-05-08 17:33:11","2026-05-08 17:33:11","2026-05-08 17:33:11","2026-05-09 01:02:09","X202605000617781","Y",""
"XDIST202605080004993592","엑셀수기배분","50190","아트몰링하단(대-위)","위탁","25S","DMSW75053","BKS","100","출고완료","1","1","0","1","김주형(RLAWNGUD14)","2026-05-08","2026-05-08","2026-05-08 17:33:11","2026-05-08 17:33:11","2026-05-08 17:33:11","2026-05-09 01:02:02","X202605000617781","Y",""
"XDIST202605080004993592","엑셀수기배분","50190","아트몰링하단(대-위)","위탁","25S","DMSW77053","WHS","95","출고완료","1","1","0","1","김주형(RLAWNGUD14)","2026-05-08","2026-05-08","2026-05-08 17:33:11","2026-05-08 17:33:11","2026-05-08 17:33:11","2026-05-09 01:02:02","X202605000617781","Y",""
"XDIST202605080004993592","엑셀수기배분","50190","아트몰링하단(대-위)","위탁","25S","DWSW92053","BKS","90","출고완료","1","1","0","1","김주형(RLAWNGUD14)","2026-05-08","2026-05-08","2026-05-08 17:33:11","2026-05-08 17:33:11","2026-05-08 17:33:11","2026-05-09 01:02:09","X202605000617781","Y",""
"XDIST202605080004993592","엑셀수기배분","50190","아트몰링하단(대-위)","위탁","25S","DWSW92053","NYP","95","출고완료","1","1","0","1","김주형(RLAWNGUD14)","2026-05-08","2026-05-08","2026-05-08 17:33:11","2026-05-08 17:33:11","2026-05-08 17:33:11","2026-05-09 01:02:09","X202605000617781","Y",""
"XDIST202605080004993592","엑셀수기배분","50190","아트몰링하단(대-위)","위탁","25S","DMTP73053","BKS","32","출고완료","2","2","0","2","김주형(RLAWNGUD14)","2026-05-08","2026-05-08","2026-05-08 17:33:11","2026-05-08 17:33:11","2026-05-08 17:33:11","2026-05-09 01:02:03","X202605000617783","Y",""
"XDIST202605080004993592","엑셀수기배분","50190","아트몰링하단(대-위)","위탁","25S","DMTP73053","BKS","36","출고완료","2","2","0","2","김주형(RLAWNGUD14)","2026-05-08","2026-05-08","2026-05-08 17:33:11","2026-05-08 17:33:11","2026-05-08 17:33:11","2026-05-09 01:02:06","X202605000617783","Y",""
"XDIST202605080004993592","엑셀수기배분","50190","아트몰링하단(대-위)","위탁","25S","DMTR75053","BKS","95","출고완료","1","1","0","1","김주형(RLAWNGUD14)","2026-05-08","2026-05-08","2026-05-08 17:33:11","2026-05-08 17:33:11","2026-05-08 17:33:11","2026-05-09 01:02:02","X202605000617784","Y",""
"XDIST202605080004993592","엑셀수기배분","50190","아트몰링하단(대-위)","위탁","25S","DMTR75053","BKS","100","출고완료","1","1","0","1","김주형(RLAWNGUD14)","2026-05-08","2026-05-08","2026-05-08 17:33:11","2026-05-08 17:33:11","2026-05-08 17:33:11","2026-05-09 01:02:09","X202605000617784","Y",""
"XDIST202605080004993592","엑셀수기배분","50190","아트몰링하단(대-위)","위탁","25S","DMTR75053","BKS","110","출고완료","1","1","0","1","김주형(RLAWNGUD14)","2026-05-08","2026-05-08","2026-05-08 17:33:11","2026-05-08 17:33:11","2026-05-08 17:33:11","2026-05-09 01:02:02","X202605000617784","Y",""
"XDIST202605080004993592","엑셀수기배분","50190","아트몰링하단(대-위)","위탁","25S","DMTR75053","NBD","105","출고완료","1","1","0","1","김주형(RLAWNGUD14)","2026-05-08","2026-05-08","2026-05-08 17:33:11","2026-05-08 17:33:11","2026-05-08 17:33:11","2026-05-09 01:02:03","X202605000617784","Y",""
"XDIST202605080004993592","엑셀수기배분","50190","아트몰링하단(대-위)","위탁","25S","DMTS63053","MDS","100","출고완료","1","1","0","1","김주형(RLAWNGUD14)","2026-05-08","2026-05-08","2026-05-08 17:33:11","2026-05-08 17:33:11","2026-05-08 17:33:11","2026-05-09 01:02:07","X202605000617785","Y",""
"XDIST202605080004993592","엑셀수기배분","50190","아트몰링하단(대-위)","위탁","25S","DMWJ71053","BGL","100","출고완료","1","1","0","1","김주형(RLAWNGUD14)","2026-05-08","2026-05-08","2026-05-08 17:33:11","2026-05-08 17:33:11","2026-05-08 17:33:11","2026-05-09 01:02:07","X202605000617786","Y",""
"XDIST202605080004993592","엑셀수기배분","50190","아트몰링하단(대-위)","위탁","25S","DMWJ71053","SBL","100","출고완료","1","1","0","1","김주형(RLAWNGUD14)","2026-05-08","2026-05-08","2026-05-08 17:33:11","2026-05-08 17:33:11","2026-05-08 17:33:11","2026-05-09 01:02:09","X202605000617786","Y",""
"XDIST202605080004993592","엑셀수기배분","50190","아트몰링하단(대-위)","위탁","25S","DWWJ91053","WHS","90","출고완료","1","1","0","1","김주형(RLAWNGUD14)","2026-05-08","2026-05-08","2026-05-08 17:33:11","2026-05-08 17:33:11","2026-05-08 17:33:11","2026-05-09 01:01:56","X202605000617786","Y",""
"XDIST202605080004993592","엑셀수기배분","50190","아트몰링하단(대-위)","위탁","25S","DWSK91053","BKS","25","출고완료","1","1","0","1","김주형(RLAWNGUD14)","2026-05-08","2026-05-08","2026-05-08 17:33:11","2026-05-08 17:33:11","2026-05-08 17:33:11","2026-05-09 01:02:07","X202605000617788","Y",""
"XDIST202605080004993592","엑셀수기배분","50190","아트몰링하단(대-위)","위탁","25S","DWSK91053","BKS","27","출고완료","1","1","0","1","김주형(RLAWNGUD14)","2026-05-08","2026-05-08","2026-05-08 17:33:11","2026-05-08 17:33:11","2026-05-08 17:33:11","2026-05-09 01:02:02","X202605000617788","Y",""
"XDIST202605080004993592","엑셀수기배분","50190","아트몰링하단(대-위)","위탁","25S","DWSK91053","DGS","26","출고완료","1","1","0","1","김주형(RLAWNGUD14)","2026-05-08","2026-05-08","2026-05-08 17:33:11","2026-05-08 17:33:11","2026-05-08 17:33:11","2026-05-09 01:02:07","X202605000617788","Y",""
"XDIST202605070004991639","MD요청-상품","50145","성남신흥(대-위)","위탁","25N","DXCP5015N","ORS","56","출고완료","1","1","0","1","장윤희(YHJANG)","2026-05-07","2026-05-08","2026-05-08 17:33:04","2026-05-08 17:33:04","2026-05-08 17:33:04","2026-05-09 01:02:29","X202605000556336","Y",""
"XDIST202605070004991639","MD요청-상품","10046","갤러리아센터시티","위탁","25N","DXCP5015N","ORS","56","출고완료","1","1","0","1","장윤희(YHJANG)","2026-05-07","2026-05-08","2026-05-08 17:49:03","2026-05-08 17:49:03","2026-05-08 17:49:03","2026-05-09 01:02:04","X202605000556338","Y",""
"XDIST202605070004991639","MD요청-상품","50151","속초(대-위)","위탁","25N","DXCP5015N","ORS","56","출고완료","1","1","0","1","장윤희(YHJANG)","2026-05-07","2026-05-08","2026-05-08 17:33:04","2026-05-08 17:33:04","2026-05-08 17:33:04","2026-05-09 01:02:53","X202605000556340","Y",""
"XDIST202605070004991639","MD요청-상품","50152","부산덕천(대-위)","위탁","25N","DXCP5015N","ORS","58","출고완료","1","1","0","1","장윤희(YHJANG)","2026-05-07","2026-05-08","2026-05-08 17:33:04","2026-05-08 17:33:04","2026-05-08 17:33:04","2026-05-09 01:01:54","X202605000556343","Y",""
"XDIST202605070004991639","MD요청-상품","50158","대구동성로(대-위)","위탁","25N","DXCP5015N","ORS","56","출고완료","1","1","0","1","장윤희(YHJANG)","2026-05-07","2026-05-08","2026-05-08 17:33:04","2026-05-08 17:33:04","2026-05-08 17:33:04","2026-05-09 01:01:55","X202605000556349","Y",""
"XDIST202605070004991639","MD요청-상품","10058","현대울산","위탁","25N","DXCP5015N","ORS","56","출고완료","1","1","0","1","장윤희(YHJANG)","2026-05-07","2026-05-08","2026-05-08 17:33:04","2026-05-08 17:33:04","2026-05-08 17:33:04","2026-05-09 01:02:22","X202605000556351","Y",""
"XDIST202605060004973614","MD요청-상품","50144","당진(대-위)","위탁","26S","DXTR7C063","BKS","95","출고완료","1","1","0","1","권현정(KHJEONG)","2026-05-06","2026-05-06","2026-05-06 17:27:04","2026-05-06 17:27:04","2026-05-06 17:27:04","2026-05-07 01:02:36","X202605000364319","Y",""
"XDIST202605060004973614","MD요청-상품","50134","광명점(대-위)","위탁","26S","DXTR7C063","BKS","95","출고완료","1","1","0","1","권현정(KHJEONG)","2026-05-06","2026-05-06","2026-05-06 17:30:16","2026-05-06 17:30:16","2026-05-06 17:30:16","2026-05-07 01:05:58","X202605000364324","Y",""
"XDIST202605060004973614","MD요청-상품","50101","김포(대-위)","위탁","26S","DXTR7C063","BKS","100","출고완료","2","2","0","2","권현정(KHJEONG)","2026-05-06","2026-05-06","2026-05-06 17:27:04","2026-05-06 17:27:04","2026-05-06 17:27:04","2026-05-07 01:03:17","X202605000364327","Y",""
"XDIST202605060004973614","MD요청-상품","50019","경주(대-위)","위탁","26S","DXTR7C063","BKS","100","출고완료","2","2","0","2","권현정(KHJEONG)","2026-05-06","2026-05-06","2026-05-06 17:26:09","2026-05-06 17:26:09","2026-05-06 17:26:09","2026-05-07 01:02:31","X202605000364331","Y",""
"XDIST202605070004984929","MD요청-상품","31001","K_롯데아울렛수완(직)","위탁","26S","DKAZ22063","WHS","140","출고완료","1","1","0","1","김소진(SOJIN1027)","2026-05-07","2026-05-07","2026-05-07 17:07:08","2026-05-07 17:07:08","2026-05-07 17:07:08","2026-05-08 01:02:39","X202605000487174","Y",""
"XDIST202605070004984929","MD요청-상품","50162","영주(대-위)","위탁","26S","DKAZ22063","WHS","150","출고완료","1","1","0","1","김소진(SOJIN1027)","2026-05-07","2026-05-07","2026-05-07 16:54:08","2026-05-07 16:54:08","2026-05-07 16:54:08","2026-05-08 01:02:43","X202605000487176","Y",""
"XDIST202605070004984929","MD요청-상품","50162","영주(대-위)","위탁","26S","DKAZ22063","WHS","140","출고완료","1","1","0","1","김소진(SOJIN1027)","2026-05-07","2026-05-07","2026-05-07 16:54:08","2026-05-07 16:54:08","2026-05-07 16:54:08","2026-05-08 01:02:43","X202605000487176","Y",""
"XDIST202605070004984929","MD요청-상품","50165","청주율량(대-위)","위탁","26S","DKAZ22063","WHS","150","출고완료","1","1","0","1","김소진(SOJIN1027)","2026-05-07","2026-05-07","2026-05-07 16:54:08","2026-05-07 16:54:08","2026-05-07 16:54:08","2026-05-08 01:02:22","X202605000487181","Y",""
"XDIST202605070004984929","MD요청-상품","50201","문경(대-위)","위탁","26S","DKAZ22063","WHS","150","출고완료","1","1","0","1","김소진(SOJIN1027)","2026-05-07","2026-05-07","2026-05-07 17:07:08","2026-05-07 17:07:08","2026-05-07 17:07:08","2026-05-08 01:02:27","X202605000487184","Y",""
"XDIST202605070004984929","MD요청-상품","50007","에버세이브청주(대-위)","위탁","26S","DKAZ22063","WHS","140","출고완료","1","1","0","1","김소진(SOJIN1027)","2026-05-07","2026-05-07","2026-05-07 16:54:08","2026-05-07 16:54:08","2026-05-07 16:54:08","2026-05-08 01:02:31","X202605000487188","Y",""
"XDIST202605070004984929","MD요청-상품","50053","전주송천(대-위)","위탁","26S","DKAZ22063","WHS","130","출고완료","1","1","0","1","김소진(SOJIN1027)","2026-05-07","2026-05-07","2026-05-07 17:07:08","2026-05-07 17:07:08","2026-05-07 17:07:08","2026-05-08 01:02:30","X202605000487197","Y",""
"XDIST202605070004984929","MD요청-상품","50210","해남(대-위)","위탁","26S","DKAZ22063","WHS","140","출고완료","1","1","0","1","김소진(SOJIN1027)","2026-05-07","2026-05-07","2026-05-07 17:07:08","2026-05-07 17:07:08","2026-05-07 17:07:08","2026-05-08 01:02:56","X202605000487198","Y",""
"XDIST202605070004984929","MD요청-상품","50059","신제주(대-위)","위탁","26S","DKAZ22063","WHS","140","출고완료","1","1","0","1","김소진(SOJIN1027)","2026-05-07","2026-05-07","2026-05-07 16:54:08","2026-05-07 16:54:08","2026-05-07 16:54:08","2026-05-08 01:02:42","X202605000487204","Y",""
"XDIST202605070004984929","MD요청-상품","50020","안동(대-위)","위탁","26S","DKAZ22063","WHS","150","출고완료","1","1","0","1","김소진(SOJIN1027)","2026-05-07","2026-05-07","2026-05-07 16:54:08","2026-05-07 16:54:08","2026-05-07 16:54:08","2026-05-08 01:02:29","X202605000487217","Y",""
"XDIST202605070004984929","MD요청-상품","50144","당진(대-위)","위탁","26S","DKAZ22063","WHS","140","출고완료","1","1","0","1","김소진(SOJIN1027)","2026-05-07","2026-05-07","2026-05-07 17:07:08","2026-05-07 17:07:08","2026-05-07 17:07:08","2026-05-08 01:02:52","X202605000487219","Y",""
"XDIST202605070004984929","MD요청-상품","50187","인천계산(대-위)","위탁","26S","DKAZ22063","WHS","150","출고완료","1","1","0","1","김소진(SOJIN1027)","2026-05-07","2026-05-07","2026-05-07 16:54:08","2026-05-07 16:54:08","2026-05-07 16:54:08","2026-05-08 01:02:25","X202605000487221","Y",""
"XDIST202605070004991696","MD요청-상품","10008","롯데건대","위탁","25N","DXCP6015N","NYD","60","출고완료","3","3","0","3","장윤희(YHJANG)","2026-05-07","2026-05-08","2026-05-08 17:49:03","2026-05-08 17:49:03","2026-05-08 17:49:03","2026-05-09 01:03:16","X202605000556476","Y",""
"XDIST202605070004984929","MD요청-상품","50146","안산사동(대-위)","위탁","26S","DKAZ22063","WHS","150","출고완료","1","1","0","1","김소진(SOJIN1027)","2026-05-07","2026-05-07","2026-05-07 16:54:08","2026-05-07 16:54:08","2026-05-07 16:54:08","2026-05-08 01:02:50","X202605000487225","Y",""
"XDIST202605070004984929","MD요청-상품","11011","K_롯데건대","위탁","26S","DKAZ22063","WHS","140","출고완료","1","1","0","1","김소진(SOJIN1027)","2026-05-07","2026-05-07","2026-05-07 17:07:08","2026-05-07 17:07:08","2026-05-07 17:07:08","2026-05-08 01:03:31","X202605000487226","Y",""
"XDIST202605070004984929","MD요청-상품","50101","김포(대-위)","위탁","26S","DKAZ22063","WHS","150","출고완료","1","1","0","1","김소진(SOJIN1027)","2026-05-07","2026-05-07","2026-05-07 17:07:08","2026-05-07 17:07:08","2026-05-07 17:07:08","2026-05-08 01:02:22","X202605000487227","Y",""
"XDIST202605070004984929","MD요청-상품","50101","김포(대-위)","위탁","26S","DKAZ22063","WHS","130","출고완료","1","1","0","1","김소진(SOJIN1027)","2026-05-07","2026-05-07","2026-05-07 17:07:08","2026-05-07 17:07:08","2026-05-07 17:07:08","2026-05-08 01:02:22","X202605000487227","Y",""
"XDIST202605070004984929","MD요청-상품","50148","김천(대-위)","위탁","26S","DKAZ22063","WHS","150","출고완료","1","1","0","1","김소진(SOJIN1027)","2026-05-07","2026-05-07","2026-05-07 16:54:08","2026-05-07 16:54:08","2026-05-07 16:54:08","2026-05-08 01:02:24","X202605000487229","Y",""
"XDIST202605070004984929","MD요청-상품","50106","세정광주(대-위)","위탁","26S","DKAZ22063","WHS","150","출고완료","1","1","0","1","김소진(SOJIN1027)","2026-05-07","2026-05-07","2026-05-07 16:54:08","2026-05-07 16:54:08","2026-05-07 16:54:08","2026-05-08 01:02:47","X202605000487233","Y",""
"XDIST202605070004984929","MD요청-상품","11015","K_롯데부산","위탁","26S","DKAZ22063","WHS","140","출고완료","1","1","0","1","김소진(SOJIN1027)","2026-05-07","2026-05-07","2026-05-07 17:07:08","2026-05-07 17:07:08","2026-05-07 17:07:08","2026-05-08 01:02:28","X202605000487234","Y",""
"XDIST202605070004984929","MD요청-상품","30015","타임스퀘어영등포(직)","위탁","26S","DKAZ22063","WHS","140","출고완료","1","1","0","1","김소진(SOJIN1027)","2026-05-07","2026-05-07","2026-05-07 17:08:01","2026-05-07 17:08:01","2026-05-07 17:08:01","2026-05-08 01:04:30","X202605000487235","Y",""
"XDIST202605070004984929","MD요청-상품","11014","K_롯데울산","위탁","26S","DKAZ22063","WHS","140","출고완료","1","1","0","1","김소진(SOJIN1027)","2026-05-07","2026-05-07","2026-05-07 17:07:08","2026-05-07 17:07:08","2026-05-07 17:07:08","2026-05-08 01:02:33","X202605000487236","Y",""
"XDIST202605070004984929","MD요청-상품","11020","K_신세계영등포","위탁","26S","DKAZ22063","WHS","140","출고완료","1","1","0","1","김소진(SOJIN1027)","2026-05-07","2026-05-07","2026-05-07 17:07:08","2026-05-07 17:07:08","2026-05-07 17:07:08","2026-05-08 01:03:42","X202605000487239","Y",""
"XDIST202605070004984929","MD요청-상품","50117","아이즈빌부평(대-위)","위탁","26S","DKAZ22063","WHS","140","출고완료","1","1","0","1","김소진(SOJIN1027)","2026-05-07","2026-05-07","2026-05-07 16:54:08","2026-05-07 16:54:08","2026-05-07 16:54:08","2026-05-08 01:03:57","X202605000487253","Y",""
"XDIST202605070004990043","엑셀수기배분","10097","신세계대전","위탁","26S","DMTS7Q063","IVD","100","출고완료","12","12","0","12","김주형(RLAWNGUD14)","2026-05-07","2026-05-08","2026-05-08 17:33:03","2026-05-08 17:33:03","2026-05-08 17:33:03","2026-05-09 01:01:42","X202605000550894","Y",""
"XDIST202605070004990647","MD요청-상품","50074","모다인천(대-위)","위탁","25N","DXCP5025N","NYD","58","출고완료","5","5","0","5","장윤희(YHJANG)","2026-05-07","2026-05-08","2026-05-08 17:49:03","2026-05-08 17:49:03","2026-05-08 17:49:03","2026-05-09 01:01:38","X202605000552468","Y",""
"XDIST202605060004974216","MD요청-상품","10063","롯데전주","위탁","26S","DWRS8J063","IVS","95","출고완료","1","1","0","1","권현정(KHJEONG)","2026-05-06","2026-05-06","2026-05-06 17:27:04","2026-05-06 17:27:04","2026-05-06 17:27:04","2026-05-07 01:04:38","X202605000364949","Y",""
"XDIST202605060004974216","MD요청-상품","10039","AK원주","위탁","26S","DWRS8J063","IVS","95","출고완료","1","1","0","1","권현정(KHJEONG)","2026-05-06","2026-05-06","2026-05-06 17:26:09","2026-05-06 17:26:09","2026-05-06 17:26:09","2026-05-07 01:04:05","X202605000364953","Y",""
"XDIST202605060004974216","MD요청-상품","50146","안산사동(대-위)","위탁","26S","DWRS8J063","IVS","95","출고완료","1","1","0","1","권현정(KHJEONG)","2026-05-06","2026-05-06","2026-05-06 17:30:17","2026-05-06 17:30:17","2026-05-06 17:30:17","2026-05-07 01:02:02","X202605000364963","Y",""
"XDIST202605060004973820","MD요청-상품","30052","스타필드수원(직)","위탁","26S","DXRS5G063","PCS","100","출고완료","1","1","0","1","권현정(KHJEONG)","2026-05-06","2026-05-06","2026-05-06 17:26:09","2026-05-06 17:26:09","2026-05-06 17:26:09","2026-05-07 01:05:10","X202605000364520","Y",""
"XDIST202605080004995773","엑셀수기배분","90019","EC-온라인물류","위탁","25F","DMDJ5K056","PPD","105","출고완료","10","10","0","10","허새흰(HEEN1)","2026-05-08","2026-05-08","2026-05-08 15:39:00","2026-05-08 15:39:00","2026-05-08 15:39:00","2026-05-09 01:01:31","X202605000653138","Y",""
"XDIST202605080004995773","엑셀수기배분","90019","EC-온라인물류","위탁","25F","DWDJ5L056","BKS","100","출고완료","5","5","0","5","허새흰(HEEN1)","2026-05-08","2026-05-08","2026-05-08 15:39:00","2026-05-08 15:39:00","2026-05-08 15:39:00","2026-05-09 01:01:21","X202605000653138","Y",""
"XDIST202605080004995773","엑셀수기배분","90019","EC-온라인물류","위탁","25F","DWDJ8D056","BKN","90","출고완료","5","5","0","5","허새흰(HEEN1)","2026-05-08","2026-05-08","2026-05-08 15:39:00","2026-05-08 15:39:00","2026-05-08 15:39:00","2026-05-09 01:01:21","X202605000653138","Y",""
"XDIST202605080004995773","엑셀수기배분","90019","EC-온라인물류","위탁","25F","DKDJ80056","TQD","130","출고완료","5","5","0","5","허새흰(HEEN1)","2026-05-08","2026-05-08","2026-05-08 15:39:01","2026-05-08 15:39:01","2026-05-08 15:39:01","2026-05-09 01:01:30","X202605000653139","Y",""
"XDIST202605080004995773","엑셀수기배분","90019","EC-온라인물류","위탁","25F","DKDJ54056","GRL","120","출고완료","5","5","0","5","허새흰(HEEN1)","2026-05-08","2026-05-08","2026-05-08 15:39:01","2026-05-08 15:39:01","2026-05-08 15:39:01","2026-05-09 01:01:32","X202605000653139","Y",""
"XDIST202605080004995773","엑셀수기배분","90019","EC-온라인물류","위탁","25F","DKDJ54056","BKS","140","출고완료","5","5","0","5","허새흰(HEEN1)","2026-05-08","2026-05-08","2026-05-08 15:39:01","2026-05-08 15:39:01","2026-05-08 15:39:01","2026-05-09 01:01:33","X202605000653139","Y",""
"XDIST202605080004995773","엑셀수기배분","90019","EC-온라인물류","위탁","25F","DKDJ61056","BKS","160","출고완료","5","5","0","5","허새흰(HEEN1)","2026-05-08","2026-05-08","2026-05-08 15:39:01","2026-05-08 15:39:01","2026-05-08 15:39:01","2026-05-09 01:01:32","X202605000653139","Y",""
"XDIST202605080004995773","엑셀수기배분","90019","EC-온라인물류","위탁","25F","DKDJ61056","CRS","150","출고완료","5","5","0","5","허새흰(HEEN1)","2026-05-08","2026-05-08","2026-05-08 15:39:01","2026-05-08 15:39:01","2026-05-08 15:39:01","2026-05-09 01:01:26","X202605000653139","Y",""
"XDIST202605080004995773","엑셀수기배분","90019","EC-온라인물류","위탁","25F","DKDJ73056","BKS","130","출고완료","5","5","0","5","허새흰(HEEN1)","2026-05-08","2026-05-08","2026-05-08 15:39:01","2026-05-08 15:39:01","2026-05-08 15:39:01","2026-05-09 01:01:30","X202605000653139","Y",""
"XDIST202605080004995773","엑셀수기배분","90019","EC-온라인물류","위탁","25F","DKDJ75056","CAD","120","출고완료","5","5","0","5","허새흰(HEEN1)","2026-05-08","2026-05-08","2026-05-08 15:39:01","2026-05-08 15:39:01","2026-05-08 15:39:01","2026-05-09 01:01:32","X202605000653139","Y",""
"XDIST202605080004995773","엑셀수기배분","90019","EC-온라인물류","위탁","25F","DKDJ75056","CAD","140","출고완료","5","5","0","5","허새흰(HEEN1)","2026-05-08","2026-05-08","2026-05-08 15:39:01","2026-05-08 15:39:01","2026-05-08 15:39:01","2026-05-09 01:01:32","X202605000653139","Y",""
"XDIST202605080004995773","엑셀수기배분","90019","EC-온라인물류","위탁","25F","DKDJ75056","BKS","160","출고완료","5","5","0","5","허새흰(HEEN1)","2026-05-08","2026-05-08","2026-05-08 15:39:01","2026-05-08 15:39:01","2026-05-08 15:39:01","2026-05-09 01:01:32","X202605000653139","Y",""
"XDIST202605080004995773","엑셀수기배분","90019","EC-온라인물류","위탁","25F","DWDJ5L056","BGL","90","출고완료","5","5","0","5","허새흰(HEEN1)","2026-05-08","2026-05-08","2026-05-08 15:39:01","2026-05-08 15:39:01","2026-05-08 15:39:01","2026-05-09 01:01:19","X202605000653140","Y",""
"XDIST202605080004995773","엑셀수기배분","90019","EC-온라인물류","위탁","25F","DWDJ5L056","BKL","95","출고완료","5","5","0","5","허새흰(HEEN1)","2026-05-08","2026-05-08","2026-05-08 15:39:01","2026-05-08 15:39:01","2026-05-08 15:39:01","2026-05-09 01:01:20","X202605000653140","Y",""
"XDIST202605080004995773","엑셀수기배분","90019","EC-온라인물류","위탁","25F","DWDJ8D056","CRS","85","출고완료","5","5","0","5","허새흰(HEEN1)","2026-05-08","2026-05-08","2026-05-08 15:39:01","2026-05-08 15:39:01","2026-05-08 15:39:01","2026-05-09 01:01:18","X202605000653140","Y",""
"XDIST202605060004973820","MD요청-상품","50052","동해(대-위)","위탁","26S","DXRS5G063","PCS","105","출고완료","1","1","0","1","권현정(KHJEONG)","2026-05-06","2026-05-06","2026-05-06 17:27:04","2026-05-06 17:27:04","2026-05-06 17:27:04","2026-05-07 01:03:49","X202605000364533","Y",""
"XDIST202605060004974122","MD요청-상품","10053","신세계경기","위탁","26S","DWRS97063","DGS","95","출고완료","1","1","0","1","권현정(KHJEONG)","2026-05-06","2026-05-06","2026-05-06 17:27:04","2026-05-06 17:27:04","2026-05-06 17:27:04","2026-05-07 01:05:08","X202605000364843","Y",""
"XDIST202605070004989147","엑셀수기배분","90019","EC-온라인물류","위탁","26S","DWSWB4063","WHS","S","출고완료","10","10","0","10","박정민(PJM1003)","2026-05-07","2026-05-08","2026-05-08 17:49:01","2026-05-08 17:49:01","2026-05-08 17:49:01","2026-05-09 01:03:52","X202605000547521","Y",""
"XDIST202605060004974319","MD요청-상품","50186","영광(대-위)","위탁","26S","DWRS9N063","LDL","90","출고완료","1","1","0","1","권현정(KHJEONG)","2026-05-06","2026-05-06","2026-05-06 17:30:17","2026-05-06 17:30:17","2026-05-06 17:30:17","2026-05-07 01:02:37","X202605000365176","Y",""
"XDIST202605060004974319","MD요청-상품","10073","신세계마산","위탁","26S","DWRS9N063","LDL","95","출고완료","1","1","0","1","권현정(KHJEONG)","2026-05-06","2026-05-06","2026-05-06 17:30:17","2026-05-06 17:30:17","2026-05-06 17:30:17","2026-05-07 01:02:28","X202605000365177","Y",""
"XDIST202605060004974319","MD요청-상품","50092","모다울산(대-위)","위탁","26S","DWRS9N063","LDL","90","출고완료","1","1","0","1","권현정(KHJEONG)","2026-05-06","2026-05-06","2026-05-06 17:31:06","2026-05-06 17:31:06","2026-05-06 17:31:06","2026-05-07 01:02:52","X202605000365179","Y",""
"XDIST202605060004979832","엑셀수기배분","30051","신세계아울렛여주(직)","위탁","24S","DMPT7A043","BKS","34","출고완료","5","5","0","5","이훈희(LEEHH1149)","2026-05-06","2026-05-07","2026-05-07 16:51:01","2026-05-07 16:51:01","2026-05-07 16:51:01","2026-05-08 01:03:06","X202605000385216","Y",""
"XDIST202605060004979832","엑셀수기배분","30051","신세계아울렛여주(직)","위탁","24S","DMPT7C043","BKS","28","출고완료","5","5","0","5","이훈희(LEEHH1149)","2026-05-06","2026-05-07","2026-05-07 16:51:01","2026-05-07 16:51:01","2026-05-07 16:51:01","2026-05-08 01:03:06","X202605000385216","Y",""
"XDIST202605060004979832","엑셀수기배분","30051","신세계아울렛여주(직)","위탁","24S","DMTB61043","INS","32","출고완료","5","5","0","5","이훈희(LEEHH1149)","2026-05-06","2026-05-07","2026-05-07 16:51:01","2026-05-07 16:51:01","2026-05-07 16:51:01","2026-05-08 01:03:04","X202605000385217","Y",""
"XDIST202605060004979832","엑셀수기배분","30051","신세계아울렛여주(직)","위탁","24S","DWTP52043","BKS","25","출고완료","5","5","0","5","이훈희(LEEHH1149)","2026-05-06","2026-05-07","2026-05-07 16:51:01","2026-05-07 16:51:01","2026-05-07 16:51:01","2026-05-08 01:03:05","X202605000385218","Y",""
"XDIST202605060004979832","엑셀수기배분","30051","신세계아울렛여주(직)","위탁","24S","DMTR51043","GNS","95","출고완료","5","5","0","5","이훈희(LEEHH1149)","2026-05-06","2026-05-07","2026-05-07 16:51:01","2026-05-07 16:51:01","2026-05-07 16:51:01","2026-05-08 01:03:06","X202605000385219","Y",""
"XDIST202605060004979832","엑셀수기배분","30051","신세계아울렛여주(직)","위탁","24S","DWTR52043","CRD","90","출고완료","5","5","0","5","이훈희(LEEHH1149)","2026-05-06","2026-05-07","2026-05-07 16:51:01","2026-05-07 16:51:01","2026-05-07 16:51:01","2026-05-08 01:03:07","X202605000385219","Y",""
"XDIST202605060004979832","엑셀수기배분","30051","신세계아울렛여주(직)","위탁","24S","DXTR6E043","NYD","100","출고완료","5","5","0","5","이훈희(LEEHH1149)","2026-05-06","2026-05-07","2026-05-07 16:51:01","2026-05-07 16:51:01","2026-05-07 16:51:01","2026-05-08 01:03:07","X202605000385219","Y",""
"XDIST202605060004979832","엑셀수기배분","30051","신세계아울렛여주(직)","위탁","24S","DXTR6E043","NYD","105","출고완료","5","5","0","5","이훈희(LEEHH1149)","2026-05-06","2026-05-07","2026-05-07 16:51:01","2026-05-07 16:51:01","2026-05-07 16:51:01","2026-05-08 01:03:06","X202605000385219","Y",""
"XDIST202605060004979832","엑셀수기배분","30051","신세계아울렛여주(직)","위탁","24S","DMTS53043","BLD","100","출고완료","5","5","0","5","이훈희(LEEHH1149)","2026-05-06","2026-05-07","2026-05-07 16:51:01","2026-05-07 16:51:01","2026-05-07 16:51:01","2026-05-08 01:03:05","X202605000385220","Y",""
"XDIST202605060004979832","엑셀수기배분","30051","신세계아울렛여주(직)","위탁","24S","DMTS73043","CRS","105","출고완료","5","5","0","5","이훈희(LEEHH1149)","2026-05-06","2026-05-07","2026-05-07 16:51:01","2026-05-07 16:51:01","2026-05-07 16:51:01","2026-05-08 01:03:07","X202605000385220","Y",""
"XDIST202605060004979832","엑셀수기배분","30051","신세계아울렛여주(직)","위탁","24S","DMTS73043","CRS","110","출고완료","5","5","0","5","이훈희(LEEHH1149)","2026-05-06","2026-05-07","2026-05-07 16:51:01","2026-05-07 16:51:01","2026-05-07 16:51:01","2026-05-08 01:03:08","X202605000385220","Y",""
"XDIST202605060004979832","엑셀수기배분","30051","신세계아울렛여주(직)","위탁","24S","DMTSG3043","CAS","95","출고완료","5","5","0","5","이훈희(LEEHH1149)","2026-05-06","2026-05-07","2026-05-07 16:51:01","2026-05-07 16:51:01","2026-05-07 16:51:01","2026-05-08 01:03:08","X202605000385220","Y",""
"XDIST202605060004979832","엑셀수기배분","30051","신세계아울렛여주(직)","위탁","24S","DMTSG3043","CRS","100","출고완료","5","5","0","5","이훈희(LEEHH1149)","2026-05-06","2026-05-07","2026-05-07 16:51:01","2026-05-07 16:51:01","2026-05-07 16:51:01","2026-05-08 01:03:07","X202605000385220","Y",""
"XDIST202605060004979832","엑셀수기배분","30051","신세계아울렛여주(직)","위탁","24S","DMTSG3043","CRS","105","출고완료","5","5","0","5","이훈희(LEEHH1149)","2026-05-06","2026-05-07","2026-05-07 16:51:01","2026-05-07 16:51:01","2026-05-07 16:51:01","2026-05-08 01:03:08","X202605000385220","Y",""
"XDIST202605060004979832","엑셀수기배분","30051","신세계아울렛여주(직)","위탁","24S","DMTSG3043","CRS","95","출고완료","3","3","0","3","이훈희(LEEHH1149)","2026-05-06","2026-05-07","2026-05-07 16:51:01","2026-05-07 16:51:01","2026-05-07 16:51:01","2026-05-08 01:03:08","X202605000385220","Y",""
"XDIST202605060004979832","엑셀수기배분","30051","신세계아울렛여주(직)","위탁","24S","DMTSG3043","TQD","100","출고완료","5","5","0","5","이훈희(LEEHH1149)","2026-05-06","2026-05-07","2026-05-07 16:51:01","2026-05-07 16:51:01","2026-05-07 16:51:01","2026-05-08 01:03:08","X202605000385220","Y",""
"XDIST202605060004979832","엑셀수기배분","30051","신세계아울렛여주(직)","위탁","24S","DMTSGE043","DBS","95","출고완료","5","5","0","5","이훈희(LEEHH1149)","2026-05-06","2026-05-07","2026-05-07 16:51:01","2026-05-07 16:51:01","2026-05-07 16:51:01","2026-05-08 01:03:03","X202605000385220","Y",""
"XDIST202605060004979832","엑셀수기배분","30051","신세계아울렛여주(직)","위탁","24S","DMTSGE043","GNN","100","출고완료","5","5","0","5","이훈희(LEEHH1149)","2026-05-06","2026-05-07","2026-05-07 16:51:01","2026-05-07 16:51:01","2026-05-07 16:51:01","2026-05-08 01:03:05","X202605000385220","Y",""
"XDIST202605060004979832","엑셀수기배분","30051","신세계아울렛여주(직)","위탁","24S","DMTSGE043","GNN","110","출고완료","5","5","0","5","이훈희(LEEHH1149)","2026-05-06","2026-05-07","2026-05-07 16:51:01","2026-05-07 16:51:01","2026-05-07 16:51:01","2026-05-08 01:03:05","X202605000385220","Y",""
"XDIST202605060004979832","엑셀수기배분","30051","신세계아울렛여주(직)","위탁","24S","DMTSGU043","CBL","95","출고완료","5","5","0","5","이훈희(LEEHH1149)","2026-05-06","2026-05-07","2026-05-07 16:51:01","2026-05-07 16:51:01","2026-05-07 16:51:01","2026-05-08 01:03:04","X202605000385220","Y",""
"XDIST202605060004979832","엑셀수기배분","30051","신세계아울렛여주(직)","위탁","24S","DWWJ94043","PKS","90","출고완료","5","5","0","5","이훈희(LEEHH1149)","2026-05-06","2026-05-07","2026-05-07 16:51:01","2026-05-07 16:51:01","2026-05-07 16:51:01","2026-05-08 01:03:05","X202605000385221","Y",""
"XDIST202605060004979832","엑셀수기배분","30051","신세계아울렛여주(직)","위탁","24S","DWWJ95043","NYD","100","출고완료","5","5","0","5","이훈희(LEEHH1149)","2026-05-06","2026-05-07","2026-05-07 16:51:01","2026-05-07 16:51:01","2026-05-07 16:51:01","2026-05-08 01:03:05","X202605000385221","Y",""
"XDIST202605060004979832","엑셀수기배분","30051","신세계아울렛여주(직)","위탁","24S","DMWJ61043","BKS","110","출고완료","5","5","0","5","이훈희(LEEHH1149)","2026-05-06","2026-05-07","2026-05-07 16:51:01","2026-05-07 16:51:01","2026-05-07 16:51:01","2026-05-08 01:03:03","X202605000385221","Y",""
"XDIST202605060004979832","엑셀수기배분","30051","신세계아울렛여주(직)","위탁","24S","DMWJ61043","CBD","110","출고완료","5","5","0","5","이훈희(LEEHH1149)","2026-05-06","2026-05-07","2026-05-07 16:51:01","2026-05-07 16:51:01","2026-05-07 16:51:01","2026-05-08 01:03:03","X202605000385221","Y",""
"XDIST202605060004979832","엑셀수기배분","30051","신세계아울렛여주(직)","위탁","24S","DMWJ63043","BKS","115","출고완료","2","2","0","2","이훈희(LEEHH1149)","2026-05-06","2026-05-07","2026-05-07 16:51:01","2026-05-07 16:51:01","2026-05-07 16:51:01","2026-05-08 01:03:06","X202605000385221","Y",""
"XDIST202605060004979832","엑셀수기배분","30051","신세계아울렛여주(직)","위탁","24S","DWWJ62043","LVD","95","출고완료","5","5","0","5","이훈희(LEEHH1149)","2026-05-06","2026-05-07","2026-05-07 16:51:01","2026-05-07 16:51:01","2026-05-07 16:51:01","2026-05-08 01:03:03","X202605000385221","Y",""
"XDIST202605060004979832","엑셀수기배분","30051","신세계아울렛여주(직)","위탁","24S","DWWJ93043","BKS","90","출고완료","5","5","0","5","이훈희(LEEHH1149)","2026-05-06","2026-05-07","2026-05-07 16:51:01","2026-05-07 16:51:01","2026-05-07 16:51:01","2026-05-08 01:03:04","X202605000385221","Y",""
"XDIST202605060004979832","엑셀수기배분","30051","신세계아울렛여주(직)","위탁","24S","DXRS5C043","DBS","90","출고완료","5","5","0","5","이훈희(LEEHH1149)","2026-05-06","2026-05-07","2026-05-07 16:51:01","2026-05-07 16:51:01","2026-05-07 16:51:01","2026-05-08 01:03:03","X202605000385222","Y",""
"XDIST202605060004979832","엑셀수기배분","30051","신세계아울렛여주(직)","위탁","24S","DXRS5C043","DBS","95","출고완료","5","5","0","5","이훈희(LEEHH1149)","2026-05-06","2026-05-07","2026-05-07 16:51:01","2026-05-07 16:51:01","2026-05-07 16:51:01","2026-05-08 01:03:03","X202605000385222","Y",""
"XDIST202605060004979832","엑셀수기배분","30051","신세계아울렛여주(직)","위탁","24S","DXRS7K043","BLL","105","출고완료","5","5","0","5","이훈희(LEEHH1149)","2026-05-06","2026-05-07","2026-05-07 16:51:01","2026-05-07 16:51:01","2026-05-07 16:51:01","2026-05-08 01:03:03","X202605000385222","Y",""
"XDIST202605060004979832","엑셀수기배분","30051","신세계아울렛여주(직)","위탁","24S","DXRS7K043","BLL","90","출고완료","5","5","0","5","이훈희(LEEHH1149)","2026-05-06","2026-05-07","2026-05-07 16:51:01","2026-05-07 16:51:01","2026-05-07 16:51:01","2026-05-08 01:03:07","X202605000385222","Y",""
"XDIST202605070004989571","MD요청-상품","50096","LF스퀘어양주(대-위)","위탁","25N","DXCP5025N","BGS","58","출고완료","3","3","0","3","장윤희(YHJANG)","2026-05-07","2026-05-08","2026-05-08 17:49:02","2026-05-08 17:49:02","2026-05-08 17:49:02","2026-05-09 01:03:43","X202605000549547","Y",""
"XDIST202605070004989571","MD요청-상품","50104","애플사상(대-위)","위탁","25N","DXCP5025N","BGS","58","출고완료","2","2","0","2","장윤희(YHJANG)","2026-05-07","2026-05-08","2026-05-08 17:49:02","2026-05-08 17:49:02","2026-05-08 17:49:02","2026-05-09 01:02:56","X202605000549552","Y",""
"XDIST202605070004989571","MD요청-상품","50059","신제주(대-위)","위탁","25N","DXCP5025N","BGS","58","출고완료","2","2","0","2","장윤희(YHJANG)","2026-05-07","2026-05-08","2026-05-08 17:33:03","2026-05-08 17:33:03","2026-05-08 17:33:03","2026-05-09 01:02:03","X202605000549554","Y",""
"XDIST202605070004990843","MD요청-상품","50099","안양(대-위)","위탁","25N","DXCP5015N","BES","56","출고완료","1","1","0","1","장윤희(YHJANG)","2026-05-07","2026-05-08","2026-05-08 17:33:03","2026-05-08 17:33:03","2026-05-08 17:33:03","2026-05-09 01:02:29","X202605000553209","Y",""
"XDIST202605070004990843","MD요청-상품","50058","모다대전(대-위)","위탁","25N","DXCP5015N","BES","56","출고완료","1","1","0","1","장윤희(YHJANG)","2026-05-07","2026-05-08","2026-05-08 17:49:03","2026-05-08 17:49:03","2026-05-08 17:49:03","2026-05-09 01:03:04","X202605000553210","Y",""
"XDIST202605080004993353","엑셀수기배분","90019","EC-온라인물류","위탁","25N","DXHT4055N","NYD","57H","출고완료","4","4","0","4","허새흰(HEEN1)","2026-05-08","2026-05-08","2026-05-08 17:30:03","2026-05-08 17:30:03","2026-05-08 17:30:03","2026-05-09 01:01:28","X202605000616239","Y",""
"XDIST202605080004993353","엑셀수기배분","90019","EC-온라인물류","위탁","25N","DXSH5415N","SIL","280","출고완료","3","3","0","3","허새흰(HEEN1)","2026-05-08","2026-05-08","2026-05-08 17:30:03","2026-05-08 17:30:03","2026-05-08 17:30:03","2026-05-09 01:01:27","X202605000616242","Y",""
"XDIST202605080004993353","엑셀수기배분","90019","EC-온라인물류","위탁","25N","DXSH5415N","SIL","270","출고완료","3","3","0","3","허새흰(HEEN1)","2026-05-08","2026-05-08","2026-05-08 17:30:03","2026-05-08 17:30:03","2026-05-08 17:30:03","2026-05-09 01:01:27","X202605000616242","Y",""
"XDIST202605080004993353","엑셀수기배분","90019","EC-온라인물류","위탁","25S","DMPT23051","BKS","32","출고완료","1","1","0","0","허새흰(HEEN1)","2026-05-08","2026-05-08","2026-05-08 17:30:03","2026-05-08 17:30:03","2026-05-08 17:30:03","","X202605000616252","Y",""
"XDIST202605080004993353","엑셀수기배분","90019","EC-온라인물류","위탁","25S","DMPT65053","BGD","32","출고완료","1","1","0","1","허새흰(HEEN1)","2026-05-08","2026-05-08","2026-05-08 17:30:03","2026-05-08 17:30:03","2026-05-08 17:30:03","2026-05-09 01:01:22","X202605000616252","Y",""
"XDIST202605080004993353","엑셀수기배분","90019","EC-온라인물류","위탁","25S","DMRS8H053","KAL","95","출고완료","1","1","0","1","허새흰(HEEN1)","2026-05-08","2026-05-08","2026-05-08 17:30:04","2026-05-08 17:30:04","2026-05-08 17:30:04","2026-05-09 01:01:21","X202605000616253","Y",""
"XDIST202605080004993353","엑셀수기배분","90019","EC-온라인물류","위탁","25S","DWRS9H053","WHS","90","출고완료","3","3","0","3","허새흰(HEEN1)","2026-05-08","2026-05-08","2026-05-08 17:30:04","2026-05-08 17:30:04","2026-05-08 17:30:04","2026-05-09 01:01:23","X202605000616253","Y",""
"XDIST202605080004993353","엑셀수기배분","90019","EC-온라인물류","위탁","25S","DXRS8R053","PPS","95","출고완료","2","2","0","2","허새흰(HEEN1)","2026-05-08","2026-05-08","2026-05-08 17:30:04","2026-05-08 17:30:04","2026-05-08 17:30:04","2026-05-09 01:01:23","X202605000616253","Y",""
"XDIST202605080004993353","엑셀수기배분","90019","EC-온라인물류","위탁","25S","DMSB71053","BKS","34","출고완료","5","5","0","5","허새흰(HEEN1)","2026-05-08","2026-05-08","2026-05-08 17:30:04","2026-05-08 17:30:04","2026-05-08 17:30:04","2026-05-09 01:01:28","X202605000616254","Y",""
"XDIST202605080004993353","엑셀수기배분","90019","EC-온라인물류","위탁","25S","DMTB6A053","BKS","34","출고완료","16","16","0","16","허새흰(HEEN1)","2026-05-08","2026-05-08","2026-05-08 17:30:04","2026-05-08 17:30:04","2026-05-08 17:30:04","2026-05-09 01:01:28","X202605000616258","Y",""
"XDIST202605080004993353","엑셀수기배분","90019","EC-온라인물류","위탁","25S","DMTB6A053","NYD","34","출고완료","1","1","0","1","허새흰(HEEN1)","2026-05-08","2026-05-08","2026-05-08 17:30:04","2026-05-08 17:30:04","2026-05-08 17:30:04","2026-05-09 01:01:21","X202605000616258","Y",""
"XDIST202605080004993353","엑셀수기배분","90019","EC-온라인물류","위탁","25S","DXTB7G053","BGL","34","출고완료","1","1","0","1","허새흰(HEEN1)","2026-05-08","2026-05-08","2026-05-08 17:30:04","2026-05-08 17:30:04","2026-05-08 17:30:04","2026-05-09 01:01:29","X202605000616258","Y",""
"XDIST202605080004993353","엑셀수기배분","90019","EC-온라인물류","위탁","25S","DXTB7G053","DKS","34","출고완료","2","2","0","2","허새흰(HEEN1)","2026-05-08","2026-05-08","2026-05-08 17:30:04","2026-05-08 17:30:04","2026-05-08 17:30:04","2026-05-09 01:01:29","X202605000616258","Y",""
"XDIST202605080004993353","엑셀수기배분","90019","EC-온라인물류","위탁","25S","DXTB7K053","BGL","32","출고완료","1","1","0","1","허새흰(HEEN1)","2026-05-08","2026-05-08","2026-05-08 17:30:04","2026-05-08 17:30:04","2026-05-08 17:30:04","2026-05-09 01:01:28","X202605000616258","Y",""
"XDIST202605080004993353","엑셀수기배분","90019","EC-온라인물류","위탁","25S","DWTP6B053","BKS","29","출고완료","4","4","0","4","허새흰(HEEN1)","2026-05-08","2026-05-08","2026-05-08 17:30:04","2026-05-08 17:30:04","2026-05-08 17:30:04","2026-05-09 01:01:23","X202605000616259","Y",""
"XDIST202605080004993353","엑셀수기배분","90019","EC-온라인물류","위탁","25S","DWTR47051","LKS","95","출고완료","6","6","0","6","허새흰(HEEN1)","2026-05-08","2026-05-08","2026-05-08 17:30:04","2026-05-08 17:30:04","2026-05-08 17:30:04","2026-05-09 01:01:23","X202605000616260","Y",""
"XDIST202605080004993353","엑셀수기배분","90019","EC-온라인물류","위탁","25S","DXTR37051","GRS","95","출고완료","1","1","0","1","허새흰(HEEN1)","2026-05-08","2026-05-08","2026-05-08 17:30:04","2026-05-08 17:30:04","2026-05-08 17:30:04","2026-05-09 01:01:23","X202605000616260","Y",""
"XDIST202605080004993353","엑셀수기배분","90019","EC-온라인물류","위탁","25S","DXTR7C053","GRD","100","출고완료","3","3","0","3","허새흰(HEEN1)","2026-05-08","2026-05-08","2026-05-08 17:30:04","2026-05-08 17:30:04","2026-05-08 17:30:04","2026-05-09 01:01:21","X202605000616260","Y",""
"XDIST202605080004993353","엑셀수기배분","90019","EC-온라인물류","위탁","25S","DMTS6A053","GRS","105","출고완료","10","10","0","10","허새흰(HEEN1)","2026-05-08","2026-05-08","2026-05-08 17:30:04","2026-05-08 17:30:04","2026-05-08 17:30:04","2026-05-09 01:01:22","X202605000616261","Y",""
"XDIST202605080004993353","엑셀수기배분","90019","EC-온라인물류","위탁","25S","DMWJ3G051","BKS","100","출고완료","3","3","0","3","허새흰(HEEN1)","2026-05-08","2026-05-08","2026-05-08 17:30:04","2026-05-08 17:30:04","2026-05-08 17:30:04","2026-05-09 01:01:29","X202605000616263","Y",""
"XDIST202605080004993353","엑셀수기배분","90019","EC-온라인물류","위탁","25S","DWWJ44051","OLD","95","출고완료","2","2","0","0","허새흰(HEEN1)","2026-05-08","2026-05-08","2026-05-08 17:30:04","2026-05-08 17:30:04","2026-05-08 17:30:04","","X202605000616263","Y",""
"XDIST202605080004993353","엑셀수기배분","90019","EC-온라인물류","위탁","25S","DWWJ7D053","WHS","90","출고완료","6","6","0","6","허새흰(HEEN1)","2026-05-08","2026-05-08","2026-05-08 17:30:04","2026-05-08 17:30:04","2026-05-08 17:30:04","2026-05-09 01:01:26","X202605000616263","Y",""
"XDIST202605080004993353","엑셀수기배분","90019","EC-온라인물류","위탁","25S","DWBR45051","GRD","M","출고완료","6","6","0","6","허새흰(HEEN1)","2026-05-08","2026-05-08","2026-05-08 17:30:04","2026-05-08 17:30:04","2026-05-08 17:30:04","2026-05-09 01:01:22","X202605000616264","Y",""
"XDIST202605060004980366","엑셀수기배분","10014","롯데중동","위탁","26S","DMTB6B063","BKS","28","출고완료","1","1","0","1","권현정(KHJEONG)","2026-05-06","2026-05-07","2026-05-07 17:07:01","2026-05-07 17:07:01","2026-05-07 17:07:01","2026-05-08 01:03:28","X202605000388685","Y",""
"XDIST202605060004980366","엑셀수기배분","10063","롯데전주","위탁","26S","DWTR91063","LVL","100","출고완료","1","1","0","1","권현정(KHJEONG)","2026-05-06","2026-05-07","2026-05-07 17:07:01","2026-05-07 17:07:01","2026-05-07 17:07:01","2026-05-08 01:02:24","X202605000388690","Y",""
"XDIST202605060004980366","엑셀수기배분","10063","롯데전주","위탁","26S","DWTR91063","IVD","95","출고완료","1","1","0","1","권현정(KHJEONG)","2026-05-06","2026-05-07","2026-05-07 17:07:01","2026-05-07 17:07:01","2026-05-07 17:07:01","2026-05-08 01:02:24","X202605000388690","Y",""
"XDIST202605060004980366","엑셀수기배분","30028","광주상무(직)","위탁","26S","DWTR91063","BKS","100","출고완료","1","1","0","1","권현정(KHJEONG)","2026-05-06","2026-05-07","2026-05-07 17:07:01","2026-05-07 17:07:01","2026-05-07 17:07:01","2026-05-08 01:02:53","X202605000388693","Y",""
"XDIST202605060004980366","엑셀수기배분","50001","목포하당(대-위)","위탁","26S","DXTB3A061","BKS","30","출고완료","1","1","0","1","권현정(KHJEONG)","2026-05-06","2026-05-07","2026-05-07 16:54:01","2026-05-07 16:54:01","2026-05-07 16:54:01","2026-05-08 01:02:21","X202605000388695","Y",""
"XDIST202605060004980366","엑셀수기배분","50052","동해(대-위)","위탁","26S","DMTR71063","DGS","100","출고완료","1","1","0","1","권현정(KHJEONG)","2026-05-06","2026-05-07","2026-05-07 17:07:01","2026-05-07 17:07:01","2026-05-07 17:07:01","2026-05-08 01:02:30","X202605000388697","Y",""
"XDIST202605060004980366","엑셀수기배분","50118","서산(대-위)","위탁","26S","DMTR71063","DGS","105","출고완료","1","1","0","1","권현정(KHJEONG)","2026-05-06","2026-05-07","2026-05-07 17:07:01","2026-05-07 17:07:01","2026-05-07 17:07:01","2026-05-08 01:02:14","X202605000388703","Y",""
"XDIST202605060004980366","엑셀수기배분","50118","서산(대-위)","위탁","26S","DMTR71063","DGS","95","출고완료","1","1","0","1","권현정(KHJEONG)","2026-05-06","2026-05-07","2026-05-07 17:07:01","2026-05-07 17:07:01","2026-05-07 17:07:01","2026-05-08 01:02:14","X202605000388703","Y",""
"XDIST202605060004980366","엑셀수기배분","50179","나주(대-위)","위탁","26S","DXTB3A061","BKS","30","출고완료","1","1","0","1","권현정(KHJEONG)","2026-05-06","2026-05-07","2026-05-07 16:54:01","2026-05-07 16:54:01","2026-05-07 16:54:01","2026-05-08 01:02:17","X202605000388715","Y",""
"XDIST202605060004980366","엑셀수기배분","50180","동광양(대-위)","위탁","26S","DXTB3A061","BKS","30","출고완료","1","1","0","1","권현정(KHJEONG)","2026-05-06","2026-05-07","2026-05-07 16:54:01","2026-05-07 16:54:01","2026-05-07 16:54:01","2026-05-08 01:02:35","X202605000388716","Y",""
"XDIST202605060004980366","엑셀수기배분","50187","인천계산(대-위)","위탁","26S","DWTR91063","IVD","90","출고완료","1","1","0","1","권현정(KHJEONG)","2026-05-06","2026-05-07","2026-05-07 16:54:01","2026-05-07 16:54:01","2026-05-07 16:54:01","2026-05-08 01:02:25","X202605000388717","Y",""
"XDIST202605040004960123","엑셀수기배분","90019","EC-온라인물류","위탁","25S","DWSB64053","DGS","M","출고완료","9","9","0","9","허새흰(HEEN1)","2026-05-04","2026-05-04","2026-05-04 18:18:03","2026-05-04 18:18:03","2026-05-04 18:18:03","2026-05-05 01:02:00","X202605000179395","Y",""
"XDIST202605040004960123","엑셀수기배분","90019","EC-온라인물류","위탁","25S","DMSW67053","WHP","95","출고완료","6","6","0","6","허새흰(HEEN1)","2026-05-04","2026-05-04","2026-05-04 18:18:03","2026-05-04 18:18:03","2026-05-04 18:18:03","2026-05-05 01:02:08","X202605000179397","Y",""
"XDIST202605040004960123","엑셀수기배분","90019","EC-온라인물류","위탁","25S","DWSW72053","BKS","100","출고완료","1","1","0","1","허새흰(HEEN1)","2026-05-04","2026-05-04","2026-05-04 18:18:03","2026-05-04 18:18:03","2026-05-04 18:18:03","2026-05-05 01:02:02","X202605000179397","Y",""
"XDIST202605040004960123","엑셀수기배분","90019","EC-온라인물류","위탁","25S","DMTB6A053","BKS","32","출고완료","19","19","0","19","허새흰(HEEN1)","2026-05-04","2026-05-04","2026-05-04 18:18:03","2026-05-04 18:18:03","2026-05-04 18:18:03","2026-05-05 01:02:08","X202605000179398","Y",""
"XDIST202605040004960123","엑셀수기배분","90019","EC-온라인물류","위탁","25S","DMTB6A053","BKS","30","출고완료","15","15","0","15","허새흰(HEEN1)","2026-05-04","2026-05-04","2026-05-04 18:18:03","2026-05-04 18:18:03","2026-05-04 18:18:03","2026-05-05 01:02:08","X202605000179398","Y",""
"XDIST202605040004960123","엑셀수기배분","90019","EC-온라인물류","위탁","25S","DMTS81053","BGL","95","출고완료","9","9","0","9","허새흰(HEEN1)","2026-05-04","2026-05-04","2026-05-04 18:18:03","2026-05-04 18:18:03","2026-05-04 18:18:03","2026-05-05 01:02:11","X202605000179400","Y",""
"XDIST202605040004960123","엑셀수기배분","90019","EC-온라인물류","위탁","25S","DWWJ94053","BKS","85","출고완료","2","2","0","2","허새흰(HEEN1)","2026-05-04","2026-05-04","2026-05-04 18:18:03","2026-05-04 18:18:03","2026-05-04 18:18:03","2026-05-05 01:02:02","X202605000179402","Y",""
"XDIST202605040004968544","엑셀수기배분","90019","EC-온라인물류","위탁","26S","DMSP78063","BKS","36","출고완료","10","10","0","10","박정민(PJM1003)","2026-05-04","2026-05-06","2026-05-06 17:19:00","2026-05-06 17:19:00","2026-05-06 17:19:00","2026-05-07 01:01:54","X202605000199977","Y",""
"XDIST202605040004968544","엑셀수기배분","90019","EC-온라인물류","위탁","26S","DMSP78063","DML","36","출고완료","5","5","0","5","박정민(PJM1003)","2026-05-04","2026-05-06","2026-05-06 17:19:00","2026-05-06 17:19:00","2026-05-06 17:19:00","2026-05-07 01:01:54","X202605000199977","Y",""
"XDIST202605040004968544","엑셀수기배분","90019","EC-온라인물류","위탁","26S","DWSW96063","PKL","90","출고완료","5","5","0","5","박정민(PJM1003)","2026-05-04","2026-05-06","2026-05-06 17:19:00","2026-05-06 17:19:00","2026-05-06 17:19:00","2026-05-07 01:01:54","X202605000199978","Y",""
"XDIST202605040004968544","엑셀수기배분","90019","EC-온라인물류","위탁","26S","DWRS9M063","LPL","100","출고완료","5","5","0","5","박정민(PJM1003)","2026-05-04","2026-05-06","2026-05-06 17:19:01","2026-05-06 17:19:01","2026-05-06 17:19:01","2026-05-07 01:01:57","X202605000199979","Y",""
"XDIST202605040004968544","엑셀수기배분","90019","EC-온라인물류","위탁","26S","DWSBB2063","INS","27","출고완료","5","5","0","5","박정민(PJM1003)","2026-05-04","2026-05-06","2026-05-06 17:19:01","2026-05-06 17:19:01","2026-05-06 17:19:01","2026-05-07 01:01:53","X202605000199980","Y",""
"XDIST202605040004968544","엑셀수기배분","90019","EC-온라인물류","위탁","26S","DWSBB2063","INS","28","출고완료","5","5","0","5","박정민(PJM1003)","2026-05-04","2026-05-06","2026-05-06 17:19:01","2026-05-06 17:19:01","2026-05-06 17:19:01","2026-05-07 01:01:53","X202605000199980","Y",""
"XDIST202605040004968544","엑셀수기배분","90019","EC-온라인물류","위탁","26S","DWTR95063","KAD","90","출고완료","2","2","0","2","박정민(PJM1003)","2026-05-04","2026-05-06","2026-05-06 17:19:01","2026-05-06 17:19:01","2026-05-06 17:19:01","2026-05-07 01:01:55","X202605000199981","Y",""
"XDIST202605060004979188","엑셀수기배분","90019","EC-온라인물류","위탁","26S","DWRL41061","IVS","95","출고완료","2","2","0","2","박정민(PJM1003)","2026-05-06","2026-05-06","2026-05-07 16:51:00","2026-05-07 16:51:00","2026-05-07 16:51:00","2026-05-08 01:01:02","X202605000380963","Y",""
"XDIST202605060004979188","엑셀수기배분","90019","EC-온라인물류","위탁","26S","DXRS7K063","WHS","95","출고완료","2","2","0","2","박정민(PJM1003)","2026-05-06","2026-05-06","2026-05-07 16:51:01","2026-05-07 16:51:01","2026-05-07 16:51:01","2026-05-08 01:01:01","X202605000380969","Y",""
"XDIST202605060004973610","MD요청-상품","50200","홍천(대-위)","위탁","26S","DXTB7A063","BKS","34","출고완료","1","1","0","1","권현정(KHJEONG)","2026-05-06","2026-05-06","2026-05-06 17:26:09","2026-05-06 17:26:09","2026-05-06 17:26:09","2026-05-07 01:03:19","X202605000364189","Y",""
"XDIST202605060004973610","MD요청-상품","50205","NC강서(대-위)","위탁","26S","DXTB7A063","BKS","34","출고완료","1","1","0","1","권현정(KHJEONG)","2026-05-06","2026-05-06","2026-05-06 17:27:04","2026-05-06 17:27:04","2026-05-06 17:27:04","2026-05-07 01:05:18","X202605000364195","Y",""
"XDIST202605060004973610","MD요청-상품","50209","서귀포(대-위)","위탁","26S","DXTB7A063","BKS","34","출고완료","1","1","0","1","권현정(KHJEONG)","2026-05-06","2026-05-06","2026-05-06 17:31:05","2026-05-06 17:31:05","2026-05-06 17:31:05","2026-05-07 01:04:26","X202605000364200","Y",""
"XDIST202605060004973610","MD요청-상품","50172","안성(대-위)","위탁","26S","DXTB7A063","BKS","34","출고완료","1","1","0","1","권현정(KHJEONG)","2026-05-06","2026-05-06","2026-05-06 17:31:05","2026-05-06 17:31:05","2026-05-06 17:31:05","2026-05-07 01:03:59","X202605000364205","Y",""
"XDIST202605060004973610","MD요청-상품","50058","모다대전(대-위)","위탁","26S","DXTB7A063","BKS","34","출고완료","2","2","0","2","권현정(KHJEONG)","2026-05-06","2026-05-06","2026-05-06 17:26:09","2026-05-06 17:26:09","2026-05-06 17:26:09","2026-05-07 01:03:43","X202605000364209","Y",""
"XDIST202605060004973610","MD요청-상품","10035","신세계의정부","위탁","26S","DXTB7A063","BKS","34","출고완료","1","1","0","1","권현정(KHJEONG)","2026-05-06","2026-05-06","2026-05-06 17:31:05","2026-05-06 17:31:05","2026-05-06 17:31:05","2026-05-07 01:05:08","X202605000364214","Y",""
"XDIST202605060004973610","MD요청-상품","10081","신세계스타일마켓","위탁","26S","DXTB7A063","BKS","30","출고완료","2","2","0","2","권현정(KHJEONG)","2026-05-06","2026-05-06","2026-05-06 17:27:04","2026-05-06 17:27:04","2026-05-06 17:27:04","2026-05-07 01:02:37","X202605000364215","Y",""
"XDIST202605070004985615","MD요청-매장","90019","EC-온라인물류","위탁","25S","DWRS95053","PPS","95","출고완료","15","15","0","15","안소현(ANNA77)","2026-05-07","2026-05-07","2026-05-07 16:51:02","2026-05-07 16:51:02","2026-05-07 16:51:02","2026-05-08 01:01:01","X202605000490230","Y",""
"XDIST202605060004973610","MD요청-상품","10015","롯데포항","위탁","26S","DXTB7A063","BKS","34","출고완료","1","1","0","1","권현정(KHJEONG)","2026-05-06","2026-05-06","2026-05-06 17:26:09","2026-05-06 17:26:09","2026-05-06 17:26:09","2026-05-07 01:03:32","X202605000364256","Y",""
"XDIST202605060004973610","MD요청-상품","10061","신세계대구","위탁","26S","DXTB7A063","BKS","34","출고완료","1","1","0","1","권현정(KHJEONG)","2026-05-06","2026-05-06","2026-05-06 17:27:04","2026-05-06 17:27:04","2026-05-06 17:27:04","2026-05-07 01:02:39","X202605000364258","Y",""
"XDIST202605060004973610","MD요청-상품","50120","춘천(대-위)","위탁","26S","DXTB7A063","BKS","34","출고완료","1","1","0","1","권현정(KHJEONG)","2026-05-06","2026-05-06","2026-05-06 17:26:09","2026-05-06 17:26:09","2026-05-06 17:26:09","2026-05-07 01:02:44","X202605000364260","Y",""
"XDIST202605070004990138","엑셀수기배분","10007","롯데부산","위탁","25N","DXSG3125N","BKS","F","출고완료","6","6","0","6","김주형(RLAWNGUD14)","2026-05-07","2026-05-08","2026-05-08 17:49:02","2026-05-08 17:49:02","2026-05-08 17:49:02","2026-05-09 01:01:43","X202605000551376","Y",""
"XDIST202605060004973610","MD요청-상품","50131","시화(대-위)","위탁","26S","DXTB7A063","BKS","34","출고완료","1","1","0","1","권현정(KHJEONG)","2026-05-06","2026-05-06","2026-05-06 17:31:05","2026-05-06 17:31:05","2026-05-06 17:31:05","2026-05-07 01:03:58","X202605000364273","Y",""
"XDIST202605060004973610","MD요청-상품","50135","현대시티대구(대-위)","위탁","26S","DXTB7A063","BKS","26","출고완료","1","1","0","1","권현정(KHJEONG)","2026-05-06","2026-05-06","2026-05-06 17:26:09","2026-05-06 17:26:09","2026-05-06 17:26:09","2026-05-07 01:03:27","X202605000364276","Y",""
"XDIST202605060004973610","MD요청-상품","50015","군산수송(대-위)","위탁","26S","DXTB7A063","BKS","34","출고완료","1","1","0","1","권현정(KHJEONG)","2026-05-06","2026-05-06","2026-05-06 17:31:05","2026-05-06 17:31:05","2026-05-06 17:31:05","2026-05-07 01:04:02","X202605000364279","Y",""
"XDIST202605060004973610","MD요청-상품","50145","성남신흥(대-위)","위탁","26S","DXTB7A063","BKS","30","출고완료","2","2","0","2","권현정(KHJEONG)","2026-05-06","2026-05-06","2026-05-06 17:31:05","2026-05-06 17:31:05","2026-05-06 17:31:05","2026-05-07 01:03:08","X202605000364289","Y",""
"XDIST202605060004973610","MD요청-상품","10044","롯데구리","위탁","26S","DXTB7A063","BKS","34","출고완료","1","1","0","1","권현정(KHJEONG)","2026-05-06","2026-05-06","2026-05-06 17:26:09","2026-05-06 17:26:09","2026-05-06 17:26:09","2026-05-07 01:04:51","X202605000364292","Y",""
"XDIST202605060004973610","MD요청-상품","50028","광주첨단(대-위)","위탁","26S","DXTB7A063","BKS","26","출고완료","1","1","0","1","권현정(KHJEONG)","2026-05-06","2026-05-06","2026-05-06 17:31:05","2026-05-06 17:31:05","2026-05-06 17:31:05","2026-05-07 01:04:21","X202605000364295","Y",""
"XDIST202605060004973610","MD요청-상품","10048","아이파크용산","위탁","26S","DXTB7A063","BKS","34","출고완료","1","1","0","1","권현정(KHJEONG)","2026-05-06","2026-05-06","2026-05-06 17:26:09","2026-05-06 17:26:09","2026-05-06 17:26:09","2026-05-07 01:05:01","X202605000364297","Y",""
"XDIST202605060004973610","MD요청-상품","10050","롯데본점","위탁","26S","DXTB7A063","BKS","30","출고완료","2","2","0","2","권현정(KHJEONG)","2026-05-06","2026-05-06","2026-05-06 17:27:04","2026-05-06 17:27:04","2026-05-06 17:27:04","2026-05-07 01:04:44","X202605000364298","Y",""
"XDIST202605060004973610","MD요청-상품","10052","롯데강남","위탁","26S","DXTB7A063","BKS","30","출고완료","2","2","0","2","권현정(KHJEONG)","2026-05-06","2026-05-06","2026-05-06 17:31:05","2026-05-06 17:31:05","2026-05-06 17:31:05","2026-05-07 01:04:46","X202605000364299","Y",""
"XDIST202605060004973610","MD요청-상품","10053","신세계경기","위탁","26S","DXTB7A063","BKS","30","출고완료","2","2","0","2","권현정(KHJEONG)","2026-05-06","2026-05-06","2026-05-06 17:27:04","2026-05-06 17:27:04","2026-05-06 17:27:04","2026-05-07 01:05:07","X202605000364305","Y",""
"XDIST202605080004995595","엑셀수기배분","90019","EC-온라인물류","위탁","26S","DWRL46061","WHS","90","출고완료","2","2","0","2","박정민(PJM1003)","2026-05-08","2026-05-08","2026-05-08 17:46:02","2026-05-08 17:46:02","2026-05-08 17:46:02","2026-05-09 01:03:53","X202605000643223","Y",""
"XDIST202605060004973610","MD요청-상품","10059","현대대구","위탁","26S","DXTB7A063","BKS","26","출고완료","1","1","0","1","권현정(KHJEONG)","2026-05-06","2026-05-06","2026-05-06 17:30:16","2026-05-06 17:30:16","2026-05-06 17:30:16","2026-05-07 01:04:32","X202605000364311","Y",""
"XDIST202605060004975357","엑셀수기배분","30011","롯데아울렛수완(직)","위탁","24S","DWSW68043","BKS","90","출고완료","15","15","0","15","이훈희(LEEHH1149)","2026-05-06","2026-05-19","2026-05-19 16:09:01","2026-05-19 16:09:01","2026-05-19 16:09:01","2026-05-20 01:00:50","X202605000367549","Y",""
"XDIST202605060004975357","엑셀수기배분","30011","롯데아울렛수완(직)","위탁","24S","DWSW68043","BKS","95","출고완료","10","10","0","10","이훈희(LEEHH1149)","2026-05-06","2026-05-19","2026-05-19 16:09:01","2026-05-19 16:09:01","2026-05-19 16:09:01","2026-05-20 01:00:50","X202605000367549","Y",""
"XDIST202605060004975357","엑셀수기배분","30012","롯데아울렛고양(직)","위탁","24S","DMSW65043","BKS","110","출고완료","3","3","0","3","이훈희(LEEHH1149)","2026-05-06","2026-05-19","2026-05-19 16:09:01","2026-05-19 16:09:01","2026-05-19 16:09:01","2026-05-20 01:02:29","X202605000367550","Y",""
"XDIST202605060004975357","엑셀수기배분","30013","롯데아울렛광명(직)","위탁","24S","DWSW68043","BKS","90","출고완료","14","14","0","14","이훈희(LEEHH1149)","2026-05-06","2026-05-19","2026-05-19 16:09:01","2026-05-19 16:09:01","2026-05-19 16:09:01","2026-05-20 01:02:26","X202605000367551","Y",""
"XDIST202605060004975357","엑셀수기배분","30013","롯데아울렛광명(직)","위탁","24S","DWSW68043","BKS","100","출고완료","6","6","0","6","이훈희(LEEHH1149)","2026-05-06","2026-05-19","2026-05-19 16:09:01","2026-05-19 16:09:01","2026-05-19 16:09:01","2026-05-20 01:02:26","X202605000367551","Y",""
"XDIST202605060004975357","엑셀수기배분","30016","롯데아울렛동부산(직)","위탁","24S","DMSW65043","BKS","110","출고완료","4","4","0","4","이훈희(LEEHH1149)","2026-05-06","2026-05-19","2026-05-19 16:09:01","2026-05-19 16:09:01","2026-05-19 16:09:01","2026-05-20 01:00:50","X202605000367552","Y",""
"XDIST202605060004975357","엑셀수기배분","30016","롯데아울렛동부산(직)","위탁","24S","DWSW68043","BKS","100","출고완료","6","6","0","6","이훈희(LEEHH1149)","2026-05-06","2026-05-19","2026-05-19 16:09:01","2026-05-19 16:09:01","2026-05-19 16:09:01","2026-05-20 01:00:50","X202605000367552","Y",""
"XDIST202605060004975357","엑셀수기배분","30021","롯데아울렛광교(직)","위탁","24S","DMSW65043","BKS","100","출고완료","22","22","0","22","이훈희(LEEHH1149)","2026-05-06","2026-05-19","2026-05-19 16:09:01","2026-05-19 16:09:01","2026-05-19 16:09:01","2026-05-20 01:02:27","X202605000367555","Y",""
"XDIST202605060004975357","엑셀수기배분","30021","롯데아울렛광교(직)","위탁","24S","DWSW68043","BKS","100","출고완료","6","6","0","6","이훈희(LEEHH1149)","2026-05-06","2026-05-19","2026-05-19 16:09:01","2026-05-19 16:09:01","2026-05-19 16:09:01","2026-05-20 01:02:27","X202605000367555","Y",""
"XDIST202605060004975357","엑셀수기배분","30023","롯데아울렛파주(직)","위탁","24S","DMSW65043","BKS","100","출고완료","23","23","0","23","이훈희(LEEHH1149)","2026-05-06","2026-05-19","2026-05-19 16:09:01","2026-05-19 16:09:01","2026-05-19 16:09:01","2026-05-20 01:02:24","X202605000367557","Y",""
"XDIST202605060004975357","엑셀수기배분","30023","롯데아울렛파주(직)","위탁","24S","DWSW68043","BKS","95","출고완료","10","10","0","10","이훈희(LEEHH1149)","2026-05-06","2026-05-19","2026-05-19 16:09:01","2026-05-19 16:09:01","2026-05-19 16:09:01","2026-05-20 01:02:24","X202605000367557","Y",""
"XDIST202605060004975357","엑셀수기배분","30031","롯데아울렛원흥(직)","위탁","24S","DWSW68043","BKS","95","출고완료","10","10","0","10","이훈희(LEEHH1149)","2026-05-06","2026-05-19","2026-05-19 16:09:01","2026-05-19 16:09:01","2026-05-19 16:09:01","2026-05-20 01:02:30","X202605000367559","Y",""
"XDIST202605060004975357","엑셀수기배분","30033","롯데아울렛군산(직)","위탁","24S","DMSW65043","BKS","95","출고완료","3","3","0","3","이훈희(LEEHH1149)","2026-05-06","2026-05-19","2026-05-19 16:09:01","2026-05-19 16:09:01","2026-05-19 16:09:01","2026-05-20 01:00:50","X202605000367560","Y",""
"XDIST202605060004975357","엑셀수기배분","30037","롯데아울렛율하(직)","위탁","24S","DMSW65043","BKS","95","출고완료","3","3","0","3","이훈희(LEEHH1149)","2026-05-06","2026-05-19","2026-05-19 16:09:01","2026-05-19 16:09:01","2026-05-19 16:09:01","2026-05-20 01:00:52","X202605000367561","Y",""
"XDIST202605060004975357","엑셀수기배분","30038","롯데아울렛기흥(직)","위탁","24S","DWSW68043","BKS","100","출고완료","7","7","0","7","이훈희(LEEHH1149)","2026-05-06","2026-05-19","2026-05-19 16:09:01","2026-05-19 16:09:01","2026-05-19 16:09:01","2026-05-20 01:02:31","X202605000367562","Y",""
"XDIST202605060004975357","엑셀수기배분","30049","롯데아울렛의왕(직)","위탁","24S","DMSW65043","BKS","95","출고완료","3","3","0","3","이훈희(LEEHH1149)","2026-05-06","2026-05-19","2026-05-19 16:09:01","2026-05-19 16:09:01","2026-05-19 16:09:01","2026-05-20 01:02:33","X202605000367563","Y",""
"XDIST202605060004975357","엑셀수기배분","30054","롯데아울렛광주(직)","위탁","24S","DMSW65043","BKS","95","출고완료","3","3","0","3","이훈희(LEEHH1149)","2026-05-06","2026-05-19","2026-05-19 16:09:01","2026-05-19 16:09:01","2026-05-19 16:09:01","2026-05-20 11:23:14","X202605000367565","Y",""
"XDIST202605060004975357","엑셀수기배분","30054","롯데아울렛광주(직)","위탁","24S","DMSW65043","BKS","105","출고완료","15","15","0","15","이훈희(LEEHH1149)","2026-05-06","2026-05-19","2026-05-19 16:09:01","2026-05-19 16:09:01","2026-05-19 16:09:01","2026-05-20 11:23:14","X202605000367565","Y",""
"XDIST202605060004975357","엑셀수기배분","30054","롯데아울렛광주(직)","위탁","24S","DWSW68043","BKS","95","출고완료","10","10","0","10","이훈희(LEEHH1149)","2026-05-06","2026-05-19","2026-05-19 16:09:01","2026-05-19 16:09:01","2026-05-19 16:09:01","2026-05-20 11:23:14","X202605000367565","Y",""
"XDIST202605060004975357","엑셀수기배분","30056","롯데아울렛은평(직)","위탁","24S","DWSW68043","BKS","100","출고완료","6","6","0","6","이훈희(LEEHH1149)","2026-05-06","2026-05-19","2026-05-19 16:09:01","2026-05-19 16:09:01","2026-05-19 16:09:01","2026-05-20 15:13:01","X202605000367566","Y",""
"XDIST202605070004991091","MD요청-상품","31006","명동점(직)","위탁","25N","DXCP5015N","BKS","56","출고완료","2","2","0","2","장윤희(YHJANG)","2026-05-07","2026-05-08","2026-05-08 17:33:03","2026-05-08 17:33:03","2026-05-08 17:33:03","2026-05-09 13:23:01","X202605000554818","Y",""
"XDIST202605060004974321","MD요청-상품","50202","NC부천(대-위)","위탁","26S","DMRS8I063","IVS","115","출고완료","1","1","0","1","권현정(KHJEONG)","2026-05-06","2026-05-06","2026-05-06 17:26:09","2026-05-06 17:26:09","2026-05-06 17:26:09","2026-05-07 01:05:17","X202605000365199","Y",""
"XDIST202605060004974321","MD요청-상품","50205","NC강서(대-위)","위탁","26S","DMRS8I063","IVS","115","출고완료","1","1","0","1","권현정(KHJEONG)","2026-05-06","2026-05-06","2026-05-06 17:27:05","2026-05-06 17:27:05","2026-05-06 17:27:05","2026-05-07 01:05:18","X202605000365201","Y",""
"XDIST202605060004974321","MD요청-상품","31006","명동점(직)","위탁","26S","DMRS8I063","IVS","100","출고완료","1","1","0","1","권현정(KHJEONG)","2026-05-06","2026-05-06","2026-05-06 17:30:17","2026-05-06 17:30:17","2026-05-06 17:30:17","2026-05-07 11:53:09","X202605000365202","Y",""
"XDIST202605060004974321","MD요청-상품","50090","아산(대-위)","위탁","26S","DMRS8I063","IVS","115","출고완료","1","1","0","1","권현정(KHJEONG)","2026-05-06","2026-05-06","2026-05-06 17:27:05","2026-05-06 17:27:05","2026-05-06 17:27:05","2026-05-07 01:02:27","X202605000365209","Y",""
"XDIST202605060004974321","MD요청-상품","50090","아산(대-위)","위탁","26S","DMRS8I063","IVS","95","출고완료","2","2","0","2","권현정(KHJEONG)","2026-05-06","2026-05-06","2026-05-06 17:27:05","2026-05-06 17:27:05","2026-05-06 17:27:05","2026-05-07 01:02:27","X202605000365209","Y",""
"XDIST202605060004974321","MD요청-상품","10079","신세계하남","위탁","26S","DMRS8I063","IVS","115","출고완료","1","1","0","1","권현정(KHJEONG)","2026-05-06","2026-05-06","2026-05-06 17:26:10","2026-05-06 17:26:10","2026-05-06 17:26:10","2026-05-07 01:05:09","X202605000365221","Y",""
"XDIST202605060004974321","MD요청-상품","50180","동광양(대-위)","위탁","26S","DMRS8I063","IVS","95","출고완료","1","1","0","1","권현정(KHJEONG)","2026-05-06","2026-05-06","2026-05-06 17:30:17","2026-05-06 17:30:17","2026-05-06 17:30:17","2026-05-07 01:03:18","X202605000365224","Y",""
"XDIST202605060004974321","MD요청-상품","50140","에버랜드용인(대-위)","위탁","26S","DMRS8I063","IVS","115","출고완료","1","1","0","1","권현정(KHJEONG)","2026-05-06","2026-05-06","2026-05-06 17:30:17","2026-05-06 17:30:17","2026-05-06 17:30:17","2026-05-07 01:05:59","X202605000365226","Y",""
"XDIST202605060004974321","MD요청-상품","50103","광주흑석(대-위)","위탁","26S","DMRS8I063","IVS","115","출고완료","1","1","0","1","권현정(KHJEONG)","2026-05-06","2026-05-06","2026-05-06 17:31:06","2026-05-06 17:31:06","2026-05-06 17:31:06","2026-05-07 01:04:29","X202605000365236","Y",""
"XDIST202605060004974321","MD요청-상품","50191","타임테라스동탄(대-위)","위탁","26S","DMRS8I063","IVS","115","출고완료","1","1","0","1","권현정(KHJEONG)","2026-05-06","2026-05-06","2026-05-06 17:26:10","2026-05-06 17:26:10","2026-05-06 17:26:10","2026-05-07 01:03:03","X202605000365242","Y",""
"XDIST202605060004974321","MD요청-상품","50190","아트몰링하단(대-위)","위탁","26S","DMRS8I063","IVS","115","출고완료","1","1","0","1","권현정(KHJEONG)","2026-05-06","2026-05-06","2026-05-06 17:31:06","2026-05-06 17:31:06","2026-05-06 17:31:06","2026-05-07 01:04:31","X202605000365243","Y",""
"XDIST202605060004974321","MD요청-상품","50118","서산(대-위)","위탁","26S","DMRS8I063","IVS","115","출고완료","1","1","0","1","권현정(KHJEONG)","2026-05-06","2026-05-06","2026-05-06 17:27:05","2026-05-06 17:27:05","2026-05-06 17:27:05","2026-05-07 01:02:24","X202605000365254","Y",""
"XDIST202605070004991172","MD요청-상품","10005","롯데대전","위탁","25N","DXCP5015N","BLL","56","출고완료","1","1","0","1","장윤희(YHJANG)","2026-05-07","2026-05-08","2026-05-08 17:49:03","2026-05-08 17:49:03","2026-05-08 17:49:03","2026-05-09 01:02:13","X202605000554988","Y",""
"XDIST202605070004991172","MD요청-상품","10097","신세계대전","위탁","25N","DXCP5015N","BLL","58","출고완료","1","1","0","1","장윤희(YHJANG)","2026-05-07","2026-05-08","2026-05-08 17:33:04","2026-05-08 17:33:04","2026-05-08 17:33:04","2026-05-09 01:02:47","X202605000555007","Y",""
"XDIST202605070004991172","MD요청-상품","50119","보령(대-위)","위탁","25N","DXCP5015N","BLL","56","출고완료","1","1","0","1","장윤희(YHJANG)","2026-05-07","2026-05-08","2026-05-08 17:33:04","2026-05-08 17:33:04","2026-05-08 17:33:04","2026-05-09 01:02:43","X202605000555015","Y",""
"XDIST202605070004991172","MD요청-상품","10061","신세계대구","위탁","25N","DXCP5015N","BLL","58","출고완료","1","1","0","1","장윤희(YHJANG)","2026-05-07","2026-05-08","2026-05-08 17:49:03","2026-05-08 17:49:03","2026-05-08 17:49:03","2026-05-09 01:01:38","X202605000555018","Y",""
"XDIST202605070004991172","MD요청-상품","50120","춘천(대-위)","위탁","25N","DXCP5015N","BLL","58","출고완료","1","1","0","1","장윤희(YHJANG)","2026-05-07","2026-05-08","2026-05-08 17:49:03","2026-05-08 17:49:03","2026-05-08 17:49:03","2026-05-09 01:01:34","X202605000555021","Y",""
"XDIST202605070004991172","MD요청-상품","10067","현대울산동구","위탁","25N","DXCP5015N","BLL","58","출고완료","1","1","0","1","장윤희(YHJANG)","2026-05-07","2026-05-08","2026-05-08 17:49:03","2026-05-08 17:49:03","2026-05-08 17:49:03","2026-05-09 01:02:05","X202605000555028","Y",""
"XDIST202605070004991172","MD요청-상품","50005","여수(대-위)","위탁","25N","DXCP5015N","BLL","58","출고완료","1","1","0","1","장윤희(YHJANG)","2026-05-07","2026-05-08","2026-05-08 17:49:03","2026-05-08 17:49:03","2026-05-08 17:49:03","2026-05-09 01:02:40","X202605000555029","Y",""
"XDIST202605070004991172","MD요청-상품","10069","현대킨텍스","위탁","25N","DXCP5015N","BLL","58","출고완료","1","1","0","1","장윤희(YHJANG)","2026-05-07","2026-05-08","2026-05-08 17:49:03","2026-05-08 17:49:03","2026-05-08 17:49:03","2026-05-09 01:03:24","X202605000555033","Y",""
"XDIST202605060004974322","MD요청-상품","10048","아이파크용산","위탁","26S","DMRS8I063","KAD","100","출고완료","1","1","0","1","권현정(KHJEONG)","2026-05-06","2026-05-06","2026-05-06 17:26:10","2026-05-06 17:26:10","2026-05-06 17:26:10","2026-05-07 01:05:01","X202605000365268","Y",""
"XDIST202605070004991172","MD요청-상품","50095","진주정촌(대-위)","위탁","25N","DXCP5015N","BLL","58","출고완료","1","1","0","1","장윤희(YHJANG)","2026-05-07","2026-05-08","2026-05-08 17:49:03","2026-05-08 17:49:03","2026-05-08 17:49:03","2026-05-09 01:01:39","X202605000555040","Y",""
"XDIST202605070004991172","MD요청-상품","50095","진주정촌(대-위)","위탁","25N","DXCP5015N","BLL","56","출고완료","1","1","0","1","장윤희(YHJANG)","2026-05-07","2026-05-08","2026-05-08 17:49:03","2026-05-08 17:49:03","2026-05-08 17:49:03","2026-05-09 01:01:39","X202605000555040","Y",""
"XDIST202605070004991172","MD요청-상품","50131","시화(대-위)","위탁","25N","DXCP5015N","BLL","58","출고완료","1","1","0","1","장윤희(YHJANG)","2026-05-07","2026-05-08","2026-05-08 17:33:04","2026-05-08 17:33:04","2026-05-08 17:33:04","2026-05-09 01:02:49","X202605000555041","Y",""
"XDIST202605070004991172","MD요청-상품","50099","안양(대-위)","위탁","25N","DXCP5015N","BLL","58","출고완료","1","1","0","1","장윤희(YHJANG)","2026-05-07","2026-05-08","2026-05-08 17:33:04","2026-05-08 17:33:04","2026-05-08 17:33:04","2026-05-09 01:02:29","X202605000555044","Y",""
"XDIST202605070004991172","MD요청-상품","50135","현대시티대구(대-위)","위탁","25N","DXCP5015N","BLL","58","출고완료","1","1","0","1","장윤희(YHJANG)","2026-05-07","2026-05-08","2026-05-08 17:49:03","2026-05-08 17:49:03","2026-05-08 17:49:03","2026-05-09 01:02:41","X202605000555045","Y",""
"XDIST202605070004991172","MD요청-상품","50139","대구칠곡(대-위)","위탁","25N","DXCP5015N","BLL","58","출고완료","1","1","0","1","장윤희(YHJANG)","2026-05-07","2026-05-08","2026-05-08 17:33:04","2026-05-08 17:33:04","2026-05-08 17:33:04","2026-05-09 01:02:39","X202605000555052","Y",""
"XDIST202605070004991172","MD요청-상품","10079","신세계하남","위탁","25N","DXCP5015N","BLL","58","출고완료","1","1","0","1","장윤희(YHJANG)","2026-05-07","2026-05-08","2026-05-08 17:49:03","2026-05-08 17:49:03","2026-05-08 17:49:03","2026-05-09 01:03:30","X202605000555054","Y",""
"XDIST202605070004991172","MD요청-상품","50019","경주(대-위)","위탁","25N","DXCP5015N","BLL","58","출고완료","1","1","0","1","장윤희(YHJANG)","2026-05-07","2026-05-08","2026-05-08 17:49:03","2026-05-08 17:49:03","2026-05-08 17:49:03","2026-05-09 01:02:20","X202605000555055","Y",""
"XDIST202605070004991172","MD요청-상품","30050","타임스트림신림(직)","위탁","25N","DXCP5015N","BLL","56","출고완료","1","1","0","1","장윤희(YHJANG)","2026-05-07","2026-05-08","2026-05-08 17:33:04","2026-05-08 17:33:04","2026-05-08 17:33:04","2026-05-09 01:02:41","X202605000555057","Y",""
"XDIST202605070004991172","MD요청-상품","10051","롯데안산","위탁","25N","DXCP5015N","BLL","58","출고완료","1","1","0","1","장윤희(YHJANG)","2026-05-07","2026-05-08","2026-05-08 17:49:03","2026-05-08 17:49:03","2026-05-08 17:49:03","2026-05-09 01:03:18","X202605000555076","Y",""
"XDIST202605040004968716","엑셀수기배분","90019","EC-온라인물류","위탁","26S","DWRS94063","IVD","90","출고완료","15","15","0","15","박정민(PJM1003)","2026-05-04","2026-05-06","2026-05-06 17:19:01","2026-05-06 17:19:01","2026-05-06 17:19:01","2026-05-07 01:01:57","X202605000201526","Y",""
"XDIST202605040004968716","엑셀수기배분","90019","EC-온라인물류","위탁","26S","DWRS94063","BKS","85","출고완료","10","10","0","10","박정민(PJM1003)","2026-05-04","2026-05-06","2026-05-06 17:19:01","2026-05-06 17:19:01","2026-05-06 17:19:01","2026-05-07 01:01:57","X202605000201526","Y",""
"XDIST202605040004968716","엑셀수기배분","90019","EC-온라인물류","위탁","26S","DWRS94063","WHS","95","출고완료","10","10","0","10","박정민(PJM1003)","2026-05-04","2026-05-06","2026-05-06 17:19:01","2026-05-06 17:19:01","2026-05-06 17:19:01","2026-05-07 01:01:57","X202605000201526","Y",""
"XDIST202605040004968716","엑셀수기배분","90019","EC-온라인물류","위탁","26S","DWRS97063","DGS","100","출고완료","15","15","0","15","박정민(PJM1003)","2026-05-04","2026-05-06","2026-05-06 17:19:01","2026-05-06 17:19:01","2026-05-06 17:19:01","2026-05-07 01:01:53","X202605000201526","Y",""
"XDIST202605070004991172","MD요청-상품","50037","구미인동(대-위)","위탁","25N","DXCP5015N","BLL","58","출고완료","1","1","0","1","장윤희(YHJANG)","2026-05-07","2026-05-08","2026-05-08 17:33:04","2026-05-08 17:33:04","2026-05-08 17:33:04","2026-05-09 01:02:22","X202605000555088","Y",""
"XDIST202605070004991172","MD요청-상품","50158","대구동성로(대-위)","위탁","25N","DXCP5015N","BLL","58","출고완료","1","1","0","1","장윤희(YHJANG)","2026-05-07","2026-05-08","2026-05-08 17:33:04","2026-05-08 17:33:04","2026-05-08 17:33:04","2026-05-09 01:01:55","X202605000555089","Y",""
"XDIST202605070004989715","MD요청-상품","50096","LF스퀘어양주(대-위)","위탁","25N","DXCP5025N","BKS","58","출고완료","5","5","0","5","장윤희(YHJANG)","2026-05-07","2026-05-08","2026-05-08 17:49:02","2026-05-08 17:49:02","2026-05-08 17:49:02","2026-05-09 01:03:43","X202605000549976","Y",""
"XDIST202605070004989715","MD요청-상품","50118","서산(대-위)","위탁","25N","DXCP5025N","BKS","58","출고완료","5","5","0","5","장윤희(YHJANG)","2026-05-07","2026-05-08","2026-05-08 17:49:02","2026-05-08 17:49:02","2026-05-08 17:49:02","2026-05-09 01:01:35","X202605000549987","Y",""
"XDIST202605070004990400","MD요청-상품","50118","서산(대-위)","위탁","25N","DXCP5025N","KAL","58","출고완료","4","4","0","4","장윤희(YHJANG)","2026-05-07","2026-05-08","2026-05-08 17:49:03","2026-05-08 17:49:03","2026-05-08 17:49:03","2026-05-09 01:01:35","X202605000551840","Y",""
"XDIST202605070004990118","엑셀수기배분","10070","신세계강남","위탁","23N","DXSH7213N","BES","260","출고완료","2","2","0","2","김주형(RLAWNGUD14)","2026-05-07","2026-05-08","2026-05-08 17:33:03","2026-05-08 17:33:03","2026-05-08 17:33:03","2026-05-09 01:03:26","X202605000551333","Y",""
"XDIST202605080004993589","엑셀수기배분","90019","EC-온라인물류","위탁","25S","DMPT7I053","BKS","30","출고완료","5","5","0","5","허새흰(HEEN1)","2026-05-08","2026-05-08","2026-05-08 17:30:04","2026-05-08 17:30:04","2026-05-08 17:30:04","2026-05-09 01:01:22","X202605000617706","Y",""
"XDIST202605080004993589","엑셀수기배분","90019","EC-온라인물류","위탁","25S","DMWJ31051","BGD","115","출고완료","5","5","0","0","허새흰(HEEN1)","2026-05-08","2026-05-08","2026-05-08 17:30:04","2026-05-08 17:30:04","2026-05-08 17:30:04","","X202605000617707","Y",""
"XDIST202605080004993589","엑셀수기배분","90019","EC-온라인물류","위탁","25S","DMWJ3C051","GRD","100","출고완료","7","7","0","0","허새흰(HEEN1)","2026-05-08","2026-05-08","2026-05-08 17:30:04","2026-05-08 17:30:04","2026-05-08 17:30:04","","X202605000617707","Y",""
"XDIST202605080004993589","엑셀수기배분","90019","EC-온라인물류","위탁","25S","DWMT41051","MGL","95","출고완료","8","8","0","0","허새흰(HEEN1)","2026-05-08","2026-05-08","2026-05-08 17:30:04","2026-05-08 17:30:04","2026-05-08 17:30:04","","X202605000617708","Y",""
"XDIST202605080004993589","엑셀수기배분","90019","EC-온라인물류","위탁","25S","DWMT41051","WHS","90","출고완료","2","2","0","0","허새흰(HEEN1)","2026-05-08","2026-05-08","2026-05-08 17:30:04","2026-05-08 17:30:04","2026-05-08 17:30:04","","X202605000617708","Y",""
"XDIST202605080004993589","엑셀수기배분","90019","EC-온라인물류","위탁","25S","DWRS97053","NYD","100","출고완료","1","1","0","0","허새흰(HEEN1)","2026-05-08","2026-05-08","2026-05-08 17:30:04","2026-05-08 17:30:04","2026-05-08 17:30:04","","X202605000617710","Y",""
"XDIST202605080004993589","엑셀수기배분","90019","EC-온라인물류","위탁","24N","DXCR3114N","CRS","F","출고완료","3","3","0","3","허새흰(HEEN1)","2026-05-08","2026-05-08","2026-05-08 17:30:04","2026-05-08 17:30:04","2026-05-08 17:30:04","2026-05-09 01:01:22","X202605000617714","Y",""
"XDIST202605080004993589","엑셀수기배분","90019","EC-온라인물류","위탁","23N","DXSH4513N","BKS","260","출고완료","1","1","0","0","허새흰(HEEN1)","2026-05-08","2026-05-08","2026-05-08 17:30:04","2026-05-08 17:30:04","2026-05-08 17:30:04","","X202605000617716","Y",""
"XDIST202605070004991172","MD요청-상품","50162","영주(대-위)","위탁","25N","DXCP5015N","BLL","56","출고완료","1","1","0","1","장윤희(YHJANG)","2026-05-07","2026-05-08","2026-05-08 17:33:03","2026-05-08 17:33:03","2026-05-08 17:33:03","2026-05-09 01:02:16","X202605000554913","Y",""
"XDIST202605070004991172","MD요청-상품","50201","문경(대-위)","위탁","25N","DXCP5015N","BLL","56","출고완료","1","1","0","1","장윤희(YHJANG)","2026-05-07","2026-05-08","2026-05-08 17:49:03","2026-05-08 17:49:03","2026-05-08 17:49:03","2026-05-09 01:01:40","X202605000554919","Y",""
"XDIST202605070004991172","MD요청-상품","50047","순천중앙(대-위)","위탁","25N","DXCP5015N","BLL","56","출고완료","1","1","0","1","장윤희(YHJANG)","2026-05-07","2026-05-08","2026-05-08 17:33:03","2026-05-08 17:33:03","2026-05-08 17:33:03","2026-05-09 01:02:30","X202605000554920","Y",""
"XDIST202605070004991172","MD요청-상품","50205","NC강서(대-위)","위탁","25N","DXCP5015N","BLL","58","출고완료","1","1","0","1","장윤희(YHJANG)","2026-05-07","2026-05-08","2026-05-08 17:49:03","2026-05-08 17:49:03","2026-05-08 17:49:03","2026-05-09 01:03:35","X202605000554929","Y",""
"XDIST202605070004991172","MD요청-상품","31005","강남사옥(직)","위탁","25N","DXCP5015N","BLL","56","출고완료","1","1","0","1","장윤희(YHJANG)","2026-05-07","2026-05-08","2026-05-08 17:33:03","2026-05-08 17:33:03","2026-05-08 17:33:03","2026-05-09 10:03:36","X202605000554932","Y",""
"XDIST202605070004991172","MD요청-상품","10027","롯데평촌","위탁","25N","DXCP5015N","BLL","58","출고완료","1","1","0","1","장윤희(YHJANG)","2026-05-07","2026-05-08","2026-05-08 17:49:03","2026-05-08 17:49:03","2026-05-08 17:49:03","2026-05-09 01:03:20","X202605000554933","Y",""
"XDIST202605070004991172","MD요청-상품","50178","태백(대-위)","위탁","25N","DXCP5015N","BLL","58","출고완료","1","1","0","1","장윤희(YHJANG)","2026-05-07","2026-05-08","2026-05-08 17:33:03","2026-05-08 17:33:03","2026-05-08 17:33:03","2026-05-09 01:01:49","X202605000554952","Y",""
"XDIST202605070004991172","MD요청-상품","10081","신세계스타일마켓","위탁","25N","DXCP5015N","BLL","58","출고완료","2","2","0","2","장윤희(YHJANG)","2026-05-07","2026-05-08","2026-05-08 17:49:03","2026-05-08 17:49:03","2026-05-08 17:49:03","2026-05-09 01:02:12","X202605000554960","Y",""
"XDIST202605070004991172","MD요청-상품","10081","신세계스타일마켓","위탁","25N","DXCP5015N","BLL","56","출고완료","1","1","0","1","장윤희(YHJANG)","2026-05-07","2026-05-08","2026-05-08 17:49:03","2026-05-08 17:49:03","2026-05-08 17:49:03","2026-05-09 01:02:12","X202605000554960","Y",""
"XDIST202605070004991172","MD요청-상품","50180","동광양(대-위)","위탁","25N","DXCP5015N","BLL","58","출고완료","1","1","0","1","장윤희(YHJANG)","2026-05-07","2026-05-08","2026-05-08 17:33:03","2026-05-08 17:33:03","2026-05-08 17:33:03","2026-05-09 01:01:51","X202605000554962","Y",""
"XDIST202605070004991172","MD요청-상품","50184","천안쌍용(대-위)","위탁","25N","DXCP5015N","BLL","58","출고완료","1","1","0","1","장윤희(YHJANG)","2026-05-07","2026-05-08","2026-05-08 17:33:03","2026-05-08 17:33:03","2026-05-08 17:33:03","2026-05-09 01:02:50","X202605000554967","Y",""
"XDIST202605070004991172","MD요청-상품","10009","현대신촌","위탁","25N","DXCP5015N","BLL","56","출고완료","1","1","0","1","장윤희(YHJANG)","2026-05-07","2026-05-08","2026-05-08 17:49:03","2026-05-08 17:49:03","2026-05-08 17:49:03","2026-05-09 01:03:21","X202605000554968","Y",""
"XDIST202605070004991172","MD요청-상품","50063","스퀘어원(대-위)","위탁","25N","DXCP5015N","BLL","58","출고완료","1","1","0","1","장윤희(YHJANG)","2026-05-07","2026-05-08","2026-05-08 17:33:03","2026-05-08 17:33:03","2026-05-08 17:33:03","2026-05-09 01:03:50","X202605000554969","Y",""
"XDIST202605060004973611","MD요청-상품","50156","익산영등(대-위)","위탁","26S","DXTB7A063","DTD","30","출고완료","1","1","0","1","권현정(KHJEONG)","2026-05-06","2026-05-06","2026-05-06 17:30:16","2026-05-06 17:30:16","2026-05-06 17:30:16","2026-05-07 01:02:48","X202605000364313","Y",""
"XDIST202605060004981672","엑셀수기배분","30024","롯데아울렛부여(직)","위탁","24S","DMPT57043","NBD","32","출고완료","3","3","0","3","이훈희(LEEHH1149)","2026-05-06","2026-05-07","2026-05-07 17:07:01","2026-05-07 17:07:01","2026-05-07 17:07:01","2026-05-08 01:02:16","X202605000399036","Y",""
"XDIST202605060004981672","엑셀수기배분","30024","롯데아울렛부여(직)","위탁","24S","DMPT7C043","BKS","34","출고완료","3","3","0","3","이훈희(LEEHH1149)","2026-05-06","2026-05-07","2026-05-07 17:07:01","2026-05-07 17:07:01","2026-05-07 17:07:01","2026-05-08 01:02:53","X202605000399036","Y",""
"XDIST202605060004981672","엑셀수기배분","30024","롯데아울렛부여(직)","위탁","24S","DMTP51043","IVD","32","출고완료","3","3","0","3","이훈희(LEEHH1149)","2026-05-06","2026-05-07","2026-05-07 17:07:02","2026-05-07 17:07:02","2026-05-07 17:07:02","2026-05-08 01:02:16","X202605000399038","Y",""
"XDIST202605060004981672","엑셀수기배분","30024","롯데아울렛부여(직)","위탁","24S","DMTP67043","GRS","34","출고완료","3","3","0","3","이훈희(LEEHH1149)","2026-05-06","2026-05-07","2026-05-07 17:07:02","2026-05-07 17:07:02","2026-05-07 17:07:02","2026-05-08 01:02:15","X202605000399038","Y",""
"XDIST202605060004981672","엑셀수기배분","30024","롯데아울렛부여(직)","위탁","24S","DWTP68043","BKS","29","출고완료","2","2","0","2","이훈희(LEEHH1149)","2026-05-06","2026-05-07","2026-05-07 17:07:02","2026-05-07 17:07:02","2026-05-07 17:07:02","2026-05-08 01:02:17","X202605000399038","Y",""
"XDIST202605060004981672","엑셀수기배분","30024","롯데아울렛부여(직)","위탁","24S","DMTR61043","INS","110","출고완료","2","2","0","2","이훈희(LEEHH1149)","2026-05-06","2026-05-07","2026-05-07 17:07:02","2026-05-07 17:07:02","2026-05-07 17:07:02","2026-05-08 01:02:16","X202605000399039","Y",""
"XDIST202605060004981672","엑셀수기배분","30024","롯데아울렛부여(직)","위탁","24S","DWTR52043","IVD","100","출고완료","2","2","0","2","이훈희(LEEHH1149)","2026-05-06","2026-05-07","2026-05-07 17:07:02","2026-05-07 17:07:02","2026-05-07 17:07:02","2026-05-08 01:02:32","X202605000399039","Y",""
"XDIST202605060004981672","엑셀수기배분","30024","롯데아울렛부여(직)","위탁","24S","DXTR75043","IVS","110","출고완료","3","3","0","3","이훈희(LEEHH1149)","2026-05-06","2026-05-07","2026-05-07 17:07:02","2026-05-07 17:07:02","2026-05-07 17:07:02","2026-05-08 01:02:41","X202605000399039","Y",""
"XDIST202605060004981672","엑셀수기배분","30024","롯데아울렛부여(직)","위탁","24S","DMTS73043","CRS","105","출고완료","3","3","0","3","이훈희(LEEHH1149)","2026-05-06","2026-05-07","2026-05-07 17:07:02","2026-05-07 17:07:02","2026-05-07 17:07:02","2026-05-08 01:02:12","X202605000399040","Y",""
"XDIST202605060004981672","엑셀수기배분","30024","롯데아울렛부여(직)","위탁","24S","DMTS73043","CRS","115","출고완료","2","2","0","2","이훈희(LEEHH1149)","2026-05-06","2026-05-07","2026-05-07 17:07:02","2026-05-07 17:07:02","2026-05-07 17:07:02","2026-05-08 01:02:12","X202605000399040","Y",""
"XDIST202605060004981672","엑셀수기배분","30024","롯데아울렛부여(직)","위탁","24S","DMTSGI043","NYD","110","출고완료","2","2","0","2","이훈희(LEEHH1149)","2026-05-06","2026-05-07","2026-05-07 17:07:02","2026-05-07 17:07:02","2026-05-07 17:07:02","2026-05-08 01:02:12","X202605000399040","Y",""
"XDIST202605060004981672","엑셀수기배분","30024","롯데아울렛부여(직)","위탁","24S","DMTSGQ043","CAS","95","출고완료","2","2","0","2","이훈희(LEEHH1149)","2026-05-06","2026-05-07","2026-05-07 17:07:02","2026-05-07 17:07:02","2026-05-07 17:07:02","2026-05-08 01:02:16","X202605000399040","Y",""
"XDIST202605060004981672","엑셀수기배분","30024","롯데아울렛부여(직)","위탁","24S","DMTSGQ043","GRD","110","출고완료","2","2","0","2","이훈희(LEEHH1149)","2026-05-06","2026-05-07","2026-05-07 17:07:02","2026-05-07 17:07:02","2026-05-07 17:07:02","2026-05-08 01:02:17","X202605000399040","Y",""
"XDIST202605060004981672","엑셀수기배분","30024","롯데아울렛부여(직)","위탁","24S","DMWJ63043","BKS","100","출고완료","5","5","0","5","이훈희(LEEHH1149)","2026-05-06","2026-05-07","2026-05-07 17:07:02","2026-05-07 17:07:02","2026-05-07 17:07:02","2026-05-08 01:02:37","X202605000399041","Y",""
"XDIST202605060004981672","엑셀수기배분","30024","롯데아울렛부여(직)","위탁","24S","DMWJ63043","EGS","110","출고완료","3","3","0","3","이훈희(LEEHH1149)","2026-05-06","2026-05-07","2026-05-07 17:07:02","2026-05-07 17:07:02","2026-05-07 17:07:02","2026-05-08 01:02:53","X202605000399041","Y",""
"XDIST202605060004981672","엑셀수기배분","30024","롯데아울렛부여(직)","위탁","24S","DWWJ93043","LYS","90","출고완료","10","10","0","10","이훈희(LEEHH1149)","2026-05-06","2026-05-07","2026-05-07 17:07:02","2026-05-07 17:07:02","2026-05-07 17:07:02","2026-05-08 01:02:53","X202605000399041","Y",""
"XDIST202605060004981672","엑셀수기배분","30024","롯데아울렛부여(직)","위탁","24S","DWWJ93043","MTS","95","출고완료","10","10","0","10","이훈희(LEEHH1149)","2026-05-06","2026-05-07","2026-05-07 17:07:02","2026-05-07 17:07:02","2026-05-07 17:07:02","2026-05-08 01:02:57","X202605000399041","Y",""
"XDIST202605060004981672","엑셀수기배분","30024","롯데아울렛부여(직)","위탁","24S","DWWJ94043","PKS","100","출고완료","4","4","0","4","이훈희(LEEHH1149)","2026-05-06","2026-05-07","2026-05-07 17:07:02","2026-05-07 17:07:02","2026-05-07 17:07:02","2026-05-08 01:02:16","X202605000399041","Y",""
"XDIST202605060004981672","엑셀수기배분","30024","롯데아울렛부여(직)","위탁","24S","DWWJ94043","PKS","90","출고완료","3","3","0","3","이훈희(LEEHH1149)","2026-05-06","2026-05-07","2026-05-07 17:07:02","2026-05-07 17:07:02","2026-05-07 17:07:02","2026-05-08 01:02:17","X202605000399041","Y",""
"XDIST202605060004981672","엑셀수기배분","30024","롯데아울렛부여(직)","위탁","24S","DXRS6A043","CBL","105","출고완료","3","3","0","3","이훈희(LEEHH1149)","2026-05-06","2026-05-07","2026-05-07 17:07:02","2026-05-07 17:07:02","2026-05-07 17:07:02","2026-05-08 01:02:41","X202605000399042","Y",""
"XDIST202605060004981672","엑셀수기배분","30024","롯데아울렛부여(직)","위탁","24S","DXRS7G043","ORD","105","출고완료","2","2","0","2","이훈희(LEEHH1149)","2026-05-06","2026-05-07","2026-05-07 17:07:02","2026-05-07 17:07:02","2026-05-07 17:07:02","2026-05-08 01:02:12","X202605000399042","Y",""
"XDIST202605070004990173","MD요청-상품","50096","LF스퀘어양주(대-위)","위탁","25N","DXCP5025N","GRD","58","출고완료","3","3","0","3","장윤희(YHJANG)","2026-05-07","2026-05-08","2026-05-08 17:49:02","2026-05-08 17:49:02","2026-05-08 17:49:02","2026-05-09 01:03:43","X202605000551556","Y",""
"XDIST202605070004990173","MD요청-상품","50023","순천연향(대-위)","위탁","25N","DXCP5025N","GRD","58","출고완료","2","2","0","2","장윤희(YHJANG)","2026-05-07","2026-05-08","2026-05-08 17:49:02","2026-05-08 17:49:02","2026-05-08 17:49:02","2026-05-09 01:02:12","X202605000551560","Y",""
"XDIST202605070004991545","MD요청-상품","10029","롯데상인","위탁","25N","DXCP5015N","LVS","56","출고완료","1","1","0","1","장윤희(YHJANG)","2026-05-07","2026-05-08","2026-05-08 17:49:03","2026-05-08 17:49:03","2026-05-08 17:49:03","2026-05-09 01:02:23","X202605000555813","Y",""
"XDIST202605070004991545","MD요청-상품","50166","진영(대-위)","위탁","25N","DXCP5015N","LVS","56","출고완료","1","1","0","1","장윤희(YHJANG)","2026-05-07","2026-05-08","2026-05-08 17:33:04","2026-05-08 17:33:04","2026-05-08 17:33:04","2026-05-09 01:02:44","X202605000555817","Y",""
"XDIST202605070004991545","MD요청-상품","50165","청주율량(대-위)","위탁","25N","DXCP5015N","LVS","56","출고완료","1","1","0","1","장윤희(YHJANG)","2026-05-07","2026-05-08","2026-05-08 17:33:04","2026-05-08 17:33:04","2026-05-08 17:33:04","2026-05-09 01:01:58","X202605000555818","Y",""
"XDIST202605070004991545","MD요청-상품","10021","신세계천안아산","위탁","25N","DXCP5015N","LVS","58","출고완료","1","1","0","1","장윤희(YHJANG)","2026-05-07","2026-05-08","2026-05-08 17:49:03","2026-05-08 17:49:03","2026-05-08 17:49:03","2026-05-09 01:03:03","X202605000555821","Y",""
"XDIST202605070004991545","MD요청-상품","10020","롯데청량리","위탁","25N","DXCP5015N","LVS","56","출고완료","1","1","0","1","장윤희(YHJANG)","2026-05-07","2026-05-08","2026-05-08 17:33:04","2026-05-08 17:33:04","2026-05-08 17:33:04","2026-05-09 01:03:13","X202605000555824","Y",""
"XDIST202605070004991545","MD요청-상품","10022","롯데광주","위탁","25N","DXCP5015N","LVS","56","출고완료","1","1","0","1","장윤희(YHJANG)","2026-05-07","2026-05-08","2026-05-08 17:49:03","2026-05-08 17:49:03","2026-05-08 17:49:03","2026-05-09 01:01:41","X202605000555825","Y",""
"XDIST202605070004991545","MD요청-상품","31005","강남사옥(직)","위탁","25N","DXCP5015N","LVS","58","출고완료","1","1","0","1","장윤희(YHJANG)","2026-05-07","2026-05-08","2026-05-08 17:33:04","2026-05-08 17:33:04","2026-05-08 17:33:04","2026-05-09 10:03:36","X202605000555827","Y",""
"XDIST202605060004974318","MD요청-상품","50053","전주송천(대-위)","위탁","26S","DWRS9N063","CRS","85","출고완료","1","1","0","1","권현정(KHJEONG)","2026-05-06","2026-05-06","2026-05-06 17:26:09","2026-05-06 17:26:09","2026-05-06 17:26:09","2026-05-07 01:03:12","X202605000365172","Y",""
"XDIST202605060004974318","MD요청-상품","50167","부산광복(대-위)","위탁","26S","DWRS9N063","CRS","100","출고완료","1","1","0","1","권현정(KHJEONG)","2026-05-06","2026-05-06","2026-05-06 17:30:17","2026-05-06 17:30:17","2026-05-06 17:30:17","2026-05-07 01:03:20","X202605000365174","Y",""
"XDIST202605060004974320","MD요청-상품","50065","화성봉담(대-위)","위탁","26S","DWRS9N063","NYD","90","출고완료","1","1","0","1","권현정(KHJEONG)","2026-05-06","2026-05-06","2026-05-06 17:26:09","2026-05-06 17:26:09","2026-05-06 17:26:09","2026-05-07 01:02:59","X202605000365181","Y",""
"XDIST202605060004974320","MD요청-상품","50090","아산(대-위)","위탁","26S","DWRS9N063","NYD","95","출고완료","1","1","0","1","권현정(KHJEONG)","2026-05-06","2026-05-06","2026-05-06 17:27:05","2026-05-06 17:27:05","2026-05-06 17:27:05","2026-05-07 01:02:59","X202605000365185","Y",""
"XDIST202605060004974320","MD요청-상품","50090","아산(대-위)","위탁","26S","DWRS9N063","NYD","90","출고완료","1","1","0","1","권현정(KHJEONG)","2026-05-06","2026-05-06","2026-05-06 17:27:05","2026-05-06 17:27:05","2026-05-06 17:27:05","2026-05-07 01:02:59","X202605000365185","Y",""
"XDIST202605070004991710","MD요청-상품","50096","LF스퀘어양주(대-위)","위탁","25N","DXCP6015N","WHS","60","출고완료","2","2","0","2","장윤희(YHJANG)","2026-05-07","2026-05-08","2026-05-08 17:49:04","2026-05-08 17:49:04","2026-05-08 17:49:04","2026-05-09 01:03:43","X202605000556543","Y",""
"XDIST202605070004991710","MD요청-상품","31006","명동점(직)","위탁","25N","DXCP6015N","WHS","56","출고완료","3","3","0","3","장윤희(YHJANG)","2026-05-07","2026-05-08","2026-05-08 17:33:05","2026-05-08 17:33:05","2026-05-08 17:33:05","2026-05-09 13:23:00","X202605000556547","Y",""
"XDIST202605070004991545","MD요청-상품","50055","창원중앙(대-위)","위탁","25N","DXCP5015N","LVS","56","출고완료","1","1","0","1","장윤희(YHJANG)","2026-05-07","2026-05-08","2026-05-08 17:33:04","2026-05-08 17:33:04","2026-05-08 17:33:04","2026-05-09 01:01:59","X202605000555840","Y",""
"XDIST202605070004991545","MD요청-상품","50184","천안쌍용(대-위)","위탁","25N","DXCP5015N","LVS","56","출고완료","1","1","0","1","장윤희(YHJANG)","2026-05-07","2026-05-08","2026-05-08 17:33:04","2026-05-08 17:33:04","2026-05-08 17:33:04","2026-05-09 01:02:50","X202605000555852","Y",""
"XDIST202605070004991545","MD요청-상품","50064","포천송우(대-위)","위탁","25N","DXCP5015N","LVS","56","출고완료","1","1","0","1","장윤희(YHJANG)","2026-05-07","2026-05-08","2026-05-08 17:49:03","2026-05-08 17:49:03","2026-05-08 17:49:03","2026-05-09 01:02:44","X202605000555856","Y",""
"XDIST202605070004991545","MD요청-상품","50187","인천계산(대-위)","위탁","25N","DXCP5015N","LVS","56","출고완료","1","1","0","1","장윤희(YHJANG)","2026-05-07","2026-05-08","2026-05-08 17:33:04","2026-05-08 17:33:04","2026-05-08 17:33:04","2026-05-09 01:02:32","X202605000555858","Y",""
"XDIST202605070004991545","MD요청-상품","10005","롯데대전","위탁","25N","DXCP5015N","LVS","56","출고완료","1","1","0","1","장윤희(YHJANG)","2026-05-07","2026-05-08","2026-05-08 17:49:03","2026-05-08 17:49:03","2026-05-08 17:49:03","2026-05-09 01:02:13","X202605000555866","Y",""
"XDIST202605070004991545","MD요청-상품","10090","신세계영등포","위탁","25N","DXCP5015N","LVS","56","출고완료","1","1","0","1","장윤희(YHJANG)","2026-05-07","2026-05-08","2026-05-08 17:49:03","2026-05-08 17:49:03","2026-05-08 17:49:03","2026-05-09 01:03:28","X202605000555867","Y",""
"XDIST202605070004991545","MD요청-상품","50074","모다인천(대-위)","위탁","25N","DXCP5015N","LVS","58","출고완료","1","1","0","1","장윤희(YHJANG)","2026-05-07","2026-05-08","2026-05-08 17:49:03","2026-05-08 17:49:03","2026-05-08 17:49:03","2026-05-09 01:01:38","X202605000555872","Y",""
"XDIST202605070004991545","MD요청-상품","50114","원주중앙(대-위)","위탁","25N","DXCP5015N","LVS","56","출고완료","2","2","0","2","장윤희(YHJANG)","2026-05-07","2026-05-08","2026-05-08 17:49:03","2026-05-08 17:49:03","2026-05-08 17:49:03","2026-05-09 01:02:24","X202605000555878","Y",""
"XDIST202605070004991639","MD요청-상품","10021","신세계천안아산","위탁","25N","DXCP5015N","ORS","56","출고완료","1","1","0","1","장윤희(YHJANG)","2026-05-07","2026-05-08","2026-05-08 17:49:03","2026-05-08 17:49:03","2026-05-08 17:49:03","2026-05-09 01:03:03","X202605000556241","Y",""
"XDIST202605070004991639","MD요청-상품","50202","NC부천(대-위)","위탁","25N","DXCP5015N","ORS","58","출고완료","1","1","0","1","장윤희(YHJANG)","2026-05-07","2026-05-08","2026-05-08 17:49:03","2026-05-08 17:49:03","2026-05-08 17:49:03","2026-05-09 01:03:34","X202605000556244","Y",""
"XDIST202605070004991639","MD요청-상품","50205","NC강서(대-위)","위탁","25N","DXCP5015N","ORS","58","출고완료","1","1","0","1","장윤희(YHJANG)","2026-05-07","2026-05-08","2026-05-08 17:49:03","2026-05-08 17:49:03","2026-05-08 17:49:03","2026-05-09 01:03:35","X202605000556245","Y",""
"XDIST202605070004991639","MD요청-상품","50174","구미중앙(대-위)","위탁","25N","DXCP5015N","ORS","56","출고완료","1","1","0","1","장윤희(YHJANG)","2026-05-07","2026-05-08","2026-05-08 17:33:04","2026-05-08 17:33:04","2026-05-08 17:33:04","2026-05-09 01:02:37","X202605000556257","Y",""
"XDIST202605070004991639","MD요청-상품","50179","나주(대-위)","위탁","25N","DXCP5015N","ORS","56","출고완료","1","1","0","1","장윤희(YHJANG)","2026-05-07","2026-05-08","2026-05-08 17:33:04","2026-05-08 17:33:04","2026-05-08 17:33:04","2026-05-09 01:01:59","X202605000556262","Y",""
"XDIST202605070004991639","MD요청-상품","10080","엔터6왕십리","위탁","25N","DXCP5015N","ORS","56","출고완료","1","1","0","1","장윤희(YHJANG)","2026-05-07","2026-05-08","2026-05-08 17:33:04","2026-05-08 17:33:04","2026-05-08 17:33:04","2026-05-09 01:03:42","X202605000556267","Y",""
"XDIST202605070004991639","MD요청-상품","10007","롯데부산","위탁","25N","DXCP5015N","ORS","58","출고완료","1","1","0","1","장윤희(YHJANG)","2026-05-07","2026-05-08","2026-05-08 17:49:03","2026-05-08 17:49:03","2026-05-08 17:49:03","2026-05-09 01:01:34","X202605000556269","Y",""
"XDIST202605070004991639","MD요청-상품","50063","스퀘어원(대-위)","위탁","25N","DXCP5015N","ORS","58","출고완료","1","1","0","1","장윤희(YHJANG)","2026-05-07","2026-05-08","2026-05-08 17:33:04","2026-05-08 17:33:04","2026-05-08 17:33:04","2026-05-09 01:03:50","X202605000556272","Y",""
"XDIST202605040004958986","엑셀수기배분","11023","K_신세계마산","위탁","26S","DKRS63063","ABS","130","출고완료","1","1","0","1","김소진(SOJIN1027)","2026-05-04","2026-05-04","2026-05-04 18:58:14","2026-05-04 18:58:14","2026-05-04 18:58:14","2026-05-05 01:05:47","X202605000175454","Y",""
"XDIST202605040004958986","엑셀수기배분","11024","K_롯데잠실","위탁","26S","DKRS72063","LYL","120","출고완료","1","1","0","1","김소진(SOJIN1027)","2026-05-04","2026-05-04","2026-05-04 18:59:02","2026-05-04 18:59:02","2026-05-04 18:59:02","2026-05-05 08:33:00","X202605000175458","Y",""
"XDIST202605040004958986","엑셀수기배분","11024","K_롯데잠실","위탁","26S","DKTR16063","SBL","140","출고완료","1","1","0","1","김소진(SOJIN1027)","2026-05-04","2026-05-04","2026-05-04 18:59:02","2026-05-04 18:59:02","2026-05-04 18:59:02","2026-05-05 08:33:00","X202605000175460","Y",""
"XDIST202605040004958986","엑셀수기배분","31003","K_롯데아울렛파주(직)","위탁","26S","DKAZ22063","WHS","140","출고완료","1","1","0","1","김소진(SOJIN1027)","2026-05-04","2026-05-04","2026-05-04 18:58:14","2026-05-04 18:58:14","2026-05-04 18:58:14","2026-05-05 01:10:16","X202605000175461","Y",""
"XDIST202605040004958986","엑셀수기배분","50053","전주송천(대-위)","위탁","26S","DKAZ26063","BKS","130","출고완료","1","1","0","1","김소진(SOJIN1027)","2026-05-04","2026-05-04","2026-05-04 18:58:14","2026-05-04 18:58:14","2026-05-04 18:58:14","2026-05-05 01:06:57","X202605000175464","Y",""
"XDIST202605040004958986","엑셀수기배분","50053","전주송천(대-위)","위탁","26S","DKRS72063","LYL","130","출고완료","1","1","0","1","김소진(SOJIN1027)","2026-05-04","2026-05-04","2026-05-04 18:58:14","2026-05-04 18:58:14","2026-05-04 18:58:14","2026-05-05 01:06:34","X202605000175467","Y",""
"XDIST202605040004958986","엑셀수기배분","50053","전주송천(대-위)","위탁","26S","DKRS93063","WHS","150","출고완료","1","1","0","1","김소진(SOJIN1027)","2026-05-04","2026-05-04","2026-05-04 18:58:14","2026-05-04 18:58:14","2026-05-04 18:58:14","2026-05-05 01:05:38","X202605000175467","Y",""
"XDIST202605040004958986","엑셀수기배분","50053","전주송천(대-위)","위탁","26S","DKSP13063","BGL","160","출고완료","1","1","0","1","김소진(SOJIN1027)","2026-05-04","2026-05-04","2026-05-04 18:58:14","2026-05-04 18:58:14","2026-05-04 18:58:14","2026-05-05 01:06:34","X202605000175468","Y",""
"XDIST202605070004991545","MD요청-상품","50119","보령(대-위)","위탁","25N","DXCP5015N","LVS","56","출고완료","1","1","0","1","장윤희(YHJANG)","2026-05-07","2026-05-08","2026-05-08 17:33:04","2026-05-08 17:33:04","2026-05-08 17:33:04","2026-05-09 01:02:43","X202605000555881","Y",""
"XDIST202605070004991545","MD요청-상품","50138","현대시티동대문(대-위)","위탁","25N","DXCP5015N","LVS","56","출고완료","1","1","0","1","장윤희(YHJANG)","2026-05-07","2026-05-08","2026-05-08 17:49:03","2026-05-08 17:49:03","2026-05-08 17:49:03","2026-05-09 01:03:48","X202605000555906","Y",""
"XDIST202605070004991545","MD요청-상품","10041","현대충청","위탁","25N","DXCP5015N","LVS","56","출고완료","1","1","0","1","장윤희(YHJANG)","2026-05-07","2026-05-08","2026-05-08 17:33:04","2026-05-08 17:33:04","2026-05-08 17:33:04","2026-05-09 01:02:11","X202605000555908","Y",""
"XDIST202605070004991545","MD요청-상품","10046","갤러리아센터시티","위탁","25N","DXCP5015N","LVS","58","출고완료","1","1","0","1","장윤희(YHJANG)","2026-05-07","2026-05-08","2026-05-08 17:49:03","2026-05-08 17:49:03","2026-05-08 17:49:03","2026-05-09 01:02:04","X202605000555920","Y",""
"XDIST202605070004991545","MD요청-상품","10048","아이파크용산","위탁","25N","DXCP5015N","LVS","58","출고완료","1","1","0","1","장윤희(YHJANG)","2026-05-07","2026-05-08","2026-05-08 17:49:03","2026-05-08 17:49:03","2026-05-08 17:49:03","2026-05-09 01:03:23","X202605000555921","Y",""
"XDIST202605070004991545","MD요청-상품","10050","롯데본점","위탁","25N","DXCP5015N","LVS","58","출고완료","1","1","0","1","장윤희(YHJANG)","2026-05-07","2026-05-08","2026-05-08 17:49:03","2026-05-08 17:49:03","2026-05-08 17:49:03","2026-05-09 01:03:10","X202605000555922","Y",""
"XDIST202605070004991545","MD요청-상품","50154","LF스퀘어연수(대-위)","위탁","25N","DXCP5015N","LVS","56","출고완료","1","1","0","1","장윤희(YHJANG)","2026-05-07","2026-05-08","2026-05-08 17:49:03","2026-05-08 17:49:03","2026-05-08 17:49:03","2026-05-09 01:03:45","X202605000555927","Y",""
"XDIST202605070004991639","MD요청-상품","10011","롯데미아","위탁","25N","DXCP5015N","ORS","56","출고완료","1","1","0","1","장윤희(YHJANG)","2026-05-07","2026-05-08","2026-05-08 17:33:04","2026-05-08 17:33:04","2026-05-08 17:33:04","2026-05-09 01:03:15","X202605000556299","Y",""
"XDIST202605070004991639","MD요청-상품","10060","AK수원","위탁","25N","DXCP5015N","ORS","56","출고완료","1","1","0","1","장윤희(YHJANG)","2026-05-07","2026-05-08","2026-05-08 17:49:03","2026-05-08 17:49:03","2026-05-08 17:49:03","2026-05-09 01:03:41","X202605000556306","Y",""
"XDIST202605070004991639","MD요청-상품","10064","현대천호","위탁","25N","DXCP5015N","ORS","56","출고완료","1","1","0","1","장윤희(YHJANG)","2026-05-07","2026-05-08","2026-05-08 17:33:04","2026-05-08 17:33:04","2026-05-08 17:33:04","2026-05-09 01:03:21","X202605000556313","Y",""
"XDIST202605070004991639","MD요청-상품","10068","현대판교","위탁","25N","DXCP5015N","ORS","58","출고완료","1","1","0","1","장윤희(YHJANG)","2026-05-07","2026-05-08","2026-05-08 17:33:04","2026-05-08 17:33:04","2026-05-08 17:33:04","2026-05-09 01:03:24","X202605000556318","Y",""
"XDIST202605070004991639","MD요청-상품","50092","모다울산(대-위)","위탁","25N","DXCP5015N","ORS","56","출고완료","1","1","0","1","장윤희(YHJANG)","2026-05-07","2026-05-08","2026-05-08 17:33:04","2026-05-08 17:33:04","2026-05-08 17:33:04","2026-05-09 01:02:20","X202605000556320","Y",""
"XDIST202605070004991639","MD요청-상품","50096","LF스퀘어양주(대-위)","위탁","25N","DXCP5015N","ORS","56","출고완료","1","1","0","1","장윤희(YHJANG)","2026-05-07","2026-05-08","2026-05-08 17:49:03","2026-05-08 17:49:03","2026-05-08 17:49:03","2026-05-09 01:03:43","X202605000556321","Y",""
"XDIST202605070004991639","MD요청-상품","10041","현대충청","위탁","25N","DXCP5015N","ORS","56","출고완료","1","1","0","1","장윤희(YHJANG)","2026-05-07","2026-05-08","2026-05-08 17:33:04","2026-05-08 17:33:04","2026-05-08 17:33:04","2026-05-09 01:02:11","X202605000556329","Y",""
"XDIST202605080004993592","엑셀수기배분","30028","광주상무(직)","위탁","25S","DKRS7A053","BKS","150","출고완료","2","2","0","2","김주형(RLAWNGUD14)","2026-05-08","2026-05-08","2026-05-08 17:46:01","2026-05-08 17:46:01","2026-05-08 17:46:01","2026-05-09 01:01:56","X202605000617763","Y",""
"XDIST202605080004993592","엑셀수기배분","30028","광주상무(직)","위탁","25S","DKTB73053","BKS","150","출고완료","2","2","0","2","김주형(RLAWNGUD14)","2026-05-08","2026-05-08","2026-05-08 17:46:01","2026-05-08 17:46:01","2026-05-08 17:46:01","2026-05-09 01:01:56","X202605000617764","Y",""
"XDIST202605080004993592","엑셀수기배분","30028","광주상무(직)","위탁","25S","DKTB73053","NBD","140","출고완료","2","2","0","2","김주형(RLAWNGUD14)","2026-05-08","2026-05-08","2026-05-08 17:46:01","2026-05-08 17:46:01","2026-05-08 17:46:01","2026-05-09 01:02:09","X202605000617764","Y",""
"XDIST202605080004993592","엑셀수기배분","30028","광주상무(직)","위탁","25S","DMRS81053","MTL","110","출고완료","2","2","0","2","김주형(RLAWNGUD14)","2026-05-08","2026-05-08","2026-05-08 17:46:01","2026-05-08 17:46:01","2026-05-08 17:46:01","2026-05-09 01:01:54","X202605000617765","Y",""
"XDIST202605080004993592","엑셀수기배분","30028","광주상무(직)","위탁","25S","DMRS81053","NBD","105","출고완료","2","2","0","2","김주형(RLAWNGUD14)","2026-05-08","2026-05-08","2026-05-08 17:46:01","2026-05-08 17:46:01","2026-05-08 17:46:01","2026-05-09 01:01:47","X202605000617765","Y",""
"XDIST202605080004993592","엑셀수기배분","30028","광주상무(직)","위탁","25S","DMRS85053","LKS","100","출고완료","2","2","0","2","김주형(RLAWNGUD14)","2026-05-08","2026-05-08","2026-05-08 17:46:01","2026-05-08 17:46:01","2026-05-08 17:46:01","2026-05-09 01:01:56","X202605000617765","Y",""
"XDIST202605080004993592","엑셀수기배분","30028","광주상무(직)","위탁","25S","DWRS82053","NBD","95","출고완료","1","1","0","1","김주형(RLAWNGUD14)","2026-05-08","2026-05-08","2026-05-08 17:46:01","2026-05-08 17:46:01","2026-05-08 17:46:01","2026-05-09 01:01:46","X202605000617765","Y",""
"XDIST202605080004993592","엑셀수기배분","30028","광주상무(직)","위탁","25S","DWRS9A053","GRD","95","출고완료","1","1","0","1","김주형(RLAWNGUD14)","2026-05-08","2026-05-08","2026-05-08 17:46:01","2026-05-08 17:46:01","2026-05-08 17:46:01","2026-05-09 01:01:43","X202605000617765","Y",""
"XDIST202605080004993592","엑셀수기배분","30028","광주상무(직)","위탁","25S","DWRS9P053","WID","95","출고완료","1","1","0","1","김주형(RLAWNGUD14)","2026-05-08","2026-05-08","2026-05-08 17:46:01","2026-05-08 17:46:01","2026-05-08 17:46:01","2026-05-09 01:01:43","X202605000617765","Y",""
"XDIST202605080004993592","엑셀수기배분","30028","광주상무(직)","위탁","25S","DXRS8R053","BKS","100","출고완료","1","1","0","1","김주형(RLAWNGUD14)","2026-05-08","2026-05-08","2026-05-08 17:46:01","2026-05-08 17:46:01","2026-05-08 17:46:01","2026-05-09 01:01:37","X202605000617765","Y",""
"XDIST202605080004993592","엑셀수기배분","30028","광주상무(직)","위탁","25S","DXRS8T053","WHS","110","출고완료","2","2","0","2","김주형(RLAWNGUD14)","2026-05-08","2026-05-08","2026-05-08 17:46:01","2026-05-08 17:46:01","2026-05-08 17:46:01","2026-05-09 01:01:43","X202605000617765","Y",""
"XDIST202605080004993592","엑셀수기배분","30028","광주상무(직)","위탁","25S","DMTB67053","BKS","34","출고완료","1","1","0","1","김주형(RLAWNGUD14)","2026-05-08","2026-05-08","2026-05-08 17:46:01","2026-05-08 17:46:01","2026-05-08 17:46:01","2026-05-09 01:01:43","X202605000617766","Y",""
"XDIST202605080004993592","엑셀수기배분","30028","광주상무(직)","위탁","25S","DWTB91053","BKS","26","출고완료","2","2","0","2","김주형(RLAWNGUD14)","2026-05-08","2026-05-08","2026-05-08 17:46:01","2026-05-08 17:46:01","2026-05-08 17:46:01","2026-05-09 01:01:43","X202605000617766","Y",""
"XDIST202605080004993592","엑셀수기배분","30028","광주상무(직)","위탁","25S","DWTB9B053","BKS","26","출고완료","1","1","0","1","김주형(RLAWNGUD14)","2026-05-08","2026-05-08","2026-05-08 17:46:01","2026-05-08 17:46:01","2026-05-08 17:46:01","2026-05-09 01:01:43","X202605000617766","Y",""
"XDIST202605080004993592","엑셀수기배분","30028","광주상무(직)","위탁","25S","DWTB9B053","NBD","27","출고완료","2","2","0","2","김주형(RLAWNGUD14)","2026-05-08","2026-05-08","2026-05-08 17:46:01","2026-05-08 17:46:01","2026-05-08 17:46:01","2026-05-09 01:01:43","X202605000617766","Y",""
"XDIST202605080004993592","엑셀수기배분","30028","광주상무(직)","위탁","25S","DXTB7A053","BGL","30","출고완료","2","2","0","2","김주형(RLAWNGUD14)","2026-05-08","2026-05-08","2026-05-08 17:46:01","2026-05-08 17:46:01","2026-05-08 17:46:01","2026-05-09 01:01:43","X202605000617766","Y",""
"XDIST202605080004993592","엑셀수기배분","30028","광주상무(직)","위탁","25S","DXTB7A053","BKS","28","출고완료","1","1","0","1","김주형(RLAWNGUD14)","2026-05-08","2026-05-08","2026-05-08 17:46:01","2026-05-08 17:46:01","2026-05-08 17:46:01","2026-05-09 01:01:52","X202605000617766","Y",""
"XDIST202605080004993592","엑셀수기배분","30028","광주상무(직)","위탁","25S","DMTP33051","BGD","34","출고완료","2","2","0","2","김주형(RLAWNGUD14)","2026-05-08","2026-05-08","2026-05-08 17:46:01","2026-05-08 17:46:01","2026-05-08 17:46:01","2026-05-09 01:01:37","X202605000617767","Y",""
"XDIST202605080004993592","엑셀수기배분","30028","광주상무(직)","위탁","25S","DMTP73053","BKS","30","출고완료","1","1","0","1","김주형(RLAWNGUD14)","2026-05-08","2026-05-08","2026-05-08 17:46:02","2026-05-08 17:46:02","2026-05-08 17:46:02","2026-05-09 01:01:43","X202605000617767","Y",""
"XDIST202605080004993592","엑셀수기배분","30028","광주상무(직)","위탁","25S","DWTP74053","BKS","25","출고완료","1","1","0","1","김주형(RLAWNGUD14)","2026-05-08","2026-05-08","2026-05-08 17:46:02","2026-05-08 17:46:02","2026-05-08 17:46:02","2026-05-09 01:01:46","X202605000617767","Y",""
"XDIST202605080004993592","엑셀수기배분","30028","광주상무(직)","위탁","25S","DXTP77053","BKS","36","출고완료","1","1","0","1","김주형(RLAWNGUD14)","2026-05-08","2026-05-08","2026-05-08 17:46:02","2026-05-08 17:46:02","2026-05-08 17:46:02","2026-05-09 01:01:46","X202605000617767","Y",""
"XDIST202605080004993592","엑셀수기배분","30028","광주상무(직)","위탁","25S","DMTR75053","NBD","95","출고완료","2","2","0","2","김주형(RLAWNGUD14)","2026-05-08","2026-05-08","2026-05-08 17:46:02","2026-05-08 17:46:02","2026-05-08 17:46:02","2026-05-09 01:01:47","X202605000617768","Y",""
"XDIST202605080004993592","엑셀수기배분","30028","광주상무(직)","위탁","25S","DXTR7E053","BKS","95","출고완료","1","1","0","1","김주형(RLAWNGUD14)","2026-05-08","2026-05-08","2026-05-08 17:46:02","2026-05-08 17:46:02","2026-05-08 17:46:02","2026-05-09 01:01:43","X202605000617768","Y",""
"XDIST202605080004993592","엑셀수기배분","30028","광주상무(직)","위탁","25S","DMTS63053","MDS","100","출고완료","2","2","0","2","김주형(RLAWNGUD14)","2026-05-08","2026-05-08","2026-05-08 17:46:02","2026-05-08 17:46:02","2026-05-08 17:46:02","2026-05-09 01:01:43","X202605000617769","Y",""
"XDIST202605080004993592","엑셀수기배분","30028","광주상무(직)","위탁","25S","DMTS65053","BKS","105","출고완료","2","2","0","2","김주형(RLAWNGUD14)","2026-05-08","2026-05-08","2026-05-08 17:46:02","2026-05-08 17:46:02","2026-05-08 17:46:02","2026-05-09 01:01:37","X202605000617769","Y",""
"XDIST202605080004993592","엑셀수기배분","30028","광주상무(직)","위탁","25S","DMTS6A053","BKS","105","출고완료","1","1","0","1","김주형(RLAWNGUD14)","2026-05-08","2026-05-08","2026-05-08 17:46:02","2026-05-08 17:46:02","2026-05-08 17:46:02","2026-05-09 01:01:43","X202605000617769","Y",""
"XDIST202605080004993592","엑셀수기배분","30028","광주상무(직)","위탁","25S","DMTS73053","BKS","100","출고완료","2","2","0","2","김주형(RLAWNGUD14)","2026-05-08","2026-05-08","2026-05-08 17:46:02","2026-05-08 17:46:02","2026-05-08 17:46:02","2026-05-09 01:01:43","X202605000617769","Y",""
"XDIST202605080004993592","엑셀수기배분","50157","충주(대-위)","위탁","25S","DKTB73053","BKS","160","출고완료","1","1","0","1","김주형(RLAWNGUD14)","2026-05-08","2026-05-08","2026-05-08 17:32:01","2026-05-08 17:32:01","2026-05-08 17:32:01","2026-05-09 01:02:26","X202605000617771","Y",""
"XDIST202605080004993592","엑셀수기배분","50157","충주(대-위)","위탁","25S","DKTB75053","BKS","150","출고완료","1","1","0","1","김주형(RLAWNGUD14)","2026-05-08","2026-05-08","2026-05-08 17:32:01","2026-05-08 17:32:01","2026-05-08 17:32:01","2026-05-09 01:02:26","X202605000617771","Y",""
"XDIST202605080004993592","엑셀수기배분","50157","충주(대-위)","위탁","25S","DMRS63053","WHS","105","출고완료","3","3","0","3","김주형(RLAWNGUD14)","2026-05-08","2026-05-08","2026-05-08 17:32:01","2026-05-08 17:32:01","2026-05-08 17:32:01","2026-05-09 01:01:45","X202605000617772","Y",""
"XDIST202605080004993592","엑셀수기배분","50157","충주(대-위)","위탁","25S","DMRS81053","DKS","100","출고완료","1","1","0","1","김주형(RLAWNGUD14)","2026-05-08","2026-05-08","2026-05-08 17:32:01","2026-05-08 17:32:01","2026-05-08 17:32:01","2026-05-09 01:02:08","X202605000617772","Y",""
"XDIST202605080004993592","엑셀수기배분","50157","충주(대-위)","위탁","25S","DMRS85053","LKS","110","출고완료","1","1","0","1","김주형(RLAWNGUD14)","2026-05-08","2026-05-08","2026-05-08 17:32:01","2026-05-08 17:32:01","2026-05-08 17:32:01","2026-05-09 01:02:26","X202605000617772","Y",""
"XDIST202605080004993592","엑셀수기배분","50157","충주(대-위)","위탁","25S","DMRS8W053","NYS","100","출고완료","1","1","0","1","김주형(RLAWNGUD14)","2026-05-08","2026-05-08","2026-05-08 17:32:01","2026-05-08 17:32:01","2026-05-08 17:32:01","2026-05-09 01:02:26","X202605000617772","Y",""
"XDIST202605080004993592","엑셀수기배분","50157","충주(대-위)","위탁","25S","DWRS9A053","BKS","95","출고완료","1","1","0","1","김주형(RLAWNGUD14)","2026-05-08","2026-05-08","2026-05-08 17:32:01","2026-05-08 17:32:01","2026-05-08 17:32:01","2026-05-09 01:02:08","X202605000617772","Y",""
"XDIST202605080004993592","엑셀수기배분","50157","충주(대-위)","위탁","25S","DWRS9L053","WHS","95","출고완료","1","1","0","1","김주형(RLAWNGUD14)","2026-05-08","2026-05-08","2026-05-08 17:32:02","2026-05-08 17:32:02","2026-05-08 17:32:02","2026-05-09 01:02:06","X202605000617772","Y",""
"XDIST202605080004993592","엑셀수기배분","50157","충주(대-위)","위탁","25S","DWRS9P053","MTL","95","출고완료","1","1","0","1","김주형(RLAWNGUD14)","2026-05-08","2026-05-08","2026-05-08 17:32:02","2026-05-08 17:32:02","2026-05-08 17:32:02","2026-05-09 01:02:06","X202605000617772","Y",""
"XDIST202605080004993592","엑셀수기배분","50157","충주(대-위)","위탁","25S","DXRS8T053","WHS","105","출고완료","1","1","0","1","김주형(RLAWNGUD14)","2026-05-08","2026-05-08","2026-05-08 17:32:02","2026-05-08 17:32:02","2026-05-08 17:32:02","2026-05-09 01:02:26","X202605000617772","Y",""
"XDIST202605080004993592","엑셀수기배분","50157","충주(대-위)","위탁","25S","DWTB91053","BKS","27","출고완료","2","2","0","2","김주형(RLAWNGUD14)","2026-05-08","2026-05-08","2026-05-08 17:32:02","2026-05-08 17:32:02","2026-05-08 17:32:02","2026-05-09 01:01:45","X202605000617773","Y",""
"XDIST202605080004993592","엑셀수기배분","50157","충주(대-위)","위탁","25S","DWTB94053","BKS","28","출고완료","2","2","0","2","김주형(RLAWNGUD14)","2026-05-08","2026-05-08","2026-05-08 17:32:02","2026-05-08 17:32:02","2026-05-08 17:32:02","2026-05-09 01:02:26","X202605000617773","Y",""
"XDIST202605080004993592","엑셀수기배분","50157","충주(대-위)","위탁","25S","DWTB9B053","BKS","27","출고완료","1","1","0","1","김주형(RLAWNGUD14)","2026-05-08","2026-05-08","2026-05-08 17:32:02","2026-05-08 17:32:02","2026-05-08 17:32:02","2026-05-09 01:02:04","X202605000617773","Y",""
"XDIST202605080004993592","엑셀수기배분","50157","충주(대-위)","위탁","25S","DXTB7A053","BKS","27","출고완료","1","1","0","1","김주형(RLAWNGUD14)","2026-05-08","2026-05-08","2026-05-08 17:32:02","2026-05-08 17:32:02","2026-05-08 17:32:02","2026-05-09 01:02:26","X202605000617773","Y",""
"XDIST202605080004993592","엑셀수기배분","50157","충주(대-위)","위탁","25S","DXTB7A053","GRD","34","출고완료","1","1","0","1","김주형(RLAWNGUD14)","2026-05-08","2026-05-08","2026-05-08 17:32:02","2026-05-08 17:32:02","2026-05-08 17:32:02","2026-05-09 01:02:08","X202605000617773","Y",""
"XDIST202605080004993592","엑셀수기배분","50157","충주(대-위)","위탁","25S","DXTB7A053","GRD","36","출고완료","1","1","0","1","김주형(RLAWNGUD14)","2026-05-08","2026-05-08","2026-05-08 17:32:02","2026-05-08 17:32:02","2026-05-08 17:32:02","2026-05-09 01:02:26","X202605000617773","Y",""
"XDIST202605080004993592","엑셀수기배분","50157","충주(대-위)","위탁","25S","DMTP61053","BKS","32","출고완료","1","1","0","1","김주형(RLAWNGUD14)","2026-05-08","2026-05-08","2026-05-08 17:32:02","2026-05-08 17:32:02","2026-05-08 17:32:02","2026-05-09 01:01:45","X202605000617774","Y",""
"XDIST202605080004993592","엑셀수기배분","50157","충주(대-위)","위탁","25S","DMTP63053","BKS","32","출고완료","1","1","0","1","김주형(RLAWNGUD14)","2026-05-08","2026-05-08","2026-05-08 17:32:02","2026-05-08 17:32:02","2026-05-08 17:32:02","2026-05-09 01:01:45","X202605000617774","Y",""
"XDIST202605080004993592","엑셀수기배분","50157","충주(대-위)","위탁","25S","DXTP77053","BKS","30","출고완료","1","1","0","1","김주형(RLAWNGUD14)","2026-05-08","2026-05-08","2026-05-08 17:32:02","2026-05-08 17:32:02","2026-05-08 17:32:02","2026-05-09 01:02:01","X202605000617774","Y",""
"XDIST202605080004993592","엑셀수기배분","50157","충주(대-위)","위탁","25S","DXTR7E053","BGS","90","출고완료","1","1","0","1","김주형(RLAWNGUD14)","2026-05-08","2026-05-08","2026-05-08 17:32:02","2026-05-08 17:32:02","2026-05-08 17:32:02","2026-05-09 01:02:06","X202605000617775","Y",""
"XDIST202605080004993592","엑셀수기배분","50157","충주(대-위)","위탁","25S","DXTR7E053","BGS","95","출고완료","1","1","0","1","김주형(RLAWNGUD14)","2026-05-08","2026-05-08","2026-05-08 17:32:02","2026-05-08 17:32:02","2026-05-08 17:32:02","2026-05-09 01:02:04","X202605000617775","Y",""
"XDIST202605080004993592","엑셀수기배분","50157","충주(대-위)","위탁","25S","DMTS63053","MDS","100","출고완료","2","2","0","2","김주형(RLAWNGUD14)","2026-05-08","2026-05-08","2026-05-08 17:32:02","2026-05-08 17:32:02","2026-05-08 17:32:02","2026-05-09 01:02:01","X202605000617776","Y",""
"XDIST202605080004993592","엑셀수기배분","50157","충주(대-위)","위탁","25S","DMTS6A053","BKS","105","출고완료","1","1","0","1","김주형(RLAWNGUD14)","2026-05-08","2026-05-08","2026-05-08 17:32:02","2026-05-08 17:32:02","2026-05-08 17:32:02","2026-05-09 01:01:45","X202605000617776","Y",""
"XDIST202605080004993592","엑셀수기배분","50157","충주(대-위)","위탁","25S","DMTS73053","BKS","100","출고완료","2","2","0","2","김주형(RLAWNGUD14)","2026-05-08","2026-05-08","2026-05-08 17:32:02","2026-05-08 17:32:02","2026-05-08 17:32:02","2026-05-09 01:02:01","X202605000617776","Y",""
"XDIST202605080004993592","엑셀수기배분","50157","충주(대-위)","위탁","25S","DMTS73053","BKS","110","출고완료","1","1","0","1","김주형(RLAWNGUD14)","2026-05-08","2026-05-08","2026-05-08 17:32:02","2026-05-08 17:32:02","2026-05-08 17:32:02","2026-05-09 01:02:06","X202605000617776","Y",""
"XDIST202605080004993592","엑셀수기배분","50157","충주(대-위)","위탁","25S","DMTS73053","WHS","105","출고완료","1","1","0","1","김주형(RLAWNGUD14)","2026-05-08","2026-05-08","2026-05-08 17:32:02","2026-05-08 17:32:02","2026-05-08 17:32:02","2026-05-09 01:02:01","X202605000617776","Y",""
"XDIST202605080004993592","엑셀수기배분","50190","아트몰링하단(대-위)","위탁","25S","DWRS9H053","BRD","95","출고완료","2","2","0","2","김주형(RLAWNGUD14)","2026-05-08","2026-05-08","2026-05-08 17:33:10","2026-05-08 17:33:10","2026-05-08 17:33:10","2026-05-09 01:01:56","X202605000617778","Y",""
"XDIST202605080004993592","엑셀수기배분","50190","아트몰링하단(대-위)","위탁","25S","DXRS8T053","DGS","115","출고완료","1","1","0","1","김주형(RLAWNGUD14)","2026-05-08","2026-05-08","2026-05-08 17:33:10","2026-05-08 17:33:10","2026-05-08 17:33:10","2026-05-09 01:01:56","X202605000617778","Y",""
"XDIST202605080004993592","엑셀수기배분","50190","아트몰링하단(대-위)","위탁","25S","DXRS8T053","SBL","100","출고완료","1","1","0","1","김주형(RLAWNGUD14)","2026-05-08","2026-05-08","2026-05-08 17:33:10","2026-05-08 17:33:10","2026-05-08 17:33:10","2026-05-09 01:02:09","X202605000617778","Y",""
"XDIST202605080004993592","엑셀수기배분","50190","아트몰링하단(대-위)","위탁","25S","DMSB61053","NYD","32","출고완료","1","1","0","1","김주형(RLAWNGUD14)","2026-05-08","2026-05-08","2026-05-08 17:33:10","2026-05-08 17:33:10","2026-05-08 17:33:10","2026-05-09 01:02:06","X202605000617779","Y",""
"XDIST202605080004993592","엑셀수기배분","50190","아트몰링하단(대-위)","위탁","25S","DMSB71053","BKS","30","출고완료","1","1","0","1","김주형(RLAWNGUD14)","2026-05-08","2026-05-08","2026-05-08 17:33:10","2026-05-08 17:33:10","2026-05-08 17:33:10","2026-05-09 01:02:07","X202605000617779","Y",""
"XDIST202605080004993592","엑셀수기배분","50190","아트몰링하단(대-위)","위탁","25S","DMSB71053","DGS","36","출고완료","1","1","0","1","김주형(RLAWNGUD14)","2026-05-08","2026-05-08","2026-05-08 17:33:10","2026-05-08 17:33:10","2026-05-08 17:33:10","2026-05-09 01:02:03","X202605000617779","Y",""
"XDIST202605080004993592","엑셀수기배분","50190","아트몰링하단(대-위)","위탁","25S","DWSB62053","PKD","26","출고완료","1","1","0","1","김주형(RLAWNGUD14)","2026-05-08","2026-05-08","2026-05-08 17:33:10","2026-05-08 17:33:10","2026-05-08 17:33:10","2026-05-09 01:02:07","X202605000617779","Y",""
"XDIST202605080004993592","엑셀수기배분","50190","아트몰링하단(대-위)","위탁","25S","DWSB62053","PKD","28","출고완료","1","1","0","1","김주형(RLAWNGUD14)","2026-05-08","2026-05-08","2026-05-08 17:33:10","2026-05-08 17:33:10","2026-05-08 17:33:10","2026-05-09 01:02:09","X202605000617779","Y",""
"XDIST202605080004993592","엑셀수기배분","50190","아트몰링하단(대-위)","위탁","25S","DWSB76053","CAD","27","출고완료","1","1","0","1","김주형(RLAWNGUD14)","2026-05-08","2026-05-08","2026-05-08 17:33:10","2026-05-08 17:33:10","2026-05-08 17:33:10","2026-05-09 01:02:03","X202605000617779","Y",""
"XDIST202605080004993592","엑셀수기배분","50190","아트몰링하단(대-위)","위탁","25S","DMSP7C053","KAL","30","출고완료","1","1","0","1","김주형(RLAWNGUD14)","2026-05-08","2026-05-08","2026-05-08 17:33:10","2026-05-08 17:33:10","2026-05-08 17:33:10","2026-05-09 01:02:07","X202605000617780","Y",""
"XDIST202605080004993592","엑셀수기배분","50190","아트몰링하단(대-위)","위탁","25S","DMSP7C053","KAL","34","출고완료","1","1","0","1","김주형(RLAWNGUD14)","2026-05-08","2026-05-08","2026-05-08 17:33:10","2026-05-08 17:33:10","2026-05-08 17:33:10","2026-05-09 01:02:07","X202605000617780","Y",""
"XDIST202605080004993592","엑셀수기배분","50190","아트몰링하단(대-위)","위탁","25S","DMSW65053","INS","100","출고완료","1","1","0","1","김주형(RLAWNGUD14)","2026-05-08","2026-05-08","2026-05-08 17:33:11","2026-05-08 17:33:11","2026-05-08 17:33:11","2026-05-09 01:02:02","X202605000617781","Y",""
"XDIST202605080004993592","엑셀수기배분","50190","아트몰링하단(대-위)","위탁","25S","DMSW75053","BKS","105","출고완료","1","1","0","1","김주형(RLAWNGUD14)","2026-05-08","2026-05-08","2026-05-08 17:33:11","2026-05-08 17:33:11","2026-05-08 17:33:11","2026-05-09 01:02:07","X202605000617781","Y",""
"XDIST202605080004993592","엑셀수기배분","50190","아트몰링하단(대-위)","위탁","25S","DWSW92053","BKS","95","출고완료","1","1","0","1","김주형(RLAWNGUD14)","2026-05-08","2026-05-08","2026-05-08 17:33:11","2026-05-08 17:33:11","2026-05-08 17:33:11","2026-05-09 01:02:06","X202605000617781","Y",""
"XDIST202605080004993592","엑셀수기배분","50190","아트몰링하단(대-위)","위탁","25S","DMTR75053","NBD","100","출고완료","1","1","0","1","김주형(RLAWNGUD14)","2026-05-08","2026-05-08","2026-05-08 17:33:11","2026-05-08 17:33:11","2026-05-08 17:33:11","2026-05-09 01:02:09","X202605000617784","Y",""
"XDIST202605080004993592","엑셀수기배분","50190","아트몰링하단(대-위)","위탁","25S","DMTS63053","MDS","105","출고완료","1","1","0","1","김주형(RLAWNGUD14)","2026-05-08","2026-05-08","2026-05-08 17:33:11","2026-05-08 17:33:11","2026-05-08 17:33:11","2026-05-09 01:01:56","X202605000617785","Y",""
"XDIST202605080004993592","엑셀수기배분","50190","아트몰링하단(대-위)","위탁","25S","DMWJ71053","OLD","100","출고완료","1","1","0","1","김주형(RLAWNGUD14)","2026-05-08","2026-05-08","2026-05-08 17:33:11","2026-05-08 17:33:11","2026-05-08 17:33:11","2026-05-09 01:02:02","X202605000617786","Y",""
"XDIST202605080004993592","엑셀수기배분","50190","아트몰링하단(대-위)","위탁","25S","DWWJ91053","OLS","100","출고완료","1","1","0","1","김주형(RLAWNGUD14)","2026-05-08","2026-05-08","2026-05-08 17:33:11","2026-05-08 17:33:11","2026-05-08 17:33:11","2026-05-09 01:02:02","X202605000617786","Y",""
"XDIST202605080004993592","엑셀수기배분","50190","아트몰링하단(대-위)","위탁","25S","DWLG91053","GRS","S","출고완료","1","1","0","1","김주형(RLAWNGUD14)","2026-05-08","2026-05-08","2026-05-08 17:33:11","2026-05-08 17:33:11","2026-05-08 17:33:11","2026-05-09 01:02:06","X202605000617787","Y",""
"XDIST202605080004993592","엑셀수기배분","50190","아트몰링하단(대-위)","위탁","25S","DWLG9E053","BKS","S","출고완료","1","1","0","1","김주형(RLAWNGUD14)","2026-05-08","2026-05-08","2026-05-08 17:33:11","2026-05-08 17:33:11","2026-05-08 17:33:11","2026-05-09 01:02:06","X202605000617787","Y",""
"XDIST202605080004993592","엑셀수기배분","50190","아트몰링하단(대-위)","위탁","25S","DWSK91053","BKS","26","출고완료","1","1","0","1","김주형(RLAWNGUD14)","2026-05-08","2026-05-08","2026-05-08 17:33:11","2026-05-08 17:33:11","2026-05-08 17:33:11","2026-05-09 01:02:07","X202605000617788","Y",""
"XDIST202605080004993592","엑셀수기배분","50190","아트몰링하단(대-위)","위탁","25S","DWSK91053","NBD","27","출고완료","1","1","0","1","김주형(RLAWNGUD14)","2026-05-08","2026-05-08","2026-05-08 17:33:11","2026-05-08 17:33:11","2026-05-08 17:33:11","2026-05-09 01:01:56","X202605000617788","Y",""
"XDIST202605080004993592","엑셀수기배분","50190","아트몰링하단(대-위)","위탁","25S","DWSK91053","OLD","25","출고완료","1","1","0","1","김주형(RLAWNGUD14)","2026-05-08","2026-05-08","2026-05-08 17:33:11","2026-05-08 17:33:11","2026-05-08 17:33:11","2026-05-09 01:02:07","X202605000617788","Y",""
"XDIST202605060004973614","MD요청-상품","10081","신세계스타일마켓","위탁","26S","DXTR7C063","BKS","105","출고완료","2","2","0","2","권현정(KHJEONG)","2026-05-06","2026-05-06","2026-05-06 17:27:04","2026-05-06 17:27:04","2026-05-06 17:27:04","2026-05-07 01:02:37","X202605000364316","Y",""
"XDIST202605060004973614","MD요청-상품","50165","청주율량(대-위)","위탁","26S","DXTR7C063","BKS","100","출고완료","2","2","0","2","권현정(KHJEONG)","2026-05-06","2026-05-06","2026-05-06 17:30:16","2026-05-06 17:30:16","2026-05-06 17:30:16","2026-05-07 01:03:34","X202605000364321","Y",""
"XDIST202605060004973614","MD요청-상품","50157","충주(대-위)","위탁","26S","DXTR7C063","BKS","95","출고완료","1","1","0","1","권현정(KHJEONG)","2026-05-06","2026-05-06","2026-05-06 17:30:16","2026-05-06 17:30:16","2026-05-06 17:30:16","2026-05-07 01:04:20","X202605000364322","Y",""
"XDIST202605060004973614","MD요청-상품","50168","모다김제(대-위)","위탁","26S","DXTR7C063","BKS","100","출고완료","2","2","0","2","권현정(KHJEONG)","2026-05-06","2026-05-06","2026-05-06 17:30:16","2026-05-06 17:30:16","2026-05-06 17:30:16","2026-05-07 01:03:29","X202605000364323","Y",""
"XDIST202605070004990849","MD요청-상품","31006","명동점(직)","위탁","25N","DXCP5015N","BGS","56","출고완료","4","4","0","4","장윤희(YHJANG)","2026-05-07","2026-05-08","2026-05-08 17:33:03","2026-05-08 17:33:03","2026-05-08 17:33:03","2026-05-09 13:23:00","X202605000553283","Y",""
"XDIST202605070004984929","MD요청-상품","50201","문경(대-위)","위탁","26S","DKAZ22063","WHS","140","출고완료","1","1","0","1","김소진(SOJIN1027)","2026-05-07","2026-05-07","2026-05-07 17:07:08","2026-05-07 17:07:08","2026-05-07 17:07:08","2026-05-08 01:02:27","X202605000487184","Y",""
"XDIST202605070004984929","MD요청-상품","50126","강릉(대-위)","위탁","26S","DKAZ22063","WHS","150","출고완료","1","1","0","1","김소진(SOJIN1027)","2026-05-07","2026-05-07","2026-05-07 16:54:08","2026-05-07 16:54:08","2026-05-07 16:54:08","2026-05-08 01:02:49","X202605000487186","Y",""
"XDIST202605070004984929","MD요청-상품","50204","인천만수(대-위)","위탁","26S","DKAZ22063","WHS","150","출고완료","1","1","0","1","김소진(SOJIN1027)","2026-05-07","2026-05-07","2026-05-07 17:07:08","2026-05-07 17:07:08","2026-05-07 17:07:08","2026-05-08 01:04:32","X202605000487189","Y",""
"XDIST202605070004984929","MD요청-상품","50006","제주(대-위)","위탁","26S","DKAZ22063","WHS","150","출고완료","1","1","0","1","김소진(SOJIN1027)","2026-05-07","2026-05-07","2026-05-07 16:54:08","2026-05-07 16:54:08","2026-05-07 16:54:08","2026-05-08 01:02:45","X202605000487190","Y",""
"XDIST202605070004984929","MD요청-상품","11008","K_AK수원","위탁","26S","DKAZ22063","WHS","150","출고완료","1","1","0","1","김소진(SOJIN1027)","2026-05-07","2026-05-07","2026-05-07 17:08:01","2026-05-07 17:08:01","2026-05-07 17:08:01","2026-05-08 01:03:51","X202605000487193","Y",""
"XDIST202605070004984929","MD요청-상품","50179","나주(대-위)","위탁","26S","DKAZ22063","WHS","150","출고완료","1","1","0","1","김소진(SOJIN1027)","2026-05-07","2026-05-07","2026-05-07 16:54:08","2026-05-07 16:54:08","2026-05-07 16:54:08","2026-05-08 01:02:37","X202605000487199","Y",""
"XDIST202605070004984929","MD요청-상품","50179","나주(대-위)","위탁","26S","DKAZ22063","WHS","140","출고완료","1","1","0","1","김소진(SOJIN1027)","2026-05-07","2026-05-07","2026-05-07 16:54:08","2026-05-07 16:54:08","2026-05-07 16:54:08","2026-05-08 01:02:17","X202605000487199","Y",""
"XDIST202605070004984929","MD요청-상품","50180","동광양(대-위)","위탁","26S","DKAZ22063","WHS","150","출고완료","1","1","0","1","김소진(SOJIN1027)","2026-05-07","2026-05-07","2026-05-07 16:54:08","2026-05-07 16:54:08","2026-05-07 16:54:08","2026-05-08 01:02:35","X202605000487209","Y",""
"XDIST202605070004984929","MD요청-상품","50180","동광양(대-위)","위탁","26S","DKAZ22063","WHS","140","출고완료","1","1","0","1","김소진(SOJIN1027)","2026-05-07","2026-05-07","2026-05-07 16:54:08","2026-05-07 16:54:08","2026-05-07 16:54:08","2026-05-08 01:02:35","X202605000487209","Y",""
"XDIST202605070004984929","MD요청-상품","50182","금왕(대-위)","위탁","26S","DKAZ22063","WHS","130","출고완료","1","1","0","1","김소진(SOJIN1027)","2026-05-07","2026-05-07","2026-05-07 16:54:08","2026-05-07 16:54:08","2026-05-07 16:54:08","2026-05-08 01:02:44","X202605000487210","Y",""
"XDIST202605070004984929","MD요청-상품","50065","화성봉담(대-위)","위탁","26S","DKAZ22063","WHS","150","출고완료","1","1","0","1","김소진(SOJIN1027)","2026-05-07","2026-05-07","2026-05-07 17:07:08","2026-05-07 17:07:08","2026-05-07 17:07:08","2026-05-08 01:02:17","X202605000487215","Y",""
"XDIST202605070004984929","MD요청-상품","50065","화성봉담(대-위)","위탁","26S","DKAZ22063","WHS","130","출고완료","1","1","0","1","김소진(SOJIN1027)","2026-05-07","2026-05-07","2026-05-07 17:07:08","2026-05-07 17:07:08","2026-05-07 17:07:08","2026-05-08 01:02:12","X202605000487215","Y",""
"XDIST202605070004984929","MD요청-상품","50186","영광(대-위)","위탁","26S","DKAZ22063","WHS","150","출고완료","1","1","0","1","김소진(SOJIN1027)","2026-05-07","2026-05-07","2026-05-07 16:54:08","2026-05-07 16:54:08","2026-05-07 16:54:08","2026-05-08 01:02:27","X202605000487216","Y",""
"XDIST202605070004991696","MD요청-상품","50074","모다인천(대-위)","위탁","25N","DXCP6015N","NYD","58","출고완료","3","3","0","3","장윤희(YHJANG)","2026-05-07","2026-05-08","2026-05-08 17:49:03","2026-05-08 17:49:03","2026-05-08 17:49:03","2026-05-09 01:01:38","X202605000556475","Y",""
"XDIST202605070004984929","MD요청-상품","50143","통영(대-위)","위탁","26S","DKAZ22063","WHS","130","출고완료","1","1","0","1","김소진(SOJIN1027)","2026-05-07","2026-05-07","2026-05-07 16:54:08","2026-05-07 16:54:08","2026-05-07 16:54:08","2026-05-08 01:02:44","X202605000487222","Y",""
"XDIST202605070004984929","MD요청-상품","50102","일산덕이(대-위)","위탁","26S","DKAZ22063","WHS","150","출고완료","1","1","0","1","김소진(SOJIN1027)","2026-05-07","2026-05-07","2026-05-07 16:54:08","2026-05-07 16:54:08","2026-05-07 16:54:08","2026-05-08 01:02:35","X202605000487223","Y",""
"XDIST202605070004984929","MD요청-상품","50102","일산덕이(대-위)","위탁","26S","DKAZ22063","WHS","140","출고완료","1","1","0","1","김소진(SOJIN1027)","2026-05-07","2026-05-07","2026-05-07 16:54:08","2026-05-07 16:54:08","2026-05-07 16:54:08","2026-05-08 01:02:35","X202605000487223","Y",""
"XDIST202605070004984929","MD요청-상품","50069","신포(대-위)","위탁","26S","DKAZ22063","WHS","130","출고완료","1","1","0","1","김소진(SOJIN1027)","2026-05-07","2026-05-07","2026-05-07 17:07:08","2026-05-07 17:07:08","2026-05-07 17:07:08","2026-05-08 01:04:32","X202605000487224","Y",""
"XDIST202605070004984929","MD요청-상품","50069","신포(대-위)","위탁","26S","DKAZ22063","WHS","140","출고완료","1","1","0","1","김소진(SOJIN1027)","2026-05-07","2026-05-07","2026-05-07 17:07:08","2026-05-07 17:07:08","2026-05-07 17:07:08","2026-05-08 01:04:32","X202605000487224","Y",""
"XDIST202605070004984929","MD요청-상품","50103","광주흑석(대-위)","위탁","26S","DKAZ22063","WHS","140","출고완료","1","1","0","1","김소진(SOJIN1027)","2026-05-07","2026-05-07","2026-05-07 16:54:08","2026-05-07 16:54:08","2026-05-07 16:54:08","2026-05-08 01:02:39","X202605000487231","Y",""
"XDIST202605070004984929","MD요청-상품","11012","K_롯데인천","위탁","26S","DKAZ22063","WHS","150","출고완료","1","1","0","1","김소진(SOJIN1027)","2026-05-07","2026-05-07","2026-05-07 17:08:01","2026-05-07 17:08:01","2026-05-07 17:08:01","2026-05-08 01:04:30","X202605000487232","Y",""
"XDIST202605070004984929","MD요청-상품","30015","타임스퀘어영등포(직)","위탁","26S","DKAZ22063","WHS","130","출고완료","1","1","0","1","김소진(SOJIN1027)","2026-05-07","2026-05-07","2026-05-07 17:08:01","2026-05-07 17:08:01","2026-05-07 17:08:01","2026-05-08 01:04:30","X202605000487235","Y",""
"XDIST202605070004984929","MD요청-상품","50111","패션아일랜드(대-위)","위탁","26S","DKAZ22063","WHS","140","출고완료","1","1","0","1","김소진(SOJIN1027)","2026-05-07","2026-05-07","2026-05-07 17:08:01","2026-05-07 17:08:01","2026-05-07 17:08:01","2026-05-08 01:02:32","X202605000487244","Y",""
"XDIST202605070004984929","MD요청-상품","50157","충주(대-위)","위탁","26S","DKAZ22063","WHS","140","출고완료","1","1","0","1","김소진(SOJIN1027)","2026-05-07","2026-05-07","2026-05-07 16:54:08","2026-05-07 16:54:08","2026-05-07 16:54:08","2026-05-08 01:02:25","X202605000487247","Y",""
"XDIST202605070004984929","MD요청-상품","11024","K_롯데잠실","위탁","26S","DKAZ22063","WHS","140","출고완료","1","1","0","1","김소진(SOJIN1027)","2026-05-07","2026-05-07","2026-05-07 17:07:08","2026-05-07 17:07:08","2026-05-07 17:07:08","2026-05-08 09:23:00","X202605000487250","Y",""
"XDIST202605070004984929","MD요청-상품","11025","K_현대천호","위탁","26S","DKAZ22063","WHS","150","출고완료","1","1","0","1","김소진(SOJIN1027)","2026-05-07","2026-05-07","2026-05-07 17:08:01","2026-05-07 17:08:01","2026-05-07 17:08:01","2026-05-08 10:24:19","X202605000487255","Y",""
"XDIST202605060004974215","MD요청-상품","50144","당진(대-위)","위탁","26S","DWRS97063","PCL","90","출고완료","1","1","0","1","권현정(KHJEONG)","2026-05-06","2026-05-06","2026-05-06 17:27:04","2026-05-06 17:27:04","2026-05-06 17:27:04","2026-05-07 01:04:04","X202605000364938","Y",""
"XDIST202605060004974215","MD요청-상품","50157","충주(대-위)","위탁","26S","DWRS97063","PCL","90","출고완료","1","1","0","1","권현정(KHJEONG)","2026-05-06","2026-05-06","2026-05-06 17:30:17","2026-05-06 17:30:17","2026-05-06 17:30:17","2026-05-07 01:04:20","X202605000364940","Y",""
"XDIST202605070004990647","MD요청-상품","50168","모다김제(대-위)","위탁","25N","DXCP5025N","NYD","58","출고완료","4","4","0","4","장윤희(YHJANG)","2026-05-07","2026-05-08","2026-05-08 17:33:03","2026-05-08 17:33:03","2026-05-08 17:33:03","2026-05-09 01:02:53","X202605000552473","Y",""
"XDIST202605070004990647","MD요청-상품","10087","롯데인천","위탁","25N","DXCP5025N","NYD","58","출고완료","4","4","0","4","장윤희(YHJANG)","2026-05-07","2026-05-08","2026-05-08 17:49:03","2026-05-08 17:49:03","2026-05-08 17:49:03","2026-05-09 01:03:52","X202605000552474","Y",""
"XDIST202605080004993351","엑셀수기배분","50103","광주흑석(대-위)","위탁","26S","DKWJ18063","YLS","130","출고완료","1","1","0","1","김소진(SOJIN1027)","2026-05-08","2026-05-08","2026-05-08 17:32:01","2026-05-08 17:32:01","2026-05-08 17:32:01","2026-05-09 01:02:58","X202605000616166","Y",""
"XDIST202605080004993351","엑셀수기배분","50207","전주평화점(대-위)","위탁","26S","DKRS76063","SBL","140","출고완료","4","4","0","4","김소진(SOJIN1027)","2026-05-08","2026-05-08","2026-05-08 17:46:01","2026-05-08 17:46:01","2026-05-08 17:46:01","2026-05-09 01:02:07","X202605000616168","Y",""
"XDIST202605060004974215","MD요청-상품","50180","동광양(대-위)","위탁","26S","DWRS97063","PCL","95","출고완료","1","1","0","1","권현정(KHJEONG)","2026-05-06","2026-05-06","2026-05-06 17:30:17","2026-05-06 17:30:17","2026-05-06 17:30:17","2026-05-07 01:03:18","X202605000364946","Y",""
"XDIST202605060004974216","MD요청-상품","50175","공주(대-위)","위탁","26S","DWRS8J063","IVS","95","출고완료","1","1","0","1","권현정(KHJEONG)","2026-05-06","2026-05-06","2026-05-06 17:31:05","2026-05-06 17:31:05","2026-05-06 17:31:05","2026-05-07 01:03:56","X202605000364956","Y",""
"XDIST202605060004974216","MD요청-상품","50069","신포(대-위)","위탁","26S","DWRS8J063","IVS","95","출고완료","1","1","0","1","권현정(KHJEONG)","2026-05-06","2026-05-06","2026-05-06 17:26:09","2026-05-06 17:26:09","2026-05-06 17:26:09","2026-05-07 01:06:06","X202605000364961","Y",""
"XDIST202605060004974216","MD요청-상품","50104","애플사상(대-위)","위탁","26S","DWRS8J063","IVS","95","출고완료","1","1","0","1","권현정(KHJEONG)","2026-05-06","2026-05-06","2026-05-06 17:26:09","2026-05-06 17:26:09","2026-05-06 17:26:09","2026-05-07 01:04:09","X202605000364966","Y",""
"XDIST202605060004974216","MD요청-상품","50202","NC부천(대-위)","위탁","26S","DWRS8J063","IVS","95","출고완료","1","1","0","1","권현정(KHJEONG)","2026-05-06","2026-05-06","2026-05-06 17:26:09","2026-05-06 17:26:09","2026-05-06 17:26:09","2026-05-07 01:05:17","X202605000364967","Y",""
"XDIST202605060004975243","엑셀수기배분","11018","K_LF스퀘어광양","위탁","26S","DWRS94063","BKS","90","출고완료","1","1","0","1","이훈희(LEEHH1149)","2026-05-06","2026-05-07","2026-05-07 17:07:00","2026-05-07 17:07:00","2026-05-07 17:07:00","2026-05-08 01:02:22","X202605000366746","Y",""
"XDIST202605070004990843","MD요청-상품","50158","대구동성로(대-위)","위탁","25N","DXCP5015N","BES","56","출고완료","2","2","0","2","장윤희(YHJANG)","2026-05-07","2026-05-08","2026-05-08 17:33:03","2026-05-08 17:33:03","2026-05-08 17:33:03","2026-05-09 01:01:55","X202605000553215","Y",""
"XDIST202605070004990843","MD요청-상품","50106","세정광주(대-위)","위탁","25N","DXCP5015N","BES","58","출고완료","2","2","0","2","장윤희(YHJANG)","2026-05-07","2026-05-08","2026-05-08 17:33:03","2026-05-08 17:33:03","2026-05-08 17:33:03","2026-05-09 01:01:49","X202605000553217","Y",""
"XDIST202605070004990843","MD요청-상품","50106","세정광주(대-위)","위탁","25N","DXCP5015N","BES","56","출고완료","1","1","0","1","장윤희(YHJANG)","2026-05-07","2026-05-08","2026-05-08 17:33:03","2026-05-08 17:33:03","2026-05-08 17:33:03","2026-05-09 01:01:49","X202605000553217","Y",""
"XDIST202605070004990843","MD요청-상품","50206","부산녹산(대-위)","위탁","25N","DXCP5015N","BES","56","출고완료","1","1","0","1","장윤희(YHJANG)","2026-05-07","2026-05-08","2026-05-08 17:49:03","2026-05-08 17:49:03","2026-05-08 17:49:03","2026-05-09 01:03:09","X202605000553222","Y",""
"XDIST202605060004973820","MD요청-상품","50165","청주율량(대-위)","위탁","26S","DXRS5G063","PCS","100","출고완료","1","1","0","1","권현정(KHJEONG)","2026-05-06","2026-05-06","2026-05-06 17:30:16","2026-05-06 17:30:16","2026-05-06 17:30:16","2026-05-07 01:03:54","X202605000364521","Y",""
"XDIST202605080004995773","엑셀수기배분","90019","EC-온라인물류","위탁","25F","DMDJ5K056","BKS","95","출고완료","10","10","0","10","허새흰(HEEN1)","2026-05-08","2026-05-08","2026-05-08 15:39:00","2026-05-08 15:39:00","2026-05-08 15:39:00","2026-05-09 01:01:17","X202605000653138","Y",""
"XDIST202605080004995773","엑셀수기배분","90019","EC-온라인물류","위탁","25F","DMDJ63056","LKS","100","출고완료","5","5","0","5","허새흰(HEEN1)","2026-05-08","2026-05-08","2026-05-08 15:39:00","2026-05-08 15:39:00","2026-05-08 15:39:00","2026-05-09 01:01:19","X202605000653138","Y",""
"XDIST202605080004995773","엑셀수기배분","90019","EC-온라인물류","위탁","25F","DMDJ67056","BGL","100","출고완료","5","5","0","5","허새흰(HEEN1)","2026-05-08","2026-05-08","2026-05-08 15:39:00","2026-05-08 15:39:00","2026-05-08 15:39:00","2026-05-09 01:01:30","X202605000653138","Y",""
"XDIST202605080004995773","엑셀수기배분","90019","EC-온라인물류","위탁","25F","DWDJ62056","BKS","100","출고완료","5","5","0","5","허새흰(HEEN1)","2026-05-08","2026-05-08","2026-05-08 15:39:00","2026-05-08 15:39:00","2026-05-08 15:39:00","2026-05-09 01:01:17","X202605000653138","Y",""
"XDIST202605080004995773","엑셀수기배분","90019","EC-온라인물류","위탁","25F","DWDJ68056","BGL","100","출고완료","2","2","0","2","허새흰(HEEN1)","2026-05-08","2026-05-08","2026-05-08 15:39:00","2026-05-08 15:39:00","2026-05-08 15:39:00","2026-05-09 01:01:30","X202605000653138","Y",""
"XDIST202605080004995773","엑셀수기배분","90019","EC-온라인물류","위탁","25F","DWDJ68056","DKS","90","출고완료","5","5","0","5","허새흰(HEEN1)","2026-05-08","2026-05-08","2026-05-08 15:39:00","2026-05-08 15:39:00","2026-05-08 15:39:00","2026-05-09 01:01:30","X202605000653138","Y",""
"XDIST202605080004995773","엑셀수기배분","90019","EC-온라인물류","위탁","25F","DWDJ68056","BGL","90","출고완료","5","5","0","5","허새흰(HEEN1)","2026-05-08","2026-05-08","2026-05-08 15:39:00","2026-05-08 15:39:00","2026-05-08 15:39:00","2026-05-09 01:01:29","X202605000653138","Y",""
"XDIST202605080004995773","엑셀수기배분","90019","EC-온라인물류","위탁","25F","DWDJ8D056","BKS","100","출고완료","5","5","0","5","허새흰(HEEN1)","2026-05-08","2026-05-08","2026-05-08 15:39:00","2026-05-08 15:39:00","2026-05-08 15:39:00","2026-05-09 01:01:18","X202605000653138","Y",""
"XDIST202605080004995773","엑셀수기배분","90019","EC-온라인물류","위탁","25F","DWDJ8D056","BKL","95","출고완료","5","5","0","5","허새흰(HEEN1)","2026-05-08","2026-05-08","2026-05-08 15:39:00","2026-05-08 15:39:00","2026-05-08 15:39:00","2026-05-09 01:01:31","X202605000653138","Y",""
"XDIST202605080004995773","엑셀수기배분","90019","EC-온라인물류","위탁","25F","DWDJ94056","BKS","100","출고완료","5","5","0","5","허새흰(HEEN1)","2026-05-08","2026-05-08","2026-05-08 15:39:00","2026-05-08 15:39:00","2026-05-08 15:39:00","2026-05-09 01:01:19","X202605000653138","Y",""
"XDIST202605080004995773","엑셀수기배분","90019","EC-온라인물류","위탁","25F","DKDJ80056","BES","140","출고완료","5","5","0","5","허새흰(HEEN1)","2026-05-08","2026-05-08","2026-05-08 15:39:01","2026-05-08 15:39:01","2026-05-08 15:39:01","2026-05-09 01:01:30","X202605000653139","Y",""
"XDIST202605080004995773","엑셀수기배분","90019","EC-온라인물류","위탁","25F","DKDJ54056","ORL","140","출고완료","5","5","0","5","허새흰(HEEN1)","2026-05-08","2026-05-08","2026-05-08 15:39:01","2026-05-08 15:39:01","2026-05-08 15:39:01","2026-05-09 01:01:33","X202605000653139","Y",""
"XDIST202605080004995773","엑셀수기배분","90019","EC-온라인물류","위탁","25F","DKDJ54056","LKS","120","출고완료","5","5","0","5","허새흰(HEEN1)","2026-05-08","2026-05-08","2026-05-08 15:39:01","2026-05-08 15:39:01","2026-05-08 15:39:01","2026-05-09 01:01:32","X202605000653139","Y",""
"XDIST202605080004995773","엑셀수기배분","90019","EC-온라인물류","위탁","25F","DKDJ54056","BGS","130","출고완료","5","5","0","5","허새흰(HEEN1)","2026-05-08","2026-05-08","2026-05-08 15:39:01","2026-05-08 15:39:01","2026-05-08 15:39:01","2026-05-09 01:01:33","X202605000653139","Y",""
"XDIST202605080004995773","엑셀수기배분","90019","EC-온라인물류","위탁","25F","DKDJ61056","GRD","150","출고완료","5","5","0","5","허새흰(HEEN1)","2026-05-08","2026-05-08","2026-05-08 15:39:01","2026-05-08 15:39:01","2026-05-08 15:39:01","2026-05-09 01:01:31","X202605000653139","Y",""
"XDIST202605080004995773","엑셀수기배분","90019","EC-온라인물류","위탁","25F","DKDJ73056","BKS","140","출고완료","5","5","0","5","허새흰(HEEN1)","2026-05-08","2026-05-08","2026-05-08 15:39:01","2026-05-08 15:39:01","2026-05-08 15:39:01","2026-05-09 01:01:32","X202605000653139","Y",""
"XDIST202605080004995773","엑셀수기배분","90019","EC-온라인물류","위탁","25F","DKDJ75056","RDS","140","출고완료","5","5","0","5","허새흰(HEEN1)","2026-05-08","2026-05-08","2026-05-08 15:39:01","2026-05-08 15:39:01","2026-05-08 15:39:01","2026-05-09 01:01:32","X202605000653139","Y",""
"XDIST202605080004995773","엑셀수기배분","90019","EC-온라인물류","위탁","25F","DKDJ75056","RDS","160","출고완료","5","5","0","5","허새흰(HEEN1)","2026-05-08","2026-05-08","2026-05-08 15:39:01","2026-05-08 15:39:01","2026-05-08 15:39:01","2026-05-09 01:01:32","X202605000653139","Y",""
"XDIST202605080004995773","엑셀수기배분","90019","EC-온라인물류","위탁","25F","DWDJ8D056","PKL","90","출고완료","5","5","0","5","허새흰(HEEN1)","2026-05-08","2026-05-08","2026-05-08 15:39:01","2026-05-08 15:39:01","2026-05-08 15:39:01","2026-05-09 01:01:18","X202605000653140","Y",""
"XDIST202605080004995773","엑셀수기배분","90019","EC-온라인물류","위탁","25F","DWDJ8D056","OLL","85","출고완료","5","5","0","5","허새흰(HEEN1)","2026-05-08","2026-05-08","2026-05-08 15:39:01","2026-05-08 15:39:01","2026-05-08 15:39:01","2026-05-09 01:01:17","X202605000653140","Y",""
"XDIST202605060004973820","MD요청-상품","10097","신세계대전","위탁","26S","DXRS5G063","PCS","100","출고완료","1","1","0","1","권현정(KHJEONG)","2026-05-06","2026-05-06","2026-05-06 17:30:16","2026-05-06 17:30:16","2026-05-06 17:30:16","2026-05-07 01:04:38","X202605000364538","Y",""
"XDIST202605060004974122","MD요청-상품","10014","롯데중동","위탁","26S","DWRS97063","DGS","95","출고완료","1","1","0","1","권현정(KHJEONG)","2026-05-06","2026-05-06","2026-05-06 17:26:09","2026-05-06 17:26:09","2026-05-06 17:26:09","2026-05-07 01:04:51","X202605000364847","Y",""
"XDIST202605060004979832","엑셀수기배분","30051","신세계아울렛여주(직)","위탁","24S","DMPT57043","NBD","36","출고완료","5","5","0","5","이훈희(LEEHH1149)","2026-05-06","2026-05-07","2026-05-07 16:51:01","2026-05-07 16:51:01","2026-05-07 16:51:01","2026-05-08 01:03:04","X202605000385216","Y",""
"XDIST202605060004979832","엑셀수기배분","30051","신세계아울렛여주(직)","위탁","24S","DMPT7A043","DMS","32","출고완료","10","10","0","10","이훈희(LEEHH1149)","2026-05-06","2026-05-07","2026-05-07 16:51:01","2026-05-07 16:51:01","2026-05-07 16:51:01","2026-05-08 01:03:06","X202605000385216","Y",""
"XDIST202605060004979832","엑셀수기배분","30051","신세계아울렛여주(직)","위탁","24S","DMPT7A043","DMS","36","출고완료","5","5","0","5","이훈희(LEEHH1149)","2026-05-06","2026-05-07","2026-05-07 16:51:01","2026-05-07 16:51:01","2026-05-07 16:51:01","2026-05-08 01:03:07","X202605000385216","Y",""
"XDIST202605060004979832","엑셀수기배분","30051","신세계아울렛여주(직)","위탁","24S","DMPT7C043","GRD","36","출고완료","2","2","0","2","이훈희(LEEHH1149)","2026-05-06","2026-05-07","2026-05-07 16:51:01","2026-05-07 16:51:01","2026-05-07 16:51:01","2026-05-08 01:03:06","X202605000385216","Y",""
"XDIST202605060004979832","엑셀수기배분","30051","신세계아울렛여주(직)","위탁","24S","DMTP51043","IVD","28","출고완료","5","5","0","5","이훈희(LEEHH1149)","2026-05-06","2026-05-07","2026-05-07 16:51:01","2026-05-07 16:51:01","2026-05-07 16:51:01","2026-05-08 01:03:04","X202605000385218","Y",""
"XDIST202605060004979832","엑셀수기배분","30051","신세계아울렛여주(직)","위탁","24S","DWTP52043","BKS","27","출고완료","5","5","0","5","이훈희(LEEHH1149)","2026-05-06","2026-05-07","2026-05-07 16:51:01","2026-05-07 16:51:01","2026-05-07 16:51:01","2026-05-08 01:03:05","X202605000385218","Y",""
"XDIST202605060004979832","엑셀수기배분","30051","신세계아울렛여주(직)","위탁","24S","DWTP52043","BKS","28","출고완료","2","2","0","2","이훈희(LEEHH1149)","2026-05-06","2026-05-07","2026-05-07 16:51:01","2026-05-07 16:51:01","2026-05-07 16:51:01","2026-05-08 01:03:04","X202605000385218","Y",""
"XDIST202605060004979832","엑셀수기배분","30051","신세계아울렛여주(직)","위탁","24S","DMTR51043","CRD","110","출고완료","5","5","0","5","이훈희(LEEHH1149)","2026-05-06","2026-05-07","2026-05-07 16:51:01","2026-05-07 16:51:01","2026-05-07 16:51:01","2026-05-08 01:03:07","X202605000385219","Y",""
"XDIST202605060004979832","엑셀수기배분","30051","신세계아울렛여주(직)","위탁","24S","DMTR61043","INS","105","출고완료","5","5","0","5","이훈희(LEEHH1149)","2026-05-06","2026-05-07","2026-05-07 16:51:01","2026-05-07 16:51:01","2026-05-07 16:51:01","2026-05-08 01:03:04","X202605000385219","Y",""
"XDIST202605060004979832","엑셀수기배분","30051","신세계아울렛여주(직)","위탁","24S","DXTR6E043","BKS","90","출고완료","3","3","0","3","이훈희(LEEHH1149)","2026-05-06","2026-05-07","2026-05-07 16:51:01","2026-05-07 16:51:01","2026-05-07 16:51:01","2026-05-08 01:03:07","X202605000385219","Y",""
"XDIST202605060004979832","엑셀수기배분","30051","신세계아울렛여주(직)","위탁","24S","DXTR6E043","NYD","95","출고완료","5","5","0","5","이훈희(LEEHH1149)","2026-05-06","2026-05-07","2026-05-07 16:51:01","2026-05-07 16:51:01","2026-05-07 16:51:01","2026-05-08 01:03:07","X202605000385219","Y",""
"XDIST202605060004979832","엑셀수기배분","30051","신세계아울렛여주(직)","위탁","24S","DXTR75043","IVS","100","출고완료","5","5","0","5","이훈희(LEEHH1149)","2026-05-06","2026-05-07","2026-05-07 16:51:01","2026-05-07 16:51:01","2026-05-07 16:51:01","2026-05-08 01:03:06","X202605000385219","Y",""
"XDIST202605060004979832","엑셀수기배분","30051","신세계아울렛여주(직)","위탁","24S","DXTR76043","BRD","115","출고완료","3","3","0","3","이훈희(LEEHH1149)","2026-05-06","2026-05-07","2026-05-07 16:51:01","2026-05-07 16:51:01","2026-05-07 16:51:01","2026-05-08 01:03:06","X202605000385219","Y",""
"XDIST202605060004979832","엑셀수기배분","30051","신세계아울렛여주(직)","위탁","24S","DMTS55043","WHS","100","출고완료","5","5","0","5","이훈희(LEEHH1149)","2026-05-06","2026-05-07","2026-05-07 16:51:01","2026-05-07 16:51:01","2026-05-07 16:51:01","2026-05-08 01:03:07","X202605000385220","Y",""
"XDIST202605060004979832","엑셀수기배분","30051","신세계아울렛여주(직)","위탁","24S","DMTS73043","CRS","100","출고완료","5","5","0","5","이훈희(LEEHH1149)","2026-05-06","2026-05-07","2026-05-07 16:51:01","2026-05-07 16:51:01","2026-05-07 16:51:01","2026-05-08 01:03:07","X202605000385220","Y",""
"XDIST202605060004979832","엑셀수기배분","30051","신세계아울렛여주(직)","위탁","24S","DMTSG3043","CAS","110","출고완료","3","3","0","3","이훈희(LEEHH1149)","2026-05-06","2026-05-07","2026-05-07 16:51:01","2026-05-07 16:51:01","2026-05-07 16:51:01","2026-05-08 01:03:07","X202605000385220","Y",""
"XDIST202605060004979832","엑셀수기배분","30051","신세계아울렛여주(직)","위탁","24S","DMTSGE043","DBS","100","출고완료","5","5","0","5","이훈희(LEEHH1149)","2026-05-06","2026-05-07","2026-05-07 16:51:01","2026-05-07 16:51:01","2026-05-07 16:51:01","2026-05-08 01:03:05","X202605000385220","Y",""
"XDIST202605060004979832","엑셀수기배분","30051","신세계아울렛여주(직)","위탁","24S","DMTSGE043","GNN","105","출고완료","5","5","0","5","이훈희(LEEHH1149)","2026-05-06","2026-05-07","2026-05-07 16:51:01","2026-05-07 16:51:01","2026-05-07 16:51:01","2026-05-08 01:03:05","X202605000385220","Y",""
"XDIST202605060004979832","엑셀수기배분","30051","신세계아울렛여주(직)","위탁","24S","DMTSGE043","GNN","95","출고완료","5","5","0","5","이훈희(LEEHH1149)","2026-05-06","2026-05-07","2026-05-07 16:51:01","2026-05-07 16:51:01","2026-05-07 16:51:01","2026-05-08 01:03:05","X202605000385220","Y",""
"XDIST202605060004979832","엑셀수기배분","30051","신세계아울렛여주(직)","위탁","24S","DMTSGQ043","GRD","100","출고완료","5","5","0","5","이훈희(LEEHH1149)","2026-05-06","2026-05-07","2026-05-07 16:51:01","2026-05-07 16:51:01","2026-05-07 16:51:01","2026-05-08 01:03:07","X202605000385220","Y",""
"XDIST202605060004979832","엑셀수기배분","30051","신세계아울렛여주(직)","위탁","24S","DMTSGQ043","GRD","110","출고완료","5","5","0","5","이훈희(LEEHH1149)","2026-05-06","2026-05-07","2026-05-07 16:51:01","2026-05-07 16:51:01","2026-05-07 16:51:01","2026-05-08 01:03:05","X202605000385220","Y",""
"XDIST202605060004979832","엑셀수기배분","30051","신세계아울렛여주(직)","위탁","24S","DMTSGU043","GNN","95","출고완료","5","5","0","5","이훈희(LEEHH1149)","2026-05-06","2026-05-07","2026-05-07 16:51:01","2026-05-07 16:51:01","2026-05-07 16:51:01","2026-05-08 01:03:04","X202605000385220","Y",""
"XDIST202605060004979832","엑셀수기배분","30051","신세계아울렛여주(직)","위탁","24S","DWTSGF043","CRS","95","출고완료","5","5","0","5","이훈희(LEEHH1149)","2026-05-06","2026-05-07","2026-05-07 16:51:01","2026-05-07 16:51:01","2026-05-07 16:51:01","2026-05-08 01:03:04","X202605000385220","Y",""
"XDIST202605060004979832","엑셀수기배분","30051","신세계아울렛여주(직)","위탁","24S","DWTSGP043","CBL","100","출고완료","3","3","0","3","이훈희(LEEHH1149)","2026-05-06","2026-05-07","2026-05-07 16:51:01","2026-05-07 16:51:01","2026-05-07 16:51:01","2026-05-08 01:03:08","X202605000385220","Y",""
"XDIST202605060004979832","엑셀수기배분","30051","신세계아울렛여주(직)","위탁","24S","DWTSGP043","CBL","95","출고완료","5","5","0","5","이훈희(LEEHH1149)","2026-05-06","2026-05-07","2026-05-07 16:51:01","2026-05-07 16:51:01","2026-05-07 16:51:01","2026-05-08 01:03:04","X202605000385220","Y",""
"XDIST202605060004979832","엑셀수기배분","30051","신세계아울렛여주(직)","위탁","24S","DWTSGP043","PKL","95","출고완료","5","5","0","5","이훈희(LEEHH1149)","2026-05-06","2026-05-07","2026-05-07 16:51:01","2026-05-07 16:51:01","2026-05-07 16:51:01","2026-05-08 01:03:05","X202605000385220","Y",""
"XDIST202605060004979832","엑셀수기배분","30051","신세계아울렛여주(직)","위탁","24S","DMWJ61043","CBD","105","출고완료","5","5","0","5","이훈희(LEEHH1149)","2026-05-06","2026-05-07","2026-05-07 16:51:01","2026-05-07 16:51:01","2026-05-07 16:51:01","2026-05-08 01:03:03","X202605000385221","Y",""
"XDIST202605060004979832","엑셀수기배분","30051","신세계아울렛여주(직)","위탁","24S","DMWJ63043","BKS","105","출고완료","5","5","0","5","이훈희(LEEHH1149)","2026-05-06","2026-05-07","2026-05-07 16:51:01","2026-05-07 16:51:01","2026-05-07 16:51:01","2026-05-08 01:03:06","X202605000385221","Y",""
"XDIST202605060004979832","엑셀수기배분","30051","신세계아울렛여주(직)","위탁","24S","DMWJ63043","EGS","100","출고완료","5","5","0","5","이훈희(LEEHH1149)","2026-05-06","2026-05-07","2026-05-07 16:51:01","2026-05-07 16:51:01","2026-05-07 16:51:01","2026-05-08 01:03:06","X202605000385221","Y",""
"XDIST202605060004979832","엑셀수기배분","30051","신세계아울렛여주(직)","위탁","24S","DMWJ63043","EGS","105","출고완료","5","5","0","5","이훈희(LEEHH1149)","2026-05-06","2026-05-07","2026-05-07 16:51:01","2026-05-07 16:51:01","2026-05-07 16:51:01","2026-05-08 01:03:06","X202605000385221","Y",""
"XDIST202605060004979832","엑셀수기배분","30051","신세계아울렛여주(직)","위탁","24S","DMWJ63043","EGS","95","출고완료","5","5","0","5","이훈희(LEEHH1149)","2026-05-06","2026-05-07","2026-05-07 16:51:01","2026-05-07 16:51:01","2026-05-07 16:51:01","2026-05-08 01:03:06","X202605000385221","Y",""
"XDIST202605060004979832","엑셀수기배분","30051","신세계아울렛여주(직)","위탁","24S","DWWJ62043","MTL","100","출고완료","5","5","0","5","이훈희(LEEHH1149)","2026-05-06","2026-05-07","2026-05-07 16:51:01","2026-05-07 16:51:01","2026-05-07 16:51:01","2026-05-08 01:03:03","X202605000385221","Y",""
"XDIST202605060004979832","엑셀수기배분","30051","신세계아울렛여주(직)","위탁","24S","DXRS5C043","DBS","110","출고완료","2","2","0","2","이훈희(LEEHH1149)","2026-05-06","2026-05-07","2026-05-07 16:51:01","2026-05-07 16:51:01","2026-05-07 16:51:01","2026-05-08 01:03:06","X202605000385222","Y",""
"XDIST202605060004979832","엑셀수기배분","30051","신세계아울렛여주(직)","위탁","24S","DXRS7K043","BLL","100","출고완료","5","5","0","5","이훈희(LEEHH1149)","2026-05-06","2026-05-07","2026-05-07 16:51:01","2026-05-07 16:51:01","2026-05-07 16:51:01","2026-05-08 01:03:03","X202605000385222","Y",""
"XDIST202605070004989571","MD요청-상품","50118","서산(대-위)","위탁","25N","DXCP5025N","BGS","58","출고완료","2","2","0","2","장윤희(YHJANG)","2026-05-07","2026-05-08","2026-05-08 17:49:02","2026-05-08 17:49:02","2026-05-08 17:49:02","2026-05-09 01:01:35","X202605000549556","Y",""
"XDIST202605070004990843","MD요청-상품","50074","모다인천(대-위)","위탁","25N","DXCP5015N","BES","58","출고완료","2","2","0","2","장윤희(YHJANG)","2026-05-07","2026-05-08","2026-05-08 17:49:03","2026-05-08 17:49:03","2026-05-08 17:49:03","2026-05-09 01:01:38","X202605000553205","Y",""
"XDIST202605070004990843","MD요청-상품","50153","부평중앙(대-위)","위탁","25N","DXCP5015N","BES","56","출고완료","1","1","0","1","장윤희(YHJANG)","2026-05-07","2026-05-08","2026-05-08 17:33:03","2026-05-08 17:33:03","2026-05-08 17:33:03","2026-05-09 01:02:31","X202605000553207","Y",""
"XDIST202605080004993353","엑셀수기배분","90019","EC-온라인물류","위탁","25N","DXHT4065N","BKS","59H","출고완료","1","1","0","1","허새흰(HEEN1)","2026-05-08","2026-05-08","2026-05-08 17:30:03","2026-05-08 17:30:03","2026-05-08 17:30:03","2026-05-09 01:01:21","X202605000616239","Y",""
"XDIST202605080004993353","엑셀수기배분","90019","EC-온라인물류","위탁","24N","DXHT4544N","BKS","59H","출고완료","2","2","0","2","허새흰(HEEN1)","2026-05-08","2026-05-08","2026-05-08 17:30:03","2026-05-08 17:30:03","2026-05-08 17:30:03","2026-05-09 01:01:22","X202605000616240","Y",""
"XDIST202605080004993353","엑셀수기배분","90019","EC-온라인물류","위탁","25N","DXSH5415N","WHS","240","출고완료","2","2","0","2","허새흰(HEEN1)","2026-05-08","2026-05-08","2026-05-08 17:30:03","2026-05-08 17:30:03","2026-05-08 17:30:03","2026-05-09 01:01:28","X202605000616242","Y",""
"XDIST202605080004993353","엑셀수기배분","90019","EC-온라인물류","위탁","23N","DXSH4513N","WHS","235","출고완료","4","4","0","4","허새흰(HEEN1)","2026-05-08","2026-05-08","2026-05-08 17:30:03","2026-05-08 17:30:03","2026-05-08 17:30:03","2026-05-09 01:01:29","X202605000616244","Y",""
"XDIST202605080004993353","엑셀수기배분","90019","EC-온라인물류","위탁","25S","DKSW53053","BKS","150","출고완료","4","4","0","4","허새흰(HEEN1)","2026-05-08","2026-05-08","2026-05-08 17:30:03","2026-05-08 17:30:03","2026-05-08 17:30:03","2026-05-09 01:01:20","X202605000616249","Y",""
"XDIST202605080004993353","엑셀수기배분","90019","EC-온라인물류","위탁","25S","DMPT7C053","GRD","34","출고완료","1","1","0","1","허새흰(HEEN1)","2026-05-08","2026-05-08","2026-05-08 17:30:03","2026-05-08 17:30:03","2026-05-08 17:30:03","2026-05-09 01:01:26","X202605000616252","Y",""
"XDIST202605080004993353","엑셀수기배분","90019","EC-온라인물류","위탁","25S","DMRS8Z053","OLD","95","출고완료","1","1","0","1","허새흰(HEEN1)","2026-05-08","2026-05-08","2026-05-08 17:30:04","2026-05-08 17:30:04","2026-05-08 17:30:04","2026-05-09 01:01:22","X202605000616253","Y",""
"XDIST202605080004993353","엑셀수기배분","90019","EC-온라인물류","위탁","25S","DXRS87053","NBD","95","출고완료","1","1","0","1","허새흰(HEEN1)","2026-05-08","2026-05-08","2026-05-08 17:30:04","2026-05-08 17:30:04","2026-05-08 17:30:04","2026-05-09 01:01:23","X202605000616253","Y",""
"XDIST202605080004993353","엑셀수기배분","90019","EC-온라인물류","위탁","25S","DXRS8R053","MTL","90","출고완료","2","2","0","2","허새흰(HEEN1)","2026-05-08","2026-05-08","2026-05-08 17:30:04","2026-05-08 17:30:04","2026-05-08 17:30:04","2026-05-09 01:01:29","X202605000616253","Y",""
"XDIST202605080004993353","엑셀수기배분","90019","EC-온라인물류","위탁","25S","DWSB76053","BKS","26","출고완료","1","1","0","1","허새흰(HEEN1)","2026-05-08","2026-05-08","2026-05-08 17:30:04","2026-05-08 17:30:04","2026-05-08 17:30:04","2026-05-09 01:01:26","X202605000616254","Y",""
"XDIST202605080004993353","엑셀수기배분","90019","EC-온라인물류","위탁","25S","DMTP6C053","NYD","32","출고완료","6","6","0","6","허새흰(HEEN1)","2026-05-08","2026-05-08","2026-05-08 17:30:04","2026-05-08 17:30:04","2026-05-08 17:30:04","2026-05-09 01:01:23","X202605000616259","Y",""
"XDIST202605080004993353","엑셀수기배분","90019","EC-온라인물류","위탁","25S","DXTR7E053","BKS","110","출고완료","1","1","0","1","허새흰(HEEN1)","2026-05-08","2026-05-08","2026-05-08 17:30:04","2026-05-08 17:30:04","2026-05-08 17:30:04","2026-05-09 01:01:29","X202605000616260","Y",""
"XDIST202605080004993353","엑셀수기배분","90019","EC-온라인물류","위탁","25S","DMTS65053","BKS","110","출고완료","2","2","0","2","허새흰(HEEN1)","2026-05-08","2026-05-08","2026-05-08 17:30:04","2026-05-08 17:30:04","2026-05-08 17:30:04","2026-05-09 01:01:27","X202605000616261","Y",""
"XDIST202605080004993353","엑셀수기배분","90019","EC-온라인물류","위탁","25S","DMTS77053","NBD","95","출고완료","5","5","0","5","허새흰(HEEN1)","2026-05-08","2026-05-08","2026-05-08 17:30:04","2026-05-08 17:30:04","2026-05-08 17:30:04","2026-05-09 01:01:22","X202605000616261","Y",""
"XDIST202605080004993353","엑셀수기배분","90019","EC-온라인물류","위탁","25S","DMTS81053","NYD","100","출고완료","16","16","0","16","허새흰(HEEN1)","2026-05-08","2026-05-08","2026-05-08 17:30:04","2026-05-08 17:30:04","2026-05-08 17:30:04","2026-05-09 01:01:22","X202605000616261","Y",""
"XDIST202605080004993353","엑셀수기배분","90019","EC-온라인물류","위탁","25S","DMWJ3G051","WID","95","출고완료","1","1","0","1","허새흰(HEEN1)","2026-05-08","2026-05-08","2026-05-08 17:30:04","2026-05-08 17:30:04","2026-05-08 17:30:04","2026-05-09 01:01:29","X202605000616263","Y",""
"XDIST202605080004993353","엑셀수기배분","90019","EC-온라인물류","위탁","25S","DMWJ7Q053","CAD","95","출고완료","9","9","0","9","허새흰(HEEN1)","2026-05-08","2026-05-08","2026-05-08 17:30:04","2026-05-08 17:30:04","2026-05-08 17:30:04","2026-05-09 01:01:26","X202605000616263","Y",""
"XDIST202605080004993353","엑셀수기배분","90019","EC-온라인물류","위탁","25S","DWWJ93053","WHS","95","출고완료","6","6","0","6","허새흰(HEEN1)","2026-05-08","2026-05-08","2026-05-08 17:30:04","2026-05-08 17:30:04","2026-05-08 17:30:04","2026-05-09 01:01:26","X202605000616263","Y",""
"XDIST202605080004993353","엑셀수기배분","90019","EC-온라인물류","위탁","25S","DWBR41051","BKS","M","출고완료","7","7","0","7","허새흰(HEEN1)","2026-05-08","2026-05-08","2026-05-08 17:30:04","2026-05-08 17:30:04","2026-05-08 17:30:04","2026-05-09 01:01:22","X202605000616264","Y",""
"XDIST202605060004980366","엑셀수기배분","10052","롯데강남","위탁","26S","DXTB3A061","BKS","30","출고완료","1","1","0","1","권현정(KHJEONG)","2026-05-06","2026-05-07","2026-05-07 16:54:01","2026-05-07 16:54:01","2026-05-07 16:54:01","2026-05-08 01:03:23","X202605000388688","Y",""
"XDIST202605060004980366","엑셀수기배분","50063","스퀘어원(대-위)","위탁","26S","DMTR71063","DGS","110","출고완료","1","1","0","1","권현정(KHJEONG)","2026-05-06","2026-05-07","2026-05-07 16:54:01","2026-05-07 16:54:01","2026-05-07 16:54:01","2026-05-08 01:04:24","X202605000388698","Y",""
"XDIST202605060004980366","엑셀수기배분","50145","성남신흥(대-위)","위탁","26S","DWTR91063","BKS","85","출고완료","1","1","0","1","권현정(KHJEONG)","2026-05-06","2026-05-07","2026-05-07 16:54:01","2026-05-07 16:54:01","2026-05-07 16:54:01","2026-05-08 01:02:21","X202605000388710","Y",""
"XDIST202605060004980366","엑셀수기배분","50147","경기시흥(대-위)","위탁","26S","DMTR71063","DGS","95","출고완료","1","1","0","1","권현정(KHJEONG)","2026-05-06","2026-05-07","2026-05-07 16:54:01","2026-05-07 16:54:01","2026-05-07 16:54:01","2026-05-08 01:02:23","X202605000388711","Y",""
"XDIST202605040004960123","엑셀수기배분","90019","EC-온라인물류","위탁","25S","DMPT23051","BKS","32","출고완료","1","1","0","0","허새흰(HEEN1)","2026-05-04","2026-05-04","2026-05-04 18:18:03","2026-05-04 18:18:03","2026-05-04 18:18:03","","X202605000179393","Y",""
"XDIST202605040004960123","엑셀수기배분","90019","EC-온라인물류","위탁","25S","DMRS8V053","BRS","95","출고완료","3","3","0","3","허새흰(HEEN1)","2026-05-04","2026-05-04","2026-05-04 18:18:03","2026-05-04 18:18:03","2026-05-04 18:18:03","2026-05-05 01:02:08","X202605000179394","Y",""
"XDIST202605040004960123","엑셀수기배분","90019","EC-온라인물류","위탁","25S","DMSL71053","BKS","95","출고완료","4","4","0","4","허새흰(HEEN1)","2026-05-04","2026-05-04","2026-05-04 18:18:03","2026-05-04 18:18:03","2026-05-04 18:18:03","2026-05-05 01:02:09","X202605000179396","Y",""
"XDIST202605040004960123","엑셀수기배분","90019","EC-온라인물류","위탁","25S","DMTS65053","BKS","100","출고완료","2","2","0","2","허새흰(HEEN1)","2026-05-04","2026-05-04","2026-05-04 18:18:03","2026-05-04 18:18:03","2026-05-04 18:18:03","2026-05-05 01:02:09","X202605000179400","Y",""
"XDIST202605040004960123","엑셀수기배분","90019","EC-온라인물류","위탁","25S","DMTS81053","BGL","100","출고완료","13","13","0","13","허새흰(HEEN1)","2026-05-04","2026-05-04","2026-05-04 18:18:03","2026-05-04 18:18:03","2026-05-04 18:18:03","2026-05-05 01:02:11","X202605000179400","Y",""
"XDIST202605040004960123","엑셀수기배분","90019","EC-온라인물류","위탁","25S","DMWJ7Q053","CAD","105","출고완료","2","2","0","2","허새흰(HEEN1)","2026-05-04","2026-05-04","2026-05-04 18:18:03","2026-05-04 18:18:03","2026-05-04 18:18:03","2026-05-05 01:02:02","X202605000179402","Y",""
"XDIST202605040004960123","엑셀수기배분","90019","EC-온라인물류","위탁","25S","DWWJ93053","SBL","90","출고완료","1","1","0","1","허새흰(HEEN1)","2026-05-04","2026-05-04","2026-05-04 18:18:03","2026-05-04 18:18:03","2026-05-04 18:18:03","2026-05-05 01:02:02","X202605000179402","Y",""
"XDIST202605040004968544","엑셀수기배분","90019","EC-온라인물류","위탁","26S","DMSP78063","DML","34","출고완료","5","5","0","5","박정민(PJM1003)","2026-05-04","2026-05-06","2026-05-06 17:19:00","2026-05-06 17:19:00","2026-05-06 17:19:00","2026-05-07 01:01:54","X202605000199977","Y",""
"XDIST202605040004968544","엑셀수기배분","90019","EC-온라인물류","위탁","26S","DMSW7D063","CBL","105","출고완료","5","5","0","5","박정민(PJM1003)","2026-05-04","2026-05-06","2026-05-06 17:19:00","2026-05-06 17:19:00","2026-05-06 17:19:00","2026-05-07 01:01:55","X202605000199978","Y",""
"XDIST202605040004968544","엑셀수기배분","90019","EC-온라인물류","위탁","26S","DWRS9M063","LPL","90","출고완료","5","5","0","5","박정민(PJM1003)","2026-05-04","2026-05-06","2026-05-06 17:19:01","2026-05-06 17:19:01","2026-05-06 17:19:01","2026-05-07 01:01:57","X202605000199979","Y",""
"XDIST202605060004979188","엑셀수기배분","90019","EC-온라인물류","위탁","26N","DXSH5336N","WHS","230","출고완료","26","26","0","26","박정민(PJM1003)","2026-05-06","2026-05-06","2026-05-07 16:51:00","2026-05-07 16:51:00","2026-05-07 16:51:00","2026-05-08 01:01:00","X202605000380957","Y",""
"XDIST202605060004979188","엑셀수기배분","90019","EC-온라인물류","위탁","25N","DXSH7285N","BKS","270","출고완료","2","2","0","2","박정민(PJM1003)","2026-05-06","2026-05-06","2026-05-07 16:51:00","2026-05-07 16:51:00","2026-05-07 16:51:00","2026-05-08 01:01:02","X202605000380958","Y",""
"XDIST202605060004979188","엑셀수기배분","90019","EC-온라인물류","위탁","24N","DXSH7244N","BES","280","출고완료","4","4","0","4","박정민(PJM1003)","2026-05-06","2026-05-06","2026-05-07 16:51:00","2026-05-07 16:51:00","2026-05-07 16:51:00","2026-05-08 01:01:01","X202605000380959","Y",""
"XDIST202605060004979188","엑셀수기배분","90019","EC-온라인물류","위탁","21N","DXSH2111N","BLS","275","출고완료","9","9","0","9","박정민(PJM1003)","2026-05-06","2026-05-06","2026-05-07 16:51:00","2026-05-07 16:51:00","2026-05-07 16:51:00","2026-05-08 01:01:01","X202605000380960","Y",""
"XDIST202605060004979188","엑셀수기배분","90019","EC-온라인물류","위탁","21N","DXSH3111N","BES","235","출고완료","2","2","0","2","박정민(PJM1003)","2026-05-06","2026-05-06","2026-05-07 16:51:00","2026-05-07 16:51:00","2026-05-07 16:51:00","2026-05-08 01:01:01","X202605000380960","Y",""
"XDIST202605060004979188","엑셀수기배분","90019","EC-온라인물류","위탁","26S","DMKT71063","BKS","95","출고완료","3","3","0","3","박정민(PJM1003)","2026-05-06","2026-05-06","2026-05-07 16:51:00","2026-05-07 16:51:00","2026-05-07 16:51:00","2026-05-08 01:01:02","X202605000380961","Y",""
"XDIST202605060004979188","엑셀수기배분","90019","EC-온라인물류","위탁","26S","DXRL3D061","DGS","105","출고완료","2","2","0","2","박정민(PJM1003)","2026-05-06","2026-05-06","2026-05-07 16:51:00","2026-05-07 16:51:00","2026-05-07 16:51:00","2026-05-08 01:01:02","X202605000380963","Y",""
"XDIST202605060004979188","엑셀수기배분","90019","EC-온라인물류","위탁","26S","DMTS71063","CGD","95","출고완료","5","5","0","5","박정민(PJM1003)","2026-05-06","2026-05-06","2026-05-07 16:51:01","2026-05-07 16:51:01","2026-05-07 16:51:01","2026-05-08 01:01:02","X202605000380965","Y",""
"XDIST202605060004979188","엑셀수기배분","90019","EC-온라인물류","위탁","26S","DMTS71063","PCS","100","출고완료","2","2","0","2","박정민(PJM1003)","2026-05-06","2026-05-06","2026-05-07 16:51:01","2026-05-07 16:51:01","2026-05-07 16:51:01","2026-05-08 01:01:01","X202605000380965","Y",""
"XDIST202605060004973610","MD요청-상품","50041","홍성점(대-위)","위탁","26S","DXTB7A063","BKS","34","출고완료","1","1","0","1","권현정(KHJEONG)","2026-05-06","2026-05-06","2026-05-06 17:30:16","2026-05-06 17:30:16","2026-05-06 17:30:16","2026-05-07 01:03:32","X202605000364184","Y",""
"XDIST202605060004973610","MD요청-상품","50166","진영(대-위)","위탁","26S","DXTB7A063","BKS","34","출고완료","1","1","0","1","권현정(KHJEONG)","2026-05-06","2026-05-06","2026-05-06 17:31:05","2026-05-06 17:31:05","2026-05-06 17:31:05","2026-05-07 01:04:37","X202605000364186","Y",""
"XDIST202605060004973610","MD요청-상품","10027","롯데평촌","위탁","26S","DXTB7A063","BKS","26","출고완료","1","1","0","1","권현정(KHJEONG)","2026-05-06","2026-05-06","2026-05-06 17:27:04","2026-05-06 17:27:04","2026-05-06 17:27:04","2026-05-07 01:04:55","X202605000364197","Y",""
"XDIST202605060004973610","MD요청-상품","50057","여천(대-위)","위탁","26S","DXTB7A063","BKS","34","출고완료","1","1","0","1","권현정(KHJEONG)","2026-05-06","2026-05-06","2026-05-06 17:31:05","2026-05-06 17:31:05","2026-05-06 17:31:05","2026-05-07 01:03:35","X202605000364211","Y",""
"XDIST202605060004973610","MD요청-상품","10033","현대중동","위탁","26S","DXTB7A063","BKS","34","출고완료","1","1","0","1","권현정(KHJEONG)","2026-05-06","2026-05-06","2026-05-06 17:26:09","2026-05-06 17:26:09","2026-05-06 17:26:09","2026-05-07 01:04:59","X202605000364213","Y",""
"XDIST202605060004973610","MD요청-상품","50181","경산(대-위)","위탁","26S","DXTB7A063","BKS","32","출고완료","2","2","0","2","권현정(KHJEONG)","2026-05-06","2026-05-06","2026-05-06 17:30:16","2026-05-06 17:30:16","2026-05-06 17:30:16","2026-05-07 01:02:05","X202605000364217","Y",""
"XDIST202605060004973610","MD요청-상품","10009","현대신촌","위탁","26S","DXTB7A063","BKS","34","출고완료","1","1","0","1","권현정(KHJEONG)","2026-05-06","2026-05-06","2026-05-06 17:26:09","2026-05-06 17:26:09","2026-05-06 17:26:09","2026-05-07 01:04:59","X202605000364219","Y",""
"XDIST202605060004973610","MD요청-상품","10008","롯데건대","위탁","26S","DXTB7A063","BKS","34","출고완료","1","1","0","1","권현정(KHJEONG)","2026-05-06","2026-05-06","2026-05-06 17:26:09","2026-05-06 17:26:09","2026-05-06 17:26:09","2026-05-07 01:04:50","X202605000364221","Y",""
"XDIST202605070004985615","MD요청-매장","90019","EC-온라인물류","위탁","25S","DWRS95053","PPS","85","출고완료","15","15","0","15","안소현(ANNA77)","2026-05-07","2026-05-07","2026-05-07 16:51:02","2026-05-07 16:51:02","2026-05-07 16:51:02","2026-05-08 01:01:01","X202605000490230","Y",""
"XDIST202605070004985615","MD요청-매장","90019","EC-온라인물류","위탁","25S","DWRS95053","NYD","100","출고완료","2","2","0","0","안소현(ANNA77)","2026-05-07","2026-05-07","2026-05-07 16:51:02","2026-05-07 16:51:02","2026-05-07 16:51:02","","X202605000490230","Y",""
"XDIST202605060004973610","MD요청-상품","50104","애플사상(대-위)","위탁","26S","DXTB7A063","BKS","34","출고완료","1","1","0","1","권현정(KHJEONG)","2026-05-06","2026-05-06","2026-05-06 17:26:09","2026-05-06 17:26:09","2026-05-06 17:26:09","2026-05-07 01:03:13","X202605000364230","Y",""
"XDIST202605060004973610","MD요청-상품","10091","갤러리아광교","위탁","26S","DXTB7A063","BKS","34","출고완료","1","1","0","1","권현정(KHJEONG)","2026-05-06","2026-05-06","2026-05-06 17:30:16","2026-05-06 17:30:16","2026-05-06 17:30:16","2026-05-07 01:05:13","X202605000364236","Y",""
"XDIST202605060004973610","MD요청-상품","50190","아트몰링하단(대-위)","위탁","26S","DXTB7A063","BKS","34","출고완료","1","1","0","1","권현정(KHJEONG)","2026-05-06","2026-05-06","2026-05-06 17:31:05","2026-05-06 17:31:05","2026-05-06 17:31:05","2026-05-07 01:03:37","X202605000364240","Y",""
"XDIST202605060004973610","MD요청-상품","50074","모다인천(대-위)","위탁","26S","DXTB7A063","BKS","34","출고완료","1","1","0","1","권현정(KHJEONG)","2026-05-06","2026-05-06","2026-05-06 17:27:04","2026-05-06 17:27:04","2026-05-06 17:27:04","2026-05-07 01:02:40","X202605000364242","Y",""
"XDIST202605060004973610","MD요청-상품","50111","패션아일랜드(대-위)","위탁","26S","DXTB7A063","BKS","30","출고완료","2","2","0","2","권현정(KHJEONG)","2026-05-06","2026-05-06","2026-05-06 17:27:04","2026-05-06 17:27:04","2026-05-06 17:27:04","2026-05-07 01:04:18","X202605000364245","Y",""
"XDIST202605070004990138","엑셀수기배분","10007","롯데부산","위탁","25N","DXCR5035N","GRD","F","출고완료","5","5","0","5","김주형(RLAWNGUD14)","2026-05-07","2026-05-08","2026-05-08 17:49:02","2026-05-08 17:49:02","2026-05-08 17:49:02","2026-05-09 01:02:01","X202605000551373","Y",""
"XDIST202605070004990138","엑셀수기배분","10007","롯데부산","위탁","25S","DXTR7A053","BGL","110","출고완료","3","3","0","3","김주형(RLAWNGUD14)","2026-05-07","2026-05-08","2026-05-08 17:49:02","2026-05-08 17:49:02","2026-05-08 17:49:02","2026-05-09 01:01:42","X202605000551377","Y",""
"XDIST202605070004990138","엑셀수기배분","10007","롯데부산","위탁","25N","DXCR5035N","BKS","F","출고완료","4","4","0","4","김주형(RLAWNGUD14)","2026-05-07","2026-05-08","2026-05-08 17:49:02","2026-05-08 17:49:02","2026-05-08 17:49:02","2026-05-09 01:02:01","X202605000551379","Y",""
"XDIST202605060004973610","MD요청-상품","50122","상주(대-위)","위탁","26S","DXTB7A063","BKS","32","출고완료","2","2","0","2","권현정(KHJEONG)","2026-05-06","2026-05-06","2026-05-06 17:27:04","2026-05-06 17:27:04","2026-05-06 17:27:04","2026-05-07 01:02:34","X202605000364261","Y",""
"XDIST202605060004973610","MD요청-상품","10073","신세계마산","위탁","26S","DXTB7A063","BKS","26","출고완료","1","1","0","1","권현정(KHJEONG)","2026-05-06","2026-05-06","2026-05-06 17:30:16","2026-05-06 17:30:16","2026-05-06 17:30:16","2026-05-07 01:04:22","X202605000364269","Y",""
"XDIST202605060004973610","MD요청-상품","50135","현대시티대구(대-위)","위탁","26S","DXTB7A063","BKS","34","출고완료","1","1","0","1","권현정(KHJEONG)","2026-05-06","2026-05-06","2026-05-06 17:26:09","2026-05-06 17:26:09","2026-05-06 17:26:09","2026-05-07 01:03:27","X202605000364276","Y",""
"XDIST202605060004973610","MD요청-상품","50138","현대시티동대문(대-위)","위탁","26S","DXTB7A063","BKS","34","출고완료","1","1","0","1","권현정(KHJEONG)","2026-05-06","2026-05-06","2026-05-06 17:26:09","2026-05-06 17:26:09","2026-05-06 17:26:09","2026-05-07 01:05:47","X202605000364281","Y",""
"XDIST202605060004973610","MD요청-상품","50148","김천(대-위)","위탁","26S","DXTB7A063","BKS","34","출고완료","1","1","0","1","권현정(KHJEONG)","2026-05-06","2026-05-06","2026-05-06 17:31:05","2026-05-06 17:31:05","2026-05-06 17:31:05","2026-05-07 01:02:40","X202605000364291","Y",""
"XDIST202605060004973610","MD요청-상품","50149","NC불광(대-위)","위탁","26S","DXTB7A063","BKS","34","출고완료","1","1","0","1","권현정(KHJEONG)","2026-05-06","2026-05-06","2026-05-06 17:30:16","2026-05-06 17:30:16","2026-05-06 17:30:16","2026-05-07 01:05:16","X202605000364294","Y",""
"XDIST202605060004973610","MD요청-상품","50159","용인(대-위)","위탁","26S","DXTB7A063","BKS","34","출고완료","2","2","0","2","권현정(KHJEONG)","2026-05-06","2026-05-06","2026-05-06 17:30:16","2026-05-06 17:30:16","2026-05-06 17:30:16","2026-05-07 01:02:31","X202605000364307","Y",""
"XDIST202605060004973610","MD요청-상품","50158","대구동성로(대-위)","위탁","26S","DXTB7A063","BKS","34","출고완료","2","2","0","2","권현정(KHJEONG)","2026-05-06","2026-05-06","2026-05-06 17:31:05","2026-05-06 17:31:05","2026-05-06 17:31:05","2026-05-07 01:03:39","X202605000364308","Y",""
"XDIST202605080004995595","엑셀수기배분","90019","EC-온라인물류","위탁","26S","DMWJ6G063","BKS","105","출고완료","3","3","0","3","박정민(PJM1003)","2026-05-08","2026-05-08","2026-05-08 17:46:02","2026-05-08 17:46:02","2026-05-08 17:46:02","2026-05-09 01:03:53","X202605000643222","Y",""
"XDIST202605080004995595","엑셀수기배분","90019","EC-온라인물류","위탁","26S","DWRL44061","WHS","90","출고완료","2","2","0","2","박정민(PJM1003)","2026-05-08","2026-05-08","2026-05-08 17:46:02","2026-05-08 17:46:02","2026-05-08 17:46:02","2026-05-09 01:03:53","X202605000643223","Y",""
"XDIST202605060004973610","MD요청-상품","10059","현대대구","위탁","26S","DXTB7A063","BKS","32","출고완료","2","2","0","2","권현정(KHJEONG)","2026-05-06","2026-05-06","2026-05-06 17:30:16","2026-05-06 17:30:16","2026-05-06 17:30:16","2026-05-07 01:03:23","X202605000364311","Y",""
"XDIST202605060004975357","엑셀수기배분","30010","롯데아울렛봉무(직)","위탁","24S","DMSW65043","BKS","95","출고완료","3","3","0","3","이훈희(LEEHH1149)","2026-05-06","2026-05-19","2026-05-19 16:09:01","2026-05-19 16:09:01","2026-05-19 16:09:01","2026-05-20 01:00:50","X202605000367548","Y",""
"XDIST202605060004975357","엑셀수기배분","30010","롯데아울렛봉무(직)","위탁","24S","DMSW65043","BKS","110","출고완료","3","3","0","3","이훈희(LEEHH1149)","2026-05-06","2026-05-19","2026-05-19 16:09:01","2026-05-19 16:09:01","2026-05-19 16:09:01","2026-05-20 01:00:50","X202605000367548","Y",""
"XDIST202605060004975357","엑셀수기배분","30010","롯데아울렛봉무(직)","위탁","24S","DWSW68043","BKS","100","출고완료","6","6","0","6","이훈희(LEEHH1149)","2026-05-06","2026-05-19","2026-05-19 16:09:01","2026-05-19 16:09:01","2026-05-19 16:09:01","2026-05-20 01:00:50","X202605000367548","Y",""
"XDIST202605060004975357","엑셀수기배분","30011","롯데아울렛수완(직)","위탁","24S","DMSW65043","BKS","100","출고완료","23","23","0","23","이훈희(LEEHH1149)","2026-05-06","2026-05-19","2026-05-19 16:09:01","2026-05-19 16:09:01","2026-05-19 16:09:01","2026-05-20 01:00:50","X202605000367549","Y",""
"XDIST202605060004975357","엑셀수기배분","30013","롯데아울렛광명(직)","위탁","24S","DMSW65043","BKS","95","출고완료","3","3","0","3","이훈희(LEEHH1149)","2026-05-06","2026-05-19","2026-05-19 16:09:01","2026-05-19 16:09:01","2026-05-19 16:09:01","2026-05-20 01:02:26","X202605000367551","Y",""
"XDIST202605060004975357","엑셀수기배분","30019","롯데아울렛김해(직)","위탁","24S","DWSW68043","BKS","100","출고완료","7","7","0","7","이훈희(LEEHH1149)","2026-05-06","2026-05-19","2026-05-19 16:09:01","2026-05-19 16:09:01","2026-05-19 16:09:01","2026-05-20 01:00:50","X202605000367553","Y",""
"XDIST202605060004975357","엑셀수기배분","30021","롯데아울렛광교(직)","위탁","24S","DWSW68043","BKS","95","출고완료","10","10","0","10","이훈희(LEEHH1149)","2026-05-06","2026-05-19","2026-05-19 16:09:01","2026-05-19 16:09:01","2026-05-19 16:09:01","2026-05-20 01:02:27","X202605000367555","Y",""
"XDIST202605060004975357","엑셀수기배분","30022","롯데아울렛진주(직)","위탁","24S","DMSW65043","BKS","100","출고완료","22","22","0","22","이훈희(LEEHH1149)","2026-05-06","2026-05-19","2026-05-19 16:09:01","2026-05-19 16:09:01","2026-05-19 16:09:01","2026-05-20 01:00:51","X202605000367556","Y",""
"XDIST202605060004975357","엑셀수기배분","30022","롯데아울렛진주(직)","위탁","24S","DMSW65043","BKS","105","출고완료","15","15","0","15","이훈희(LEEHH1149)","2026-05-06","2026-05-19","2026-05-19 16:09:01","2026-05-19 16:09:01","2026-05-19 16:09:01","2026-05-20 01:00:51","X202605000367556","Y",""
"XDIST202605060004975357","엑셀수기배분","30022","롯데아울렛진주(직)","위탁","24S","DWSW68043","BKS","90","출고완료","14","14","0","14","이훈희(LEEHH1149)","2026-05-06","2026-05-19","2026-05-19 16:09:01","2026-05-19 16:09:01","2026-05-19 16:09:01","2026-05-20 01:00:51","X202605000367556","Y",""
"XDIST202605060004975357","엑셀수기배분","30024","롯데아울렛부여(직)","위탁","24S","DMSW65043","BKS","95","출고완료","3","3","0","3","이훈희(LEEHH1149)","2026-05-06","2026-05-19","2026-05-19 16:09:01","2026-05-19 16:09:01","2026-05-19 16:09:01","2026-05-20 01:00:50","X202605000367558","Y",""
"XDIST202605060004975357","엑셀수기배분","30024","롯데아울렛부여(직)","위탁","24S","DMSW65043","BKS","110","출고완료","4","4","0","4","이훈희(LEEHH1149)","2026-05-06","2026-05-19","2026-05-19 16:09:01","2026-05-19 16:09:01","2026-05-19 16:09:01","2026-05-20 01:00:50","X202605000367558","Y",""
"XDIST202605060004975357","엑셀수기배분","30031","롯데아울렛원흥(직)","위탁","24S","DMSW65043","BKS","100","출고완료","22","22","0","22","이훈희(LEEHH1149)","2026-05-06","2026-05-19","2026-05-19 16:09:01","2026-05-19 16:09:01","2026-05-19 16:09:01","2026-05-20 01:02:30","X202605000367559","Y",""
"XDIST202605060004975357","엑셀수기배분","30033","롯데아울렛군산(직)","위탁","24S","DWSW68043","BKS","95","출고완료","10","10","0","10","이훈희(LEEHH1149)","2026-05-06","2026-05-19","2026-05-19 16:09:01","2026-05-19 16:09:01","2026-05-19 16:09:01","2026-05-20 01:00:50","X202605000367560","Y",""
"XDIST202605060004975357","엑셀수기배분","30037","롯데아울렛율하(직)","위탁","24S","DWSW68043","BKS","90","출고완료","14","14","0","14","이훈희(LEEHH1149)","2026-05-06","2026-05-19","2026-05-19 16:09:01","2026-05-19 16:09:01","2026-05-19 16:09:01","2026-05-20 01:00:50","X202605000367561","Y",""
"XDIST202605060004975357","엑셀수기배분","30038","롯데아울렛기흥(직)","위탁","24S","DWSW68043","BKS","95","출고완료","10","10","0","10","이훈희(LEEHH1149)","2026-05-06","2026-05-19","2026-05-19 16:09:01","2026-05-19 16:09:01","2026-05-19 16:09:01","2026-05-20 01:02:31","X202605000367562","Y",""
"XDIST202605060004975357","엑셀수기배분","30049","롯데아울렛의왕(직)","위탁","24S","DMSW65043","BKS","110","출고완료","4","4","0","4","이훈희(LEEHH1149)","2026-05-06","2026-05-19","2026-05-19 16:09:01","2026-05-19 16:09:01","2026-05-19 16:09:01","2026-05-20 01:02:33","X202605000367563","Y",""
"XDIST202605060004975357","엑셀수기배분","30049","롯데아울렛의왕(직)","위탁","24S","DWSW68043","BKS","90","출고완료","14","14","0","14","이훈희(LEEHH1149)","2026-05-06","2026-05-19","2026-05-19 16:09:01","2026-05-19 16:09:01","2026-05-19 16:09:01","2026-05-20 01:02:33","X202605000367563","Y",""
"XDIST202605060004975357","엑셀수기배분","30049","롯데아울렛의왕(직)","위탁","24S","DWSW68043","BKS","95","출고완료","10","10","0","10","이훈희(LEEHH1149)","2026-05-06","2026-05-19","2026-05-19 16:09:01","2026-05-19 16:09:01","2026-05-19 16:09:01","2026-05-20 01:02:33","X202605000367563","Y",""
"XDIST202605060004975357","엑셀수기배분","30053","롯데아울렛남악(직)","위탁","24S","DWSW68043","BKS","90","출고완료","14","14","0","14","이훈희(LEEHH1149)","2026-05-06","2026-05-19","2026-05-19 16:09:01","2026-05-19 16:09:01","2026-05-19 16:09:01","2026-05-20 01:00:51","X202605000367564","Y",""
"XDIST202605060004975357","엑셀수기배분","30053","롯데아울렛남악(직)","위탁","24S","DWSW68043","BKS","95","출고완료","10","10","0","10","이훈희(LEEHH1149)","2026-05-06","2026-05-19","2026-05-19 16:09:01","2026-05-19 16:09:01","2026-05-19 16:09:01","2026-05-20 01:00:51","X202605000367564","Y",""
"XDIST202605060004974321","MD요청-상품","10060","AK수원","위탁","26S","DMRS8I063","IVS","115","출고완료","1","1","0","1","권현정(KHJEONG)","2026-05-06","2026-05-06","2026-05-06 17:27:05","2026-05-06 17:27:05","2026-05-06 17:27:05","2026-05-07 01:05:24","X202605000365188","Y",""
"XDIST202605060004974321","MD요청-상품","10021","신세계천안아산","위탁","26S","DMRS8I063","IVS","115","출고완료","1","1","0","1","권현정(KHJEONG)","2026-05-06","2026-05-06","2026-05-06 17:26:09","2026-05-06 17:26:09","2026-05-06 17:26:09","2026-05-07 01:02:34","X202605000365193","Y",""
"XDIST202605060004974321","MD요청-상품","10023","갤러리아대전","위탁","26S","DMRS8I063","IVS","115","출고완료","1","1","0","1","권현정(KHJEONG)","2026-05-06","2026-05-06","2026-05-06 17:27:05","2026-05-06 17:27:05","2026-05-06 17:27:05","2026-05-07 01:03:48","X202605000365196","Y",""
"XDIST202605060004974321","MD요청-상품","10022","롯데광주","위탁","26S","DMRS8I063","IVS","115","출고완료","1","1","0","1","권현정(KHJEONG)","2026-05-06","2026-05-06","2026-05-06 17:26:09","2026-05-06 17:26:09","2026-05-06 17:26:09","2026-05-07 01:03:43","X202605000365200","Y",""
"XDIST202605060004974321","MD요청-상품","10070","신세계강남","위탁","26S","DMRS8I063","IVS","115","출고완료","1","1","0","1","권현정(KHJEONG)","2026-05-06","2026-05-06","2026-05-06 17:30:17","2026-05-06 17:30:17","2026-05-06 17:30:17","2026-05-07 01:05:06","X202605000365208","Y",""
"XDIST202605060004974321","MD요청-상품","50098","울산무거(대-위)","위탁","26S","DMRS8I063","IVS","95","출고완료","1","1","0","1","권현정(KHJEONG)","2026-05-06","2026-05-06","2026-05-06 17:27:05","2026-05-06 17:27:05","2026-05-06 17:27:05","2026-05-07 01:03:41","X202605000365212","Y",""
"XDIST202605060004974321","MD요청-상품","50174","구미중앙(대-위)","위탁","26S","DMRS8I063","IVS","95","출고완료","1","1","0","1","권현정(KHJEONG)","2026-05-06","2026-05-06","2026-05-06 17:30:17","2026-05-06 17:30:17","2026-05-06 17:30:17","2026-05-07 01:03:33","X202605000365213","Y",""
"XDIST202605060004974321","MD요청-상품","50063","스퀘어원(대-위)","위탁","26S","DMRS8I063","IVS","115","출고완료","1","1","0","1","권현정(KHJEONG)","2026-05-06","2026-05-06","2026-05-06 17:31:06","2026-05-06 17:31:06","2026-05-06 17:31:06","2026-05-07 01:05:59","X202605000365227","Y",""
"XDIST202605060004974321","MD요청-상품","50185","모다경주(대-위)","위탁","26S","DMRS8I063","IVS","115","출고완료","1","1","0","1","권현정(KHJEONG)","2026-05-06","2026-05-06","2026-05-06 17:27:05","2026-05-06 17:27:05","2026-05-06 17:27:05","2026-05-07 01:02:29","X202605000365229","Y",""
"XDIST202605060004974321","MD요청-상품","50188","논산(대-위)","위탁","26S","DMRS8I063","IVS","95","출고완료","1","1","0","1","권현정(KHJEONG)","2026-05-06","2026-05-06","2026-05-06 17:30:17","2026-05-06 17:30:17","2026-05-06 17:30:17","2026-05-07 01:04:33","X202605000365230","Y",""
"XDIST202605060004974321","MD요청-상품","10043","롯데울산","위탁","26S","DMRS8I063","IVS","115","출고완료","1","1","0","1","권현정(KHJEONG)","2026-05-06","2026-05-06","2026-05-06 17:26:10","2026-05-06 17:26:10","2026-05-06 17:26:10","2026-05-07 01:03:22","X202605000365233","Y",""
"XDIST202605060004974321","MD요청-상품","50028","광주첨단(대-위)","위탁","26S","DMRS8I063","IVS","115","출고완료","1","1","0","1","권현정(KHJEONG)","2026-05-06","2026-05-06","2026-05-06 17:31:06","2026-05-06 17:31:06","2026-05-06 17:31:06","2026-05-07 01:04:21","X202605000365239","Y",""
"XDIST202605060004974321","MD요청-상품","30047","스타필드하남(직)","위탁","26S","DMRS8I063","IVS","115","출고완료","1","1","0","1","권현정(KHJEONG)","2026-05-06","2026-05-06","2026-05-06 17:30:17","2026-05-06 17:30:17","2026-05-06 17:30:17","2026-05-07 01:05:12","X202605000365246","Y",""
"XDIST202605060004974321","MD요청-상품","10015","롯데포항","위탁","26S","DMRS8I063","IVS","115","출고완료","1","1","0","1","권현정(KHJEONG)","2026-05-06","2026-05-06","2026-05-06 17:26:10","2026-05-06 17:26:10","2026-05-06 17:26:10","2026-05-07 01:02:26","X202605000365253","Y",""
"XDIST202605070004991172","MD요청-상품","50111","패션아일랜드(대-위)","위탁","25N","DXCP5015N","BLL","58","출고완료","1","1","0","1","장윤희(YHJANG)","2026-05-07","2026-05-08","2026-05-08 17:49:03","2026-05-08 17:49:03","2026-05-08 17:49:03","2026-05-09 01:03:03","X202605000555004","Y",""
"XDIST202605070004991172","MD요청-상품","50114","원주중앙(대-위)","위탁","25N","DXCP5015N","BLL","58","출고완료","1","1","0","1","장윤희(YHJANG)","2026-05-07","2026-05-08","2026-05-08 17:49:03","2026-05-08 17:49:03","2026-05-08 17:49:03","2026-05-09 01:02:24","X202605000555009","Y",""
"XDIST202605070004991172","MD요청-상품","10011","롯데미아","위탁","25N","DXCP5015N","BLL","58","출고완료","1","1","0","1","장윤희(YHJANG)","2026-05-07","2026-05-08","2026-05-08 17:33:04","2026-05-08 17:33:04","2026-05-08 17:33:04","2026-05-09 01:03:15","X202605000555011","Y",""
"XDIST202605070004991172","MD요청-상품","10060","AK수원","위탁","25N","DXCP5015N","BLL","58","출고완료","1","1","0","1","장윤희(YHJANG)","2026-05-07","2026-05-08","2026-05-08 17:49:03","2026-05-08 17:49:03","2026-05-08 17:49:03","2026-05-09 01:03:41","X202605000555019","Y",""
"XDIST202605070004991172","MD요청-상품","50123","포항중앙(대-위)","위탁","25N","DXCP5015N","BLL","58","출고완료","1","1","0","1","장윤희(YHJANG)","2026-05-07","2026-05-08","2026-05-08 17:33:04","2026-05-08 17:33:04","2026-05-08 17:33:04","2026-05-09 01:02:27","X202605000555026","Y",""
"XDIST202605060004974322","MD요청-상품","50120","춘천(대-위)","위탁","26S","DMRS8I063","KAD","100","출고완료","1","1","0","1","권현정(KHJEONG)","2026-05-06","2026-05-06","2026-05-06 17:26:10","2026-05-06 17:26:10","2026-05-06 17:26:10","2026-05-07 01:03:52","X202605000365259","Y",""
"XDIST202605060004974322","MD요청-상품","50020","안동(대-위)","위탁","26S","DMRS8I063","KAD","100","출고완료","1","1","0","1","권현정(KHJEONG)","2026-05-06","2026-05-06","2026-05-06 17:31:06","2026-05-06 17:31:06","2026-05-06 17:31:06","2026-05-07 01:04:39","X202605000365260","Y",""
"XDIST202605070004991172","MD요청-상품","50098","울산무거(대-위)","위탁","25N","DXCP5015N","BLL","58","출고완료","1","1","0","1","장윤희(YHJANG)","2026-05-07","2026-05-08","2026-05-08 17:49:03","2026-05-08 17:49:03","2026-05-08 17:49:03","2026-05-09 01:03:02","X202605000555042","Y",""
"XDIST202605070004991172","MD요청-상품","50130","NC야탑(대-위)","위탁","25N","DXCP5015N","BLL","58","출고완료","1","1","0","1","장윤희(YHJANG)","2026-05-07","2026-05-08","2026-05-08 17:33:04","2026-05-08 17:33:04","2026-05-08 17:33:04","2026-05-09 01:03:33","X202605000555043","Y",""
"XDIST202605070004991172","MD요청-상품","50099","안양(대-위)","위탁","25N","DXCP5015N","BLL","56","출고완료","1","1","0","1","장윤희(YHJANG)","2026-05-07","2026-05-08","2026-05-08 17:33:04","2026-05-08 17:33:04","2026-05-08 17:33:04","2026-05-09 01:02:29","X202605000555044","Y",""
"XDIST202605070004991172","MD요청-상품","50134","광명점(대-위)","위탁","25N","DXCP5015N","BLL","58","출고완료","1","1","0","1","장윤희(YHJANG)","2026-05-07","2026-05-08","2026-05-08 17:33:04","2026-05-08 17:33:04","2026-05-08 17:33:04","2026-05-09 01:03:51","X202605000555047","Y",""
"XDIST202605070004991172","MD요청-상품","50134","광명점(대-위)","위탁","25N","DXCP5015N","BLL","56","출고완료","1","1","0","1","장윤희(YHJANG)","2026-05-07","2026-05-08","2026-05-08 17:33:04","2026-05-08 17:33:04","2026-05-08 17:33:04","2026-05-09 01:03:51","X202605000555047","Y",""
"XDIST202605070004991172","MD요청-상품","50015","군산수송(대-위)","위탁","25N","DXCP5015N","BLL","58","출고완료","1","1","0","1","장윤희(YHJANG)","2026-05-07","2026-05-08","2026-05-08 17:33:04","2026-05-08 17:33:04","2026-05-08 17:33:04","2026-05-09 01:02:48","X202605000555050","Y",""
"XDIST202605070004991172","MD요청-상품","10044","롯데구리","위탁","25N","DXCP5015N","BLL","56","출고완료","1","1","0","1","장윤희(YHJANG)","2026-05-07","2026-05-08","2026-05-08 17:49:03","2026-05-08 17:49:03","2026-05-08 17:49:03","2026-05-09 01:03:17","X202605000555069","Y",""
"XDIST202605070004991172","MD요청-상품","10052","롯데강남","위탁","25N","DXCP5015N","BLL","58","출고완료","1","1","0","1","장윤희(YHJANG)","2026-05-07","2026-05-08","2026-05-08 17:33:04","2026-05-08 17:33:04","2026-05-08 17:33:04","2026-05-09 01:03:13","X202605000555075","Y",""
"XDIST202605070004991172","MD요청-상품","10052","롯데강남","위탁","25N","DXCP5015N","BLL","56","출고완료","1","1","0","1","장윤희(YHJANG)","2026-05-07","2026-05-08","2026-05-08 17:33:04","2026-05-08 17:33:04","2026-05-08 17:33:04","2026-05-09 01:03:13","X202605000555075","Y",""
"XDIST202605070004991172","MD요청-상품","30043","스타필드안성(직)","위탁","25N","DXCP5015N","BLL","58","출고완료","1","1","0","1","장윤희(YHJANG)","2026-05-07","2026-05-08","2026-05-08 17:33:04","2026-05-08 17:33:04","2026-05-08 17:33:04","2026-05-09 01:02:48","X202605000555081","Y",""
"XDIST202605040004968716","엑셀수기배분","90019","EC-온라인물류","위탁","26S","DWPT7F063","DWS","28","출고완료","5","5","0","5","박정민(PJM1003)","2026-05-04","2026-05-06","2026-05-06 17:19:01","2026-05-06 17:19:01","2026-05-06 17:19:01","2026-05-07 01:01:55","X202605000201525","Y",""
"XDIST202605040004968716","엑셀수기배분","90019","EC-온라인물류","위탁","26S","DWPT7F063","BES","25","출고완료","10","10","0","10","박정민(PJM1003)","2026-05-04","2026-05-06","2026-05-06 17:19:01","2026-05-06 17:19:01","2026-05-06 17:19:01","2026-05-07 01:01:57","X202605000201525","Y",""
"XDIST202605040004968716","엑셀수기배분","90019","EC-온라인물류","위탁","26S","DWPT7F063","BGN","28","출고완료","1","1","0","1","박정민(PJM1003)","2026-05-04","2026-05-06","2026-05-06 17:19:01","2026-05-06 17:19:01","2026-05-06 17:19:01","2026-05-07 01:01:55","X202605000201525","Y",""
"XDIST202605040004968716","엑셀수기배분","90019","EC-온라인물류","위탁","26S","DWPT7F063","DGS","27","출고완료","5","5","0","5","박정민(PJM1003)","2026-05-04","2026-05-06","2026-05-06 17:19:01","2026-05-06 17:19:01","2026-05-06 17:19:01","2026-05-07 01:01:55","X202605000201525","Y",""
"XDIST202605040004968716","엑셀수기배분","90019","EC-온라인물류","위탁","26S","DWRS94063","WHS","90","출고완료","10","10","0","10","박정민(PJM1003)","2026-05-04","2026-05-06","2026-05-06 17:19:01","2026-05-06 17:19:01","2026-05-06 17:19:01","2026-05-07 01:01:53","X202605000201526","Y",""
"XDIST202605040004968716","엑셀수기배분","90019","EC-온라인물류","위탁","26S","DWRS94063","LVL","90","출고완료","5","5","0","5","박정민(PJM1003)","2026-05-04","2026-05-06","2026-05-06 17:19:01","2026-05-06 17:19:01","2026-05-06 17:19:01","2026-05-07 01:01:57","X202605000201526","Y",""
"XDIST202605040004968716","엑셀수기배분","90019","EC-온라인물류","위탁","26S","DWSBB2063","DWS","25","출고완료","15","15","0","15","박정민(PJM1003)","2026-05-04","2026-05-06","2026-05-06 17:19:01","2026-05-06 17:19:01","2026-05-06 17:19:01","2026-05-07 01:01:57","X202605000201527","Y",""
"XDIST202605040004968716","엑셀수기배분","90019","EC-온라인물류","위탁","26S","DWSBB2063","INS","27","출고완료","10","10","0","10","박정민(PJM1003)","2026-05-04","2026-05-06","2026-05-06 17:19:01","2026-05-06 17:19:01","2026-05-06 17:19:01","2026-05-07 01:01:53","X202605000201527","Y",""
"XDIST202605070004991172","MD요청-상품","50159","용인(대-위)","위탁","25N","DXCP5015N","BLL","56","출고완료","1","1","0","1","장윤희(YHJANG)","2026-05-07","2026-05-08","2026-05-08 17:33:04","2026-05-08 17:33:04","2026-05-08 17:33:04","2026-05-09 01:02:17","X202605000555087","Y",""
"XDIST202605070004989715","MD요청-상품","50182","금왕(대-위)","위탁","25N","DXCP5025N","BKS","56","출고완료","5","5","0","5","장윤희(YHJANG)","2026-05-07","2026-05-08","2026-05-08 17:33:03","2026-05-08 17:33:03","2026-05-08 17:33:03","2026-05-09 01:01:52","X202605000549973","Y",""
"XDIST202605070004989715","MD요청-상품","50074","모다인천(대-위)","위탁","25N","DXCP5025N","BKS","58","출고완료","5","5","0","5","장윤희(YHJANG)","2026-05-07","2026-05-08","2026-05-08 17:49:02","2026-05-08 17:49:02","2026-05-08 17:49:02","2026-05-09 01:01:38","X202605000549974","Y",""
"XDIST202605070004989715","MD요청-상품","50063","스퀘어원(대-위)","위탁","25N","DXCP5025N","BKS","58","출고완료","5","5","0","5","장윤희(YHJANG)","2026-05-07","2026-05-08","2026-05-08 17:33:03","2026-05-08 17:33:03","2026-05-08 17:33:03","2026-05-09 01:03:50","X202605000549975","Y",""
"XDIST202605070004989715","MD요청-상품","30046","LF스퀘어광양(직)","위탁","25N","DXCP5025N","BKS","58","출고완료","5","5","0","5","장윤희(YHJANG)","2026-05-07","2026-05-08","2026-05-08 17:49:02","2026-05-08 17:49:02","2026-05-08 17:49:02","2026-05-09 01:01:41","X202605000549977","Y",""
"XDIST202605070004990400","MD요청-상품","31006","명동점(직)","위탁","25N","DXCP5025N","KAL","58","출고완료","5","5","0","5","장윤희(YHJANG)","2026-05-07","2026-05-08","2026-05-08 17:33:03","2026-05-08 17:33:03","2026-05-08 17:33:03","2026-05-09 13:23:00","X202605000551839","Y",""
"XDIST202605060004974160","MD요청-상품","50198","세종(대-위)","위탁","26S","DWRS97063","IVD","95","출고완료","1","1","0","1","권현정(KHJEONG)","2026-05-06","2026-05-06","2026-05-06 17:31:05","2026-05-06 17:31:05","2026-05-06 17:31:05","2026-05-07 01:03:50","X202605000364876","Y",""
"XDIST202605060004974160","MD요청-상품","50206","부산녹산(대-위)","위탁","26S","DWRS97063","IVD","95","출고완료","1","1","0","1","권현정(KHJEONG)","2026-05-06","2026-05-06","2026-05-06 17:26:09","2026-05-06 17:26:09","2026-05-06 17:26:09","2026-05-07 01:04:18","X202605000364881","Y",""
"XDIST202605070004988721","엑셀수기배분","X0015","쇼룸(기획MD)","위탁","26S","DKRS84063","LAL","130","출고완료","1","1","0","1","김소진(SOJIN1027)","2026-05-07","2026-05-07","2026-05-08 17:29:05","2026-05-08 17:29:05","2026-05-08 17:29:05","2026-05-09 01:01:26","X202605000543366","Y",""
"XDIST202605070004990118","엑셀수기배분","10055","신세계광주","위탁","25S","DXRS7Q053","WHS","90","출고완료","2","2","0","0","김주형(RLAWNGUD14)","2026-05-07","2026-05-08","2026-05-08 17:33:03","2026-05-08 17:33:03","2026-05-08 17:33:03","","X202605000551331","Y",""
"XDIST202605070004990118","엑셀수기배분","10011","롯데미아","위탁","25S","DMTR39051","BKS","100","출고완료","2","2","0","0","김주형(RLAWNGUD14)","2026-05-07","2026-05-08","2026-05-08 17:33:03","2026-05-08 17:33:03","2026-05-08 17:33:03","","X202605000551336","Y",""
"XDIST202605070004990118","엑셀수기배분","10096","롯데동탄","위탁","25S","DXTR7C053","DKS","100","출고완료","2","2","0","2","김주형(RLAWNGUD14)","2026-05-07","2026-05-08","2026-05-08 17:33:03","2026-05-08 17:33:03","2026-05-08 17:33:03","2026-05-09 01:03:19","X202605000551338","Y",""
"XDIST202605070004990118","엑셀수기배분","10070","신세계강남","위탁","24N","DXSH7334N","BKS","270","출고완료","1","1","0","1","김주형(RLAWNGUD14)","2026-05-07","2026-05-08","2026-05-08 17:33:03","2026-05-08 17:33:03","2026-05-08 17:33:03","2026-05-09 01:03:27","X202605000551339","Y",""
"XDIST202605080004993589","엑셀수기배분","90019","EC-온라인물류","위탁","25S","DWPD34051","GRS","90","출고완료","4","4","0","0","허새흰(HEEN1)","2026-05-08","2026-05-08","2026-05-08 17:30:04","2026-05-08 17:30:04","2026-05-08 17:30:04","","X202605000617709","Y",""
"XDIST202605080004993589","엑셀수기배분","90019","EC-온라인물류","위탁","25S","DWRS95053","NYD","100","출고완료","2","2","0","0","허새흰(HEEN1)","2026-05-08","2026-05-08","2026-05-08 17:30:04","2026-05-08 17:30:04","2026-05-08 17:30:04","","X202605000617710","Y",""
"XDIST202605070004991172","MD요청-상품","50047","순천중앙(대-위)","위탁","25N","DXCP5015N","BLL","58","출고완료","1","1","0","1","장윤희(YHJANG)","2026-05-07","2026-05-08","2026-05-08 17:33:03","2026-05-08 17:33:03","2026-05-08 17:33:03","2026-05-09 01:02:30","X202605000554920","Y",""
"XDIST202605070004991172","MD요청-상품","50204","인천만수(대-위)","위탁","25N","DXCP5015N","BLL","56","출고완료","1","1","0","1","장윤희(YHJANG)","2026-05-07","2026-05-08","2026-05-08 17:49:03","2026-05-08 17:49:03","2026-05-08 17:49:03","2026-05-09 01:03:54","X202605000554931","Y",""
"XDIST202605070004991172","MD요청-상품","50206","부산녹산(대-위)","위탁","25N","DXCP5015N","BLL","56","출고완료","1","1","0","1","장윤희(YHJANG)","2026-05-07","2026-05-08","2026-05-08 17:49:03","2026-05-08 17:49:03","2026-05-08 17:49:03","2026-05-09 01:03:09","X202605000554935","Y",""
"XDIST202605070004991172","MD요청-상품","50208","전주신도시(대-위)","위탁","25N","DXCP5015N","BLL","56","출고완료","1","1","0","1","장윤희(YHJANG)","2026-05-07","2026-05-08","2026-05-08 17:33:03","2026-05-08 17:33:03","2026-05-08 17:33:03","2026-05-09 01:02:18","X202605000554938","Y",""
"XDIST202605070004991172","MD요청-상품","50172","안성(대-위)","위탁","25N","DXCP5015N","BLL","58","출고완료","1","1","0","1","장윤희(YHJANG)","2026-05-07","2026-05-08","2026-05-08 17:33:03","2026-05-08 17:33:03","2026-05-08 17:33:03","2026-05-09 01:02:28","X202605000554942","Y",""
"XDIST202605070004991172","MD요청-상품","30028","광주상무(직)","위탁","25N","DXCP5015N","BLL","58","출고완료","1","1","0","1","장윤희(YHJANG)","2026-05-07","2026-05-08","2026-05-08 17:49:03","2026-05-08 17:49:03","2026-05-08 17:49:03","2026-05-09 01:01:37","X202605000554959","Y",""
"XDIST202605070004991172","MD요청-상품","10080","엔터6왕십리","위탁","25N","DXCP5015N","BLL","58","출고완료","1","1","0","1","장윤희(YHJANG)","2026-05-07","2026-05-08","2026-05-08 17:33:03","2026-05-08 17:33:03","2026-05-08 17:33:03","2026-05-09 01:03:42","X202605000554961","Y",""
"XDIST202605070004991172","MD요청-상품","50188","논산(대-위)","위탁","25N","DXCP5015N","BLL","58","출고완료","1","1","0","1","장윤희(YHJANG)","2026-05-07","2026-05-08","2026-05-08 17:33:03","2026-05-08 17:33:03","2026-05-08 17:33:03","2026-05-09 01:02:17","X202605000554977","Y",""
"XDIST202605070004991172","MD요청-상품","50187","인천계산(대-위)","위탁","25N","DXCP5015N","BLL","58","출고완료","1","1","0","1","장윤희(YHJANG)","2026-05-07","2026-05-08","2026-05-08 17:33:03","2026-05-08 17:33:03","2026-05-08 17:33:03","2026-05-09 01:02:32","X202605000554978","Y",""
"XDIST202605070004991172","MD요청-상품","10087","롯데인천","위탁","25N","DXCP5015N","BLL","58","출고완료","1","1","0","1","장윤희(YHJANG)","2026-05-07","2026-05-08","2026-05-08 17:49:03","2026-05-08 17:49:03","2026-05-08 17:49:03","2026-05-09 01:03:52","X202605000554981","Y",""
"XDIST202605070004991172","MD요청-상품","50189","양산(대-위)","위탁","25N","DXCP5015N","BLL","58","출고완료","1","1","0","1","장윤희(YHJANG)","2026-05-07","2026-05-08","2026-05-08 17:33:04","2026-05-08 17:33:04","2026-05-08 17:33:04","2026-05-09 01:02:54","X202605000554982","Y",""
"XDIST202605070004991172","MD요청-상품","50101","김포(대-위)","위탁","25N","DXCP5015N","BLL","56","출고완료","1","1","0","1","장윤희(YHJANG)","2026-05-07","2026-05-08","2026-05-08 17:49:03","2026-05-08 17:49:03","2026-05-08 17:49:03","2026-05-09 01:01:45","X202605000554983","Y",""
"XDIST202605060004981672","엑셀수기배분","30024","롯데아울렛부여(직)","위탁","24S","DMPT7C043","NBD","28","출고완료","3","3","0","3","이훈희(LEEHH1149)","2026-05-06","2026-05-07","2026-05-07 17:07:01","2026-05-07 17:07:01","2026-05-07 17:07:01","2026-05-08 01:02:53","X202605000399036","Y",""
"XDIST202605060004981672","엑셀수기배분","30024","롯데아울렛부여(직)","위탁","24S","DMTB61043","INS","34","출고완료","2","2","0","2","이훈희(LEEHH1149)","2026-05-06","2026-05-07","2026-05-07 17:07:01","2026-05-07 17:07:01","2026-05-07 17:07:01","2026-05-08 01:02:32","X202605000399037","Y",""
"XDIST202605060004981672","엑셀수기배분","30024","롯데아울렛부여(직)","위탁","24S","DWTP68043","BKS","28","출고완료","2","2","0","2","이훈희(LEEHH1149)","2026-05-06","2026-05-07","2026-05-07 17:07:02","2026-05-07 17:07:02","2026-05-07 17:07:02","2026-05-08 01:02:32","X202605000399038","Y",""
"XDIST202605060004981672","엑셀수기배분","30024","롯데아울렛부여(직)","위탁","24S","DMTR51043","GNS","100","출고완료","2","2","0","2","이훈희(LEEHH1149)","2026-05-06","2026-05-07","2026-05-07 17:07:02","2026-05-07 17:07:02","2026-05-07 17:07:02","2026-05-08 01:02:48","X202605000399039","Y",""
"XDIST202605060004981672","엑셀수기배분","30024","롯데아울렛부여(직)","위탁","24S","DMTR51043","GNS","105","출고완료","3","3","0","3","이훈희(LEEHH1149)","2026-05-06","2026-05-07","2026-05-07 17:07:02","2026-05-07 17:07:02","2026-05-07 17:07:02","2026-05-08 01:02:48","X202605000399039","Y",""
"XDIST202605060004981672","엑셀수기배분","30024","롯데아울렛부여(직)","위탁","24S","DWTR52043","CRD","90","출고완료","5","5","0","5","이훈희(LEEHH1149)","2026-05-06","2026-05-07","2026-05-07 17:07:02","2026-05-07 17:07:02","2026-05-07 17:07:02","2026-05-08 01:02:37","X202605000399039","Y",""
"XDIST202605060004981672","엑셀수기배분","30024","롯데아울렛부여(직)","위탁","24S","DWTR52043","IVD","90","출고완료","10","10","0","10","이훈희(LEEHH1149)","2026-05-06","2026-05-07","2026-05-07 17:07:02","2026-05-07 17:07:02","2026-05-07 17:07:02","2026-05-08 01:02:32","X202605000399039","Y",""
"XDIST202605060004981672","엑셀수기배분","30024","롯데아울렛부여(직)","위탁","24S","DWTR52043","IVD","95","출고완료","3","3","0","3","이훈희(LEEHH1149)","2026-05-06","2026-05-07","2026-05-07 17:07:02","2026-05-07 17:07:02","2026-05-07 17:07:02","2026-05-08 01:02:32","X202605000399039","Y",""
"XDIST202605060004981672","엑셀수기배분","30024","롯데아울렛부여(직)","위탁","24S","DXTR75043","IVS","100","출고완료","3","3","0","3","이훈희(LEEHH1149)","2026-05-06","2026-05-07","2026-05-07 17:07:02","2026-05-07 17:07:02","2026-05-07 17:07:02","2026-05-08 01:02:41","X202605000399039","Y",""
"XDIST202605060004981672","엑셀수기배분","30024","롯데아울렛부여(직)","위탁","24S","DMTS55043","WHS","100","출고완료","3","3","0","3","이훈희(LEEHH1149)","2026-05-06","2026-05-07","2026-05-07 17:07:02","2026-05-07 17:07:02","2026-05-07 17:07:02","2026-05-08 01:02:12","X202605000399040","Y",""
"XDIST202605060004981672","엑셀수기배분","30024","롯데아울렛부여(직)","위탁","24S","DMTSG3043","CRS","95","출고완료","2","2","0","2","이훈희(LEEHH1149)","2026-05-06","2026-05-07","2026-05-07 17:07:02","2026-05-07 17:07:02","2026-05-07 17:07:02","2026-05-08 01:02:15","X202605000399040","Y",""
"XDIST202605060004981672","엑셀수기배분","30024","롯데아울렛부여(직)","위탁","24S","DMTSGE043","GNN","110","출고완료","3","3","0","3","이훈희(LEEHH1149)","2026-05-06","2026-05-07","2026-05-07 17:07:02","2026-05-07 17:07:02","2026-05-07 17:07:02","2026-05-08 01:02:17","X202605000399040","Y",""
"XDIST202605060004981672","엑셀수기배분","30024","롯데아울렛부여(직)","위탁","24S","DMTSGI043","CRS","110","출고완료","3","3","0","3","이훈희(LEEHH1149)","2026-05-06","2026-05-07","2026-05-07 17:07:02","2026-05-07 17:07:02","2026-05-07 17:07:02","2026-05-08 01:02:12","X202605000399040","Y",""
"XDIST202605060004981672","엑셀수기배분","30024","롯데아울렛부여(직)","위탁","24S","DMTSGQ043","CAS","110","출고완료","3","3","0","3","이훈희(LEEHH1149)","2026-05-06","2026-05-07","2026-05-07 17:07:02","2026-05-07 17:07:02","2026-05-07 17:07:02","2026-05-08 01:02:12","X202605000399040","Y",""
"XDIST202605060004981672","엑셀수기배분","30024","롯데아울렛부여(직)","위탁","24S","DWTSG4043","CRS","90","출고완료","3","3","0","3","이훈희(LEEHH1149)","2026-05-06","2026-05-07","2026-05-07 17:07:02","2026-05-07 17:07:02","2026-05-07 17:07:02","2026-05-08 01:02:12","X202605000399040","Y",""
"XDIST202605060004981672","엑셀수기배분","30024","롯데아울렛부여(직)","위탁","24S","DWWJ62043","LVD","100","출고완료","3","3","0","3","이훈희(LEEHH1149)","2026-05-06","2026-05-07","2026-05-07 17:07:02","2026-05-07 17:07:02","2026-05-07 17:07:02","2026-05-08 01:02:15","X202605000399041","Y",""
"XDIST202605060004981672","엑셀수기배분","30024","롯데아울렛부여(직)","위탁","24S","DWWJ93043","BKS","100","출고완료","2","2","0","2","이훈희(LEEHH1149)","2026-05-06","2026-05-07","2026-05-07 17:07:02","2026-05-07 17:07:02","2026-05-07 17:07:02","2026-05-08 01:02:32","X202605000399041","Y",""
"XDIST202605060004981672","엑셀수기배분","30024","롯데아울렛부여(직)","위탁","24S","DWWJ93043","BKS","95","출고완료","10","10","0","10","이훈희(LEEHH1149)","2026-05-06","2026-05-07","2026-05-07 17:07:02","2026-05-07 17:07:02","2026-05-07 17:07:02","2026-05-08 01:02:15","X202605000399041","Y",""
"XDIST202605060004981672","엑셀수기배분","30024","롯데아울렛부여(직)","위탁","24S","DWWJ93043","LYS","100","출고완료","3","3","0","3","이훈희(LEEHH1149)","2026-05-06","2026-05-07","2026-05-07 17:07:02","2026-05-07 17:07:02","2026-05-07 17:07:02","2026-05-08 01:02:15","X202605000399041","Y",""
"XDIST202605060004981672","엑셀수기배분","30024","롯데아울렛부여(직)","위탁","24S","DXRS6A043","CBL","95","출고완료","3","3","0","3","이훈희(LEEHH1149)","2026-05-06","2026-05-07","2026-05-07 17:07:02","2026-05-07 17:07:02","2026-05-07 17:07:02","2026-05-08 01:02:41","X202605000399042","Y",""
"XDIST202605060004981672","엑셀수기배분","30024","롯데아울렛부여(직)","위탁","24S","DXRS79043","BLD","110","출고완료","2","2","0","2","이훈희(LEEHH1149)","2026-05-06","2026-05-07","2026-05-07 17:07:02","2026-05-07 17:07:02","2026-05-07 17:07:02","2026-05-08 01:02:53","X202605000399042","Y",""
"XDIST202605060004981672","엑셀수기배분","30024","롯데아울렛부여(직)","위탁","24S","DXRS79043","BLD","115","출고완료","2","2","0","2","이훈희(LEEHH1149)","2026-05-06","2026-05-07","2026-05-07 17:07:02","2026-05-07 17:07:02","2026-05-07 17:07:02","2026-05-08 01:02:17","X202605000399042","Y",""
"XDIST202605060004981672","엑셀수기배분","30024","롯데아울렛부여(직)","위탁","24S","DXRS7C043","GNN","105","출고완료","2","2","0","2","이훈희(LEEHH1149)","2026-05-06","2026-05-07","2026-05-07 17:07:02","2026-05-07 17:07:02","2026-05-07 17:07:02","2026-05-08 01:02:32","X202605000399042","Y",""
"XDIST202605070004991545","MD요청-상품","31006","명동점(직)","위탁","25N","DXCP5015N","LVS","56","출고완료","2","2","0","2","장윤희(YHJANG)","2026-05-07","2026-05-08","2026-05-08 17:33:04","2026-05-08 17:33:04","2026-05-08 17:33:04","2026-05-09 13:23:02","X202605000555826","Y",""
"XDIST202605070004991545","MD요청-상품","10027","롯데평촌","위탁","25N","DXCP5015N","LVS","56","출고완료","1","1","0","1","장윤희(YHJANG)","2026-05-07","2026-05-08","2026-05-08 17:49:03","2026-05-08 17:49:03","2026-05-08 17:49:03","2026-05-09 01:03:20","X202605000555828","Y",""
"XDIST202605070004991545","MD요청-상품","10039","AK원주","위탁","25N","DXCP5015N","LVS","56","출고완료","1","1","0","1","장윤희(YHJANG)","2026-05-07","2026-05-08","2026-05-08 17:49:03","2026-05-08 17:49:03","2026-05-08 17:49:03","2026-05-09 01:02:14","X202605000555833","Y",""
"XDIST202605070004991545","MD요청-상품","50174","구미중앙(대-위)","위탁","25N","DXCP5015N","LVS","58","출고완료","1","1","0","1","장윤희(YHJANG)","2026-05-07","2026-05-08","2026-05-08 17:33:04","2026-05-08 17:33:04","2026-05-08 17:33:04","2026-05-09 01:02:37","X202605000555837","Y",""
"XDIST202605070004991545","MD요청-상품","50177","남원(대-위)","위탁","25N","DXCP5015N","LVS","56","출고완료","1","1","0","1","장윤희(YHJANG)","2026-05-07","2026-05-08","2026-05-08 17:49:03","2026-05-08 17:49:03","2026-05-08 17:49:03","2026-05-09 01:03:09","X202605000555838","Y",""
"XDIST202605070004991545","MD요청-상품","50057","여천(대-위)","위탁","25N","DXCP5015N","LVS","56","출고완료","1","1","0","1","장윤희(YHJANG)","2026-05-07","2026-05-08","2026-05-08 17:33:04","2026-05-08 17:33:04","2026-05-08 17:33:04","2026-05-09 01:02:00","X202605000555843","Y",""
"XDIST202605070004991545","MD요청-상품","10081","신세계스타일마켓","위탁","25N","DXCP5015N","LVS","56","출고완료","1","1","0","1","장윤희(YHJANG)","2026-05-07","2026-05-08","2026-05-08 17:49:03","2026-05-08 17:49:03","2026-05-08 17:49:03","2026-05-09 01:02:12","X202605000555847","Y",""
"XDIST202605070004991545","MD요청-상품","50182","금왕(대-위)","위탁","25N","DXCP5015N","LVS","58","출고완료","2","2","0","2","장윤희(YHJANG)","2026-05-07","2026-05-08","2026-05-08 17:33:04","2026-05-08 17:33:04","2026-05-08 17:33:04","2026-05-09 01:01:52","X202605000555849","Y",""
"XDIST202605070004991545","MD요청-상품","50183","대전은행(대-위)","위탁","25N","DXCP5015N","LVS","58","출고완료","1","1","0","1","장윤희(YHJANG)","2026-05-07","2026-05-08","2026-05-08 17:49:03","2026-05-08 17:49:03","2026-05-08 17:49:03","2026-05-09 01:02:13","X202605000555855","Y",""
"XDIST202605070004991545","MD요청-상품","50189","양산(대-위)","위탁","25N","DXCP5015N","LVS","56","출고완료","1","1","0","1","장윤희(YHJANG)","2026-05-07","2026-05-08","2026-05-08 17:33:04","2026-05-08 17:33:04","2026-05-08 17:33:04","2026-05-09 01:02:54","X202605000555861","Y",""
"XDIST202605070004991545","MD요청-상품","50190","아트몰링하단(대-위)","위탁","25N","DXCP5015N","LVS","56","출고완료","1","1","0","1","장윤희(YHJANG)","2026-05-07","2026-05-08","2026-05-08 17:33:04","2026-05-08 17:33:04","2026-05-08 17:33:04","2026-05-09 01:01:56","X202605000555871","Y",""
"XDIST202605070004991545","MD요청-상품","50115","부천(대-위)","위탁","25N","DXCP5015N","LVS","56","출고완료","1","1","0","1","장윤희(YHJANG)","2026-05-07","2026-05-08","2026-05-08 17:49:03","2026-05-08 17:49:03","2026-05-08 17:49:03","2026-05-09 01:03:05","X202605000555877","Y",""
"XDIST202605070004991639","MD요청-상품","50167","부산광복(대-위)","위탁","25N","DXCP5015N","ORS","56","출고완료","1","1","0","1","장윤희(YHJANG)","2026-05-07","2026-05-08","2026-05-08 17:33:04","2026-05-08 17:33:04","2026-05-08 17:33:04","2026-05-09 01:02:36","X202605000556242","Y",""
"XDIST202605070004991639","MD요청-상품","10025","롯데노원","위탁","25N","DXCP5015N","ORS","56","출고완료","1","1","0","1","장윤희(YHJANG)","2026-05-07","2026-05-08","2026-05-08 17:49:03","2026-05-08 17:49:03","2026-05-08 17:49:03","2026-05-09 01:03:14","X202605000556246","Y",""
"XDIST202605070004991639","MD요청-상품","10025","롯데노원","위탁","25N","DXCP5015N","ORS","58","출고완료","1","1","0","1","장윤희(YHJANG)","2026-05-07","2026-05-08","2026-05-08 17:49:03","2026-05-08 17:49:03","2026-05-08 17:49:03","2026-05-09 01:03:14","X202605000556246","Y",""
"XDIST202605070004991639","MD요청-상품","31005","강남사옥(직)","위탁","25N","DXCP5015N","ORS","56","출고완료","1","1","0","1","장윤희(YHJANG)","2026-05-07","2026-05-08","2026-05-08 17:33:04","2026-05-08 17:33:04","2026-05-08 17:33:04","2026-05-09 10:03:36","X202605000556248","Y",""
"XDIST202605070004991639","MD요청-상품","10027","롯데평촌","위탁","25N","DXCP5015N","ORS","56","출고완료","1","1","0","1","장윤희(YHJANG)","2026-05-07","2026-05-08","2026-05-08 17:49:03","2026-05-08 17:49:03","2026-05-08 17:49:03","2026-05-09 01:03:20","X202605000556249","Y",""
"XDIST202605070004991639","MD요청-상품","50209","서귀포(대-위)","위탁","25N","DXCP5015N","ORS","56","출고완료","1","1","0","1","장윤희(YHJANG)","2026-05-07","2026-05-08","2026-05-08 17:33:04","2026-05-08 17:33:04","2026-05-08 17:33:04","2026-05-09 01:02:28","X202605000556252","Y",""
"XDIST202605070004991639","MD요청-상품","50055","창원중앙(대-위)","위탁","25N","DXCP5015N","ORS","56","출고완료","1","1","0","1","장윤희(YHJANG)","2026-05-07","2026-05-08","2026-05-08 17:33:04","2026-05-08 17:33:04","2026-05-08 17:33:04","2026-05-09 01:01:59","X202605000556259","Y",""
"XDIST202605070004991639","MD요청-상품","50103","광주흑석(대-위)","위탁","25N","DXCP5015N","ORS","56","출고완료","1","1","0","1","장윤희(YHJANG)","2026-05-07","2026-05-08","2026-05-08 17:33:04","2026-05-08 17:33:04","2026-05-08 17:33:04","2026-05-09 01:02:02","X202605000556281","Y",""
"XDIST202605040004958986","엑셀수기배분","11020","K_신세계영등포","위탁","26S","DKRS92063","WHS","130","출고완료","1","1","0","1","김소진(SOJIN1027)","2026-05-04","2026-05-04","2026-05-04 18:58:14","2026-05-04 18:58:14","2026-05-04 18:58:14","2026-05-05 01:09:09","X202605000175452","Y",""
"XDIST202605040004958986","엑셀수기배분","11023","K_신세계마산","위탁","26S","DKRS72063","DBS","130","출고완료","1","1","0","1","김소진(SOJIN1027)","2026-05-04","2026-05-04","2026-05-04 18:58:14","2026-05-04 18:58:14","2026-05-04 18:58:14","2026-05-05 01:07:14","X202605000175454","Y",""
"XDIST202605040004958986","엑셀수기배분","11023","K_신세계마산","위탁","26S","DKRS91063","LPL","160","출고완료","1","1","0","1","김소진(SOJIN1027)","2026-05-04","2026-05-04","2026-05-04 18:58:14","2026-05-04 18:58:14","2026-05-04 18:58:14","2026-05-05 01:05:47","X202605000175454","Y",""
"XDIST202605040004958986","엑셀수기배분","11023","K_신세계마산","위탁","26S","DKSP14063","BKS","130","출고완료","1","1","0","1","김소진(SOJIN1027)","2026-05-04","2026-05-04","2026-05-04 18:58:14","2026-05-04 18:58:14","2026-05-04 18:58:14","2026-05-05 01:05:47","X202605000175455","Y",""
"XDIST202605040004958986","엑셀수기배분","50047","순천중앙(대-위)","위탁","26S","DKAZ22063","WHS","130","출고완료","1","1","0","1","김소진(SOJIN1027)","2026-05-04","2026-05-04","2026-05-04 18:35:16","2026-05-04 18:35:16","2026-05-04 18:35:16","2026-05-05 01:05:57","X202605000175462","Y",""
"XDIST202605040004958986","엑셀수기배분","50053","전주송천(대-위)","위탁","26S","DKAZ23063","IND","130","출고완료","1","1","0","1","김소진(SOJIN1027)","2026-05-04","2026-05-04","2026-05-04 18:58:14","2026-05-04 18:58:14","2026-05-04 18:58:14","2026-05-05 01:06:34","X202605000175464","Y",""
"XDIST202605040004958986","엑셀수기배분","50053","전주송천(대-위)","위탁","26S","DKRS72063","LYL","150","출고완료","1","1","0","1","김소진(SOJIN1027)","2026-05-04","2026-05-04","2026-05-04 18:58:14","2026-05-04 18:58:14","2026-05-04 18:58:14","2026-05-05 01:06:57","X202605000175467","Y",""
"XDIST202605040004958986","엑셀수기배분","50053","전주송천(대-위)","위탁","26S","DKSP15063","SBL","150","출고완료","1","1","0","1","김소진(SOJIN1027)","2026-05-04","2026-05-04","2026-05-04 18:58:14","2026-05-04 18:58:14","2026-05-04 18:58:14","2026-05-05 01:05:38","X202605000175468","Y",""
"XDIST202605040004958986","엑셀수기배분","50053","전주송천(대-위)","위탁","26S","DKSZ61063","BKS","160","출고완료","1","1","0","1","김소진(SOJIN1027)","2026-05-04","2026-05-04","2026-05-04 18:58:14","2026-05-04 18:58:14","2026-05-04 18:58:14","2026-05-05 01:05:38","X202605000175469","Y",""
"XDIST202605040004958986","엑셀수기배분","50181","경산(대-위)","위탁","26S","DKOP12063","IVS","130","출고완료","1","1","0","1","김소진(SOJIN1027)","2026-05-04","2026-05-04","2026-05-04 18:35:16","2026-05-04 18:35:16","2026-05-04 18:35:16","2026-05-05 01:06:49","X202605000175472","Y",""
"XDIST202605040004958986","엑셀수기배분","50181","경산(대-위)","위탁","26S","DKTB51063","IND","130","출고완료","1","1","0","1","김소진(SOJIN1027)","2026-05-04","2026-05-04","2026-05-04 18:35:16","2026-05-04 18:35:16","2026-05-04 18:35:16","2026-05-05 01:06:53","X202605000175475","Y",""
"XDIST202605070004991545","MD요청-상품","50116","오산(대-위)","위탁","25N","DXCP5015N","LVS","56","출고완료","1","1","0","1","장윤희(YHJANG)","2026-05-07","2026-05-08","2026-05-08 17:49:03","2026-05-08 17:49:03","2026-05-08 17:49:03","2026-05-09 01:02:43","X202605000555880","Y",""
"XDIST202605070004991545","MD요청-상품","50125","엔터6상봉(대-위)","위탁","25N","DXCP5015N","LVS","58","출고완료","2","2","0","2","장윤희(YHJANG)","2026-05-07","2026-05-08","2026-05-08 17:49:03","2026-05-08 17:49:03","2026-05-08 17:49:03","2026-05-09 01:03:42","X202605000555889","Y",""
"XDIST202605070004991545","MD요청-상품","50134","광명점(대-위)","위탁","25N","DXCP5015N","LVS","56","출고완료","1","1","0","1","장윤희(YHJANG)","2026-05-07","2026-05-08","2026-05-08 17:33:04","2026-05-08 17:33:04","2026-05-08 17:33:04","2026-05-09 01:03:51","X202605000555901","Y",""
"XDIST202605070004991545","MD요청-상품","10078","신세계김해","위탁","25N","DXCP5015N","LVS","56","출고완료","1","1","0","1","장윤희(YHJANG)","2026-05-07","2026-05-08","2026-05-08 17:33:04","2026-05-08 17:33:04","2026-05-08 17:33:04","2026-05-09 01:02:23","X202605000555902","Y",""
"XDIST202605070004991545","MD요청-상품","30050","타임스트림신림(직)","위탁","25N","DXCP5015N","LVS","56","출고완료","1","1","0","1","장윤희(YHJANG)","2026-05-07","2026-05-08","2026-05-08 17:33:04","2026-05-08 17:33:04","2026-05-08 17:33:04","2026-05-09 01:02:41","X202605000555909","Y",""
"XDIST202605070004991545","MD요청-상품","50144","당진(대-위)","위탁","25N","DXCP5015N","LVS","56","출고완료","1","1","0","1","장윤희(YHJANG)","2026-05-07","2026-05-08","2026-05-08 17:49:03","2026-05-08 17:49:03","2026-05-08 17:49:03","2026-05-09 01:02:23","X202605000555912","Y",""
"XDIST202605070004991545","MD요청-상품","10045","롯데관악","위탁","25N","DXCP5015N","LVS","56","출고완료","1","1","0","1","장윤희(YHJANG)","2026-05-07","2026-05-08","2026-05-08 17:49:03","2026-05-08 17:49:03","2026-05-08 17:49:03","2026-05-09 01:03:14","X202605000555915","Y",""
"XDIST202605070004991545","MD요청-상품","10051","롯데안산","위탁","25N","DXCP5015N","LVS","56","출고완료","1","1","0","1","장윤희(YHJANG)","2026-05-07","2026-05-08","2026-05-08 17:49:03","2026-05-08 17:49:03","2026-05-08 17:49:03","2026-05-09 01:03:18","X202605000555924","Y",""
"XDIST202605070004991545","MD요청-상품","50153","부평중앙(대-위)","위탁","25N","DXCP5015N","LVS","58","출고완료","1","1","0","1","장윤희(YHJANG)","2026-05-07","2026-05-08","2026-05-08 17:33:04","2026-05-08 17:33:04","2026-05-08 17:33:04","2026-05-09 01:02:31","X202605000555926","Y",""
"XDIST202605070004991639","MD요청-상품","10099","NC대전유성","위탁","25N","DXCP5015N","ORS","56","출고완료","1","1","0","1","장윤희(YHJANG)","2026-05-07","2026-05-08","2026-05-08 17:33:04","2026-05-08 17:33:04","2026-05-08 17:33:04","2026-05-09 01:02:16","X202605000556298","Y",""
"XDIST202605070004991639","MD요청-상품","10016","롯데동래","위탁","25N","DXCP5015N","ORS","56","출고완료","1","1","0","1","장윤희(YHJANG)","2026-05-07","2026-05-08","2026-05-08 17:33:04","2026-05-08 17:33:04","2026-05-08 17:33:04","2026-05-09 01:02:34","X202605000556303","Y",""
"XDIST202605070004991639","MD요청-상품","50122","상주(대-위)","위탁","25N","DXCP5015N","ORS","56","출고완료","1","1","0","1","장윤희(YHJANG)","2026-05-07","2026-05-08","2026-05-08 17:49:03","2026-05-08 17:49:03","2026-05-08 17:49:03","2026-05-09 01:03:07","X202605000556308","Y",""
"XDIST202605070004991639","MD요청-상품","10079","신세계하남","위탁","25N","DXCP5015N","ORS","56","출고완료","1","1","0","1","장윤희(YHJANG)","2026-05-07","2026-05-08","2026-05-08 17:49:03","2026-05-08 17:49:03","2026-05-08 17:49:03","2026-05-09 01:03:30","X202605000556327","Y",""
"XDIST202605070004991639","MD요청-상품","50141","모다천안(대-위)","위탁","25N","DXCP5015N","ORS","56","출고완료","1","1","0","1","장윤희(YHJANG)","2026-05-07","2026-05-08","2026-05-08 17:33:04","2026-05-08 17:33:04","2026-05-08 17:33:04","2026-05-09 01:02:35","X202605000556331","Y",""
"XDIST202605070004991639","MD요청-상품","50143","통영(대-위)","위탁","25N","DXCP5015N","ORS","56","출고완료","1","1","0","1","장윤희(YHJANG)","2026-05-07","2026-05-08","2026-05-08 17:33:04","2026-05-08 17:33:04","2026-05-08 17:33:04","2026-05-09 01:01:51","X202605000556333","Y",""
"XDIST202605080004993592","엑셀수기배분","30028","광주상무(직)","위탁","25S","DKRS75053","BKS","160","출고완료","2","2","0","2","김주형(RLAWNGUD14)","2026-05-08","2026-05-08","2026-05-08 17:46:01","2026-05-08 17:46:01","2026-05-08 17:46:01","2026-05-09 01:02:09","X202605000617763","Y",""
"XDIST202605080004993592","엑셀수기배분","30028","광주상무(직)","위탁","25S","DKRS7A053","BKS","140","출고완료","2","2","0","2","김주형(RLAWNGUD14)","2026-05-08","2026-05-08","2026-05-08 17:46:01","2026-05-08 17:46:01","2026-05-08 17:46:01","2026-05-09 01:01:56","X202605000617763","Y",""
"XDIST202605080004993592","엑셀수기배분","30028","광주상무(직)","위탁","25S","DKRS7A053","BKS","160","출고완료","2","2","0","2","김주형(RLAWNGUD14)","2026-05-08","2026-05-08","2026-05-08 17:46:01","2026-05-08 17:46:01","2026-05-08 17:46:01","2026-05-09 01:01:56","X202605000617763","Y",""
"XDIST202605080004993592","엑셀수기배분","30028","광주상무(직)","위탁","25S","DKTB75053","BKS","140","출고완료","2","2","0","2","김주형(RLAWNGUD14)","2026-05-08","2026-05-08","2026-05-08 17:46:01","2026-05-08 17:46:01","2026-05-08 17:46:01","2026-05-09 01:02:09","X202605000617764","Y",""
"XDIST202605080004993592","엑셀수기배분","30028","광주상무(직)","위탁","25S","DMRS81053","NBD","100","출고완료","2","2","0","2","김주형(RLAWNGUD14)","2026-05-08","2026-05-08","2026-05-08 17:46:01","2026-05-08 17:46:01","2026-05-08 17:46:01","2026-05-09 01:01:46","X202605000617765","Y",""
"XDIST202605080004993592","엑셀수기배분","30028","광주상무(직)","위탁","25S","DMRS85053","BKS","100","출고완료","2","2","0","2","김주형(RLAWNGUD14)","2026-05-08","2026-05-08","2026-05-08 17:46:01","2026-05-08 17:46:01","2026-05-08 17:46:01","2026-05-09 01:01:54","X202605000617765","Y",""
"XDIST202605080004993592","엑셀수기배분","30028","광주상무(직)","위탁","25S","DMRS85053","BKS","110","출고완료","2","2","0","2","김주형(RLAWNGUD14)","2026-05-08","2026-05-08","2026-05-08 17:46:01","2026-05-08 17:46:01","2026-05-08 17:46:01","2026-05-09 01:01:54","X202605000617765","Y",""
"XDIST202605080004993592","엑셀수기배분","30028","광주상무(직)","위탁","25S","DMRS85053","GRD","100","출고완료","2","2","0","2","김주형(RLAWNGUD14)","2026-05-08","2026-05-08","2026-05-08 17:46:01","2026-05-08 17:46:01","2026-05-08 17:46:01","2026-05-09 01:01:56","X202605000617765","Y",""
"XDIST202605080004993592","엑셀수기배분","30028","광주상무(직)","위탁","25S","DMRS85053","LKS","105","출고완료","2","2","0","2","김주형(RLAWNGUD14)","2026-05-08","2026-05-08","2026-05-08 17:46:01","2026-05-08 17:46:01","2026-05-08 17:46:01","2026-05-09 01:01:56","X202605000617765","Y",""
"XDIST202605080004993592","엑셀수기배분","30028","광주상무(직)","위탁","25S","DWRS64053","BKS","95","출고완료","3","3","0","3","김주형(RLAWNGUD14)","2026-05-08","2026-05-08","2026-05-08 17:46:01","2026-05-08 17:46:01","2026-05-08 17:46:01","2026-05-09 01:01:56","X202605000617765","Y",""
"XDIST202605080004993592","엑셀수기배분","30028","광주상무(직)","위탁","25S","DWRS9P053","WHS","95","출고완료","1","1","0","1","김주형(RLAWNGUD14)","2026-05-08","2026-05-08","2026-05-08 17:46:01","2026-05-08 17:46:01","2026-05-08 17:46:01","2026-05-09 01:01:56","X202605000617765","Y",""
"XDIST202605080004993592","엑셀수기배분","30028","광주상무(직)","위탁","25S","DXRS8R053","PPS","95","출고완료","2","2","0","2","김주형(RLAWNGUD14)","2026-05-08","2026-05-08","2026-05-08 17:46:01","2026-05-08 17:46:01","2026-05-08 17:46:01","2026-05-09 01:01:47","X202605000617765","Y",""
"XDIST202605080004993592","엑셀수기배분","30028","광주상무(직)","위탁","25S","DXRS8R053","WHS","105","출고완료","2","2","0","2","김주형(RLAWNGUD14)","2026-05-08","2026-05-08","2026-05-08 17:46:01","2026-05-08 17:46:01","2026-05-08 17:46:01","2026-05-09 01:01:52","X202605000617765","Y",""
"XDIST202605080004993592","엑셀수기배분","30028","광주상무(직)","위탁","25S","DMRS6A053","BKS","105","출고완료","2","2","0","2","김주형(RLAWNGUD14)","2026-05-08","2026-05-08","2026-05-08 17:46:01","2026-05-08 17:46:01","2026-05-08 17:46:01","2026-05-09 01:01:47","X202605000617765","Y",""
"XDIST202605080004993592","엑셀수기배분","30028","광주상무(직)","위탁","25S","DMRS81053","BKS","110","출고완료","2","2","0","2","김주형(RLAWNGUD14)","2026-05-08","2026-05-08","2026-05-08 17:46:01","2026-05-08 17:46:01","2026-05-08 17:46:01","2026-05-09 01:01:52","X202605000617765","Y",""
"XDIST202605080004993592","엑셀수기배분","30028","광주상무(직)","위탁","25S","DMRS81053","DGS","110","출고완료","2","2","0","2","김주형(RLAWNGUD14)","2026-05-08","2026-05-08","2026-05-08 17:46:01","2026-05-08 17:46:01","2026-05-08 17:46:01","2026-05-09 01:01:54","X202605000617765","Y",""
"XDIST202605080004993592","엑셀수기배분","30028","광주상무(직)","위탁","25S","DMRS81053","DGS","115","출고완료","2","2","0","2","김주형(RLAWNGUD14)","2026-05-08","2026-05-08","2026-05-08 17:46:01","2026-05-08 17:46:01","2026-05-08 17:46:01","2026-05-09 01:01:54","X202605000617765","Y",""
"XDIST202605080004993592","엑셀수기배분","30028","광주상무(직)","위탁","25S","DWTB66053","BKS","28","출고완료","1","1","0","1","김주형(RLAWNGUD14)","2026-05-08","2026-05-08","2026-05-08 17:46:01","2026-05-08 17:46:01","2026-05-08 17:46:01","2026-05-09 01:01:46","X202605000617766","Y",""
"XDIST202605080004993592","엑셀수기배분","30028","광주상무(직)","위탁","25S","DWTB94053","BKS","27","출고완료","2","2","0","2","김주형(RLAWNGUD14)","2026-05-08","2026-05-08","2026-05-08 17:46:01","2026-05-08 17:46:01","2026-05-08 17:46:01","2026-05-09 01:01:56","X202605000617766","Y",""
"XDIST202605080004993592","엑셀수기배분","30028","광주상무(직)","위탁","25S","DWTB94053","NBD","26","출고완료","2","2","0","2","김주형(RLAWNGUD14)","2026-05-08","2026-05-08","2026-05-08 17:46:01","2026-05-08 17:46:01","2026-05-08 17:46:01","2026-05-09 01:01:46","X202605000617766","Y",""
"XDIST202605080004993592","엑셀수기배분","30028","광주상무(직)","위탁","25S","DWTB94053","NBD","27","출고완료","2","2","0","2","김주형(RLAWNGUD14)","2026-05-08","2026-05-08","2026-05-08 17:46:01","2026-05-08 17:46:01","2026-05-08 17:46:01","2026-05-09 01:01:47","X202605000617766","Y",""
"XDIST202605080004993592","엑셀수기배분","30028","광주상무(직)","위탁","25S","DXTB7A053","BGL","27","출고완료","2","2","0","2","김주형(RLAWNGUD14)","2026-05-08","2026-05-08","2026-05-08 17:46:01","2026-05-08 17:46:01","2026-05-08 17:46:01","2026-05-09 01:01:43","X202605000617766","Y",""
"XDIST202605080004993592","엑셀수기배분","30028","광주상무(직)","위탁","25S","DXTB7A053","GRD","32","출고완료","1","1","0","1","김주형(RLAWNGUD14)","2026-05-08","2026-05-08","2026-05-08 17:46:01","2026-05-08 17:46:01","2026-05-08 17:46:01","2026-05-09 01:01:43","X202605000617766","Y",""
"XDIST202605080004993592","엑셀수기배분","30028","광주상무(직)","위탁","25S","DXTB7A053","GRD","38","출고완료","1","1","0","1","김주형(RLAWNGUD14)","2026-05-08","2026-05-08","2026-05-08 17:46:01","2026-05-08 17:46:01","2026-05-08 17:46:01","2026-05-09 01:01:52","X202605000617766","Y",""
"XDIST202605080004993592","엑셀수기배분","30028","광주상무(직)","위탁","25S","DMTP33051","BGD","32","출고완료","1","1","0","1","김주형(RLAWNGUD14)","2026-05-08","2026-05-08","2026-05-08 17:46:01","2026-05-08 17:46:01","2026-05-08 17:46:01","2026-05-09 01:01:37","X202605000617767","Y",""
"XDIST202605080004993592","엑셀수기배분","30028","광주상무(직)","위탁","25S","DMTR75053","BKS","105","출고완료","2","2","0","2","김주형(RLAWNGUD14)","2026-05-08","2026-05-08","2026-05-08 17:46:02","2026-05-08 17:46:02","2026-05-08 17:46:02","2026-05-09 01:01:56","X202605000617768","Y",""
"XDIST202605080004993592","엑셀수기배분","30028","광주상무(직)","위탁","25S","DMTR75053","NBD","100","출고완료","2","2","0","2","김주형(RLAWNGUD14)","2026-05-08","2026-05-08","2026-05-08 17:46:02","2026-05-08 17:46:02","2026-05-08 17:46:02","2026-05-09 01:01:56","X202605000617768","Y",""
"XDIST202605080004993592","엑셀수기배분","30028","광주상무(직)","위탁","25S","DXTR7A053","BKS","105","출고완료","1","1","0","1","김주형(RLAWNGUD14)","2026-05-08","2026-05-08","2026-05-08 17:46:02","2026-05-08 17:46:02","2026-05-08 17:46:02","2026-05-09 01:01:56","X202605000617768","Y",""
"XDIST202605080004993592","엑셀수기배분","30028","광주상무(직)","위탁","25S","DXTR7A053","GRD","110","출고완료","1","1","0","1","김주형(RLAWNGUD14)","2026-05-08","2026-05-08","2026-05-08 17:46:02","2026-05-08 17:46:02","2026-05-08 17:46:02","2026-05-09 01:01:46","X202605000617768","Y",""
"XDIST202605080004993592","엑셀수기배분","30028","광주상무(직)","위탁","25S","DMTS73053","BKS","105","출고완료","2","2","0","2","김주형(RLAWNGUD14)","2026-05-08","2026-05-08","2026-05-08 17:46:02","2026-05-08 17:46:02","2026-05-08 17:46:02","2026-05-09 01:01:52","X202605000617769","Y",""
"XDIST202605080004993592","엑셀수기배분","30028","광주상무(직)","위탁","25S","DMTS73053","WHS","105","출고완료","1","1","0","1","김주형(RLAWNGUD14)","2026-05-08","2026-05-08","2026-05-08 17:46:02","2026-05-08 17:46:02","2026-05-08 17:46:02","2026-05-09 01:01:52","X202605000617769","Y",""
"XDIST202605080004993592","엑셀수기배분","30028","광주상무(직)","위탁","25S","DWTS74053","WHS","100","출고완료","1","1","0","1","김주형(RLAWNGUD14)","2026-05-08","2026-05-08","2026-05-08 17:46:02","2026-05-08 17:46:02","2026-05-08 17:46:02","2026-05-09 01:01:46","X202605000617769","Y",""
"XDIST202605080004993592","엑셀수기배분","50157","충주(대-위)","위탁","25S","DKTB73053","NBD","160","출고완료","1","1","0","1","김주형(RLAWNGUD14)","2026-05-08","2026-05-08","2026-05-08 17:32:01","2026-05-08 17:32:01","2026-05-08 17:32:01","2026-05-09 01:02:26","X202605000617771","Y",""
"XDIST202605080004993592","엑셀수기배분","50157","충주(대-위)","위탁","25S","DMRS63053","WHS","110","출고완료","3","3","0","3","김주형(RLAWNGUD14)","2026-05-08","2026-05-08","2026-05-08 17:32:01","2026-05-08 17:32:01","2026-05-08 17:32:01","2026-05-09 01:01:45","X202605000617772","Y",""
"XDIST202605080004993592","엑셀수기배분","50157","충주(대-위)","위탁","25S","DMRS6H053","BKS","100","출고완료","1","1","0","1","김주형(RLAWNGUD14)","2026-05-08","2026-05-08","2026-05-08 17:32:01","2026-05-08 17:32:01","2026-05-08 17:32:01","2026-05-09 01:02:06","X202605000617772","Y",""
"XDIST202605080004993592","엑셀수기배분","50157","충주(대-위)","위탁","25S","DMRS81053","BKS","115","출고완료","1","1","0","1","김주형(RLAWNGUD14)","2026-05-08","2026-05-08","2026-05-08 17:32:01","2026-05-08 17:32:01","2026-05-08 17:32:01","2026-05-09 01:02:06","X202605000617772","Y",""
"XDIST202605080004993592","엑셀수기배분","50157","충주(대-위)","위탁","25S","DMRS81053","NBD","95","출고완료","2","2","0","2","김주형(RLAWNGUD14)","2026-05-08","2026-05-08","2026-05-08 17:32:01","2026-05-08 17:32:01","2026-05-08 17:32:01","2026-05-09 01:02:06","X202605000617772","Y",""
"XDIST202605080004993592","엑셀수기배분","50157","충주(대-위)","위탁","25S","DMRS81053","NBD","110","출고완료","1","1","0","1","김주형(RLAWNGUD14)","2026-05-08","2026-05-08","2026-05-08 17:32:01","2026-05-08 17:32:01","2026-05-08 17:32:01","2026-05-09 01:02:06","X202605000617772","Y",""
"XDIST202605080004993592","엑셀수기배분","50157","충주(대-위)","위탁","25S","DMRS8W053","KAD","100","출고완료","1","1","0","1","김주형(RLAWNGUD14)","2026-05-08","2026-05-08","2026-05-08 17:32:01","2026-05-08 17:32:01","2026-05-08 17:32:01","2026-05-09 01:02:08","X202605000617772","Y",""
"XDIST202605080004993592","엑셀수기배분","50157","충주(대-위)","위탁","25S","DMRS8W053","NYS","105","출고완료","1","1","0","1","김주형(RLAWNGUD14)","2026-05-08","2026-05-08","2026-05-08 17:32:01","2026-05-08 17:32:01","2026-05-08 17:32:01","2026-05-09 01:02:26","X202605000617772","Y",""
"XDIST202605080004993592","엑셀수기배분","50157","충주(대-위)","위탁","25S","DWRS64053","BGL","90","출고완료","1","1","0","1","김주형(RLAWNGUD14)","2026-05-08","2026-05-08","2026-05-08 17:32:01","2026-05-08 17:32:01","2026-05-08 17:32:01","2026-05-09 01:02:06","X202605000617772","Y",""
"XDIST202605080004993592","엑셀수기배분","50157","충주(대-위)","위탁","25S","DWRS82053","BKS","95","출고완료","1","1","0","1","김주형(RLAWNGUD14)","2026-05-08","2026-05-08","2026-05-08 17:32:01","2026-05-08 17:32:01","2026-05-08 17:32:01","2026-05-09 01:02:08","X202605000617772","Y",""
"XDIST202605080004993592","엑셀수기배분","50157","충주(대-위)","위탁","25S","DWRS9L053","OLD","95","출고완료","1","1","0","1","김주형(RLAWNGUD14)","2026-05-08","2026-05-08","2026-05-08 17:32:02","2026-05-08 17:32:02","2026-05-08 17:32:02","2026-05-09 01:02:06","X202605000617772","Y",""
"XDIST202605080004993592","엑셀수기배분","50157","충주(대-위)","위탁","25S","DWRS9P053","WHS","95","출고완료","1","1","0","1","김주형(RLAWNGUD14)","2026-05-08","2026-05-08","2026-05-08 17:32:02","2026-05-08 17:32:02","2026-05-08 17:32:02","2026-05-09 01:01:45","X202605000617772","Y",""
"XDIST202605080004993592","엑셀수기배분","50157","충주(대-위)","위탁","25S","DWTB66053","NBD","26","출고완료","1","1","0","1","김주형(RLAWNGUD14)","2026-05-08","2026-05-08","2026-05-08 17:32:02","2026-05-08 17:32:02","2026-05-08 17:32:02","2026-05-09 01:02:04","X202605000617773","Y",""
"XDIST202605080004993592","엑셀수기배분","50157","충주(대-위)","위탁","25S","DWTB91053","BKS","25","출고완료","2","2","0","2","김주형(RLAWNGUD14)","2026-05-08","2026-05-08","2026-05-08 17:32:02","2026-05-08 17:32:02","2026-05-08 17:32:02","2026-05-09 01:02:06","X202605000617773","Y",""
"XDIST202605080004993592","엑셀수기배분","50157","충주(대-위)","위탁","25S","DWTB94053","NBD","25","출고완료","2","2","0","2","김주형(RLAWNGUD14)","2026-05-08","2026-05-08","2026-05-08 17:32:02","2026-05-08 17:32:02","2026-05-08 17:32:02","2026-05-09 01:02:04","X202605000617773","Y",""
"XDIST202605080004993592","엑셀수기배분","50157","충주(대-위)","위탁","25S","DWTB9B053","NBD","27","출고완료","1","1","0","1","김주형(RLAWNGUD14)","2026-05-08","2026-05-08","2026-05-08 17:32:02","2026-05-08 17:32:02","2026-05-08 17:32:02","2026-05-09 01:02:04","X202605000617773","Y",""
"XDIST202605080004993592","엑셀수기배분","50157","충주(대-위)","위탁","25S","DXTB7A053","BGL","26","출고완료","1","1","0","1","김주형(RLAWNGUD14)","2026-05-08","2026-05-08","2026-05-08 17:32:02","2026-05-08 17:32:02","2026-05-08 17:32:02","2026-05-09 01:02:08","X202605000617773","Y",""
"XDIST202605080004993592","엑셀수기배분","50157","충주(대-위)","위탁","25S","DXTB7A053","BGL","32","출고완료","1","1","0","1","김주형(RLAWNGUD14)","2026-05-08","2026-05-08","2026-05-08 17:32:02","2026-05-08 17:32:02","2026-05-08 17:32:02","2026-05-09 01:02:06","X202605000617773","Y",""
"XDIST202605080004993592","엑셀수기배분","50157","충주(대-위)","위탁","25S","DMTR75053","BKS","95","출고완료","1","1","0","1","김주형(RLAWNGUD14)","2026-05-08","2026-05-08","2026-05-08 17:32:02","2026-05-08 17:32:02","2026-05-08 17:32:02","2026-05-09 01:02:04","X202605000617775","Y",""
"XDIST202605080004993592","엑셀수기배분","50157","충주(대-위)","위탁","25S","DXTR7A053","BKS","100","출고완료","1","1","0","1","김주형(RLAWNGUD14)","2026-05-08","2026-05-08","2026-05-08 17:32:02","2026-05-08 17:32:02","2026-05-08 17:32:02","2026-05-09 01:02:06","X202605000617775","Y",""
"XDIST202605080004993592","엑셀수기배분","50157","충주(대-위)","위탁","25S","DMTS73053","DGS","105","출고완료","1","1","0","1","김주형(RLAWNGUD14)","2026-05-08","2026-05-08","2026-05-08 17:32:02","2026-05-08 17:32:02","2026-05-08 17:32:02","2026-05-09 01:02:06","X202605000617776","Y",""
"XDIST202605080004993592","엑셀수기배분","50157","충주(대-위)","위탁","25S","DWTS74053","BKS","100","출고완료","1","1","0","1","김주형(RLAWNGUD14)","2026-05-08","2026-05-08","2026-05-08 17:32:02","2026-05-08 17:32:02","2026-05-08 17:32:02","2026-05-09 01:02:08","X202605000617776","Y",""
"XDIST202605080004993592","엑셀수기배분","50190","아트몰링하단(대-위)","위탁","25S","DMPT77053","KAN","30","출고완료","1","1","0","1","김주형(RLAWNGUD14)","2026-05-08","2026-05-08","2026-05-08 17:33:10","2026-05-08 17:33:10","2026-05-08 17:33:10","2026-05-09 01:02:03","X202605000617777","Y",""
"XDIST202605080004993592","엑셀수기배분","50190","아트몰링하단(대-위)","위탁","25S","DMPT7E053","OLD","32","출고완료","1","1","0","1","김주형(RLAWNGUD14)","2026-05-08","2026-05-08","2026-05-08 17:33:10","2026-05-08 17:33:10","2026-05-08 17:33:10","2026-05-09 01:02:03","X202605000617777","Y",""
"XDIST202605080004993592","엑셀수기배분","50190","아트몰링하단(대-위)","위탁","25S","DWPT7F053","BKS","27","출고완료","1","1","0","1","김주형(RLAWNGUD14)","2026-05-08","2026-05-08","2026-05-08 17:33:10","2026-05-08 17:33:10","2026-05-08 17:33:10","2026-05-09 01:02:15","X202605000617777","Y",""
"XDIST202605080004993592","엑셀수기배분","50190","아트몰링하단(대-위)","위탁","25S","DWRS64053","BKS","90","출고완료","2","2","0","2","김주형(RLAWNGUD14)","2026-05-08","2026-05-08","2026-05-08 17:33:10","2026-05-08 17:33:10","2026-05-08 17:33:10","2026-05-09 01:02:06","X202605000617778","Y",""
"XDIST202605080004993592","엑셀수기배분","50190","아트몰링하단(대-위)","위탁","25S","DWRS9H053","BLD","90","출고완료","2","2","0","2","김주형(RLAWNGUD14)","2026-05-08","2026-05-08","2026-05-08 17:33:10","2026-05-08 17:33:10","2026-05-08 17:33:10","2026-05-09 01:02:06","X202605000617778","Y",""
"XDIST202605080004993592","엑셀수기배분","50190","아트몰링하단(대-위)","위탁","25S","DWRS9H053","GRD","95","출고완료","2","2","0","2","김주형(RLAWNGUD14)","2026-05-08","2026-05-08","2026-05-08 17:33:10","2026-05-08 17:33:10","2026-05-08 17:33:10","2026-05-09 01:01:56","X202605000617778","Y",""
"XDIST202605080004993592","엑셀수기배분","50190","아트몰링하단(대-위)","위탁","25S","DWRS9P053","WHS","95","출고완료","1","1","0","1","김주형(RLAWNGUD14)","2026-05-08","2026-05-08","2026-05-08 17:33:10","2026-05-08 17:33:10","2026-05-08 17:33:10","2026-05-09 01:01:56","X202605000617778","Y",""
"XDIST202605080004993592","엑셀수기배분","50190","아트몰링하단(대-위)","위탁","25S","DXRS8R053","BKS","105","출고완료","1","1","0","1","김주형(RLAWNGUD14)","2026-05-08","2026-05-08","2026-05-08 17:33:10","2026-05-08 17:33:10","2026-05-08 17:33:10","2026-05-09 01:01:56","X202605000617778","Y",""
"XDIST202605080004993592","엑셀수기배분","50190","아트몰링하단(대-위)","위탁","25S","DXRS8R053","MTL","90","출고완료","1","1","0","1","김주형(RLAWNGUD14)","2026-05-08","2026-05-08","2026-05-08 17:33:10","2026-05-08 17:33:10","2026-05-08 17:33:10","2026-05-09 01:02:07","X202605000617778","Y",""
"XDIST202605080004993592","엑셀수기배분","50190","아트몰링하단(대-위)","위탁","25S","DXRS8R053","MTL","100","출고완료","1","1","0","1","김주형(RLAWNGUD14)","2026-05-08","2026-05-08","2026-05-08 17:33:10","2026-05-08 17:33:10","2026-05-08 17:33:10","2026-05-09 01:02:09","X202605000617778","Y",""
"XDIST202605080004993592","엑셀수기배분","50190","아트몰링하단(대-위)","위탁","25S","DXRS8T053","WHS","105","출고완료","1","1","0","1","김주형(RLAWNGUD14)","2026-05-08","2026-05-08","2026-05-08 17:33:10","2026-05-08 17:33:10","2026-05-08 17:33:10","2026-05-09 01:02:09","X202605000617778","Y",""
"XDIST202605080004993592","엑셀수기배분","50190","아트몰링하단(대-위)","위탁","25S","DMSB61053","DGS","34","출고완료","1","1","0","1","김주형(RLAWNGUD14)","2026-05-08","2026-05-08","2026-05-08 17:33:10","2026-05-08 17:33:10","2026-05-08 17:33:10","2026-05-09 01:02:09","X202605000617779","Y",""
"XDIST202605080004993592","엑셀수기배분","50190","아트몰링하단(대-위)","위탁","25S","DMSB71053","BKS","32","출고완료","1","1","0","1","김주형(RLAWNGUD14)","2026-05-08","2026-05-08","2026-05-08 17:33:10","2026-05-08 17:33:10","2026-05-08 17:33:10","2026-05-09 01:02:09","X202605000617779","Y",""
"XDIST202605080004993592","엑셀수기배분","50190","아트몰링하단(대-위)","위탁","25S","DWSB62053","NYD","27","출고완료","1","1","0","1","김주형(RLAWNGUD14)","2026-05-08","2026-05-08","2026-05-08 17:33:10","2026-05-08 17:33:10","2026-05-08 17:33:10","2026-05-09 01:02:03","X202605000617779","Y",""
"XDIST202605080004993592","엑셀수기배분","50190","아트몰링하단(대-위)","위탁","25S","DMSP61053","CAD","34","출고완료","1","1","0","1","김주형(RLAWNGUD14)","2026-05-08","2026-05-08","2026-05-08 17:33:10","2026-05-08 17:33:10","2026-05-08 17:33:10","2026-05-09 01:02:09","X202605000617780","Y",""
"XDIST202605080004993592","엑셀수기배분","50190","아트몰링하단(대-위)","위탁","25S","DWSP91053","GRD","25","출고완료","1","1","0","1","김주형(RLAWNGUD14)","2026-05-08","2026-05-08","2026-05-08 17:33:10","2026-05-08 17:33:10","2026-05-08 17:33:10","2026-05-09 01:02:09","X202605000617780","Y",""
"XDIST202605080004993592","엑셀수기배분","50190","아트몰링하단(대-위)","위탁","25S","DMSW63053","BKS","95","출고완료","1","1","0","1","김주형(RLAWNGUD14)","2026-05-08","2026-05-08","2026-05-08 17:33:10","2026-05-08 17:33:10","2026-05-08 17:33:10","2026-05-09 01:02:09","X202605000617781","Y",""
"XDIST202605080004993592","엑셀수기배분","50190","아트몰링하단(대-위)","위탁","25S","DMSW65053","WHS","100","출고완료","1","1","0","1","김주형(RLAWNGUD14)","2026-05-08","2026-05-08","2026-05-08 17:33:11","2026-05-08 17:33:11","2026-05-08 17:33:11","2026-05-09 01:01:56","X202605000617781","Y",""
"XDIST202605080004993592","엑셀수기배분","50190","아트몰링하단(대-위)","위탁","25S","DMSW75053","WHS","100","출고완료","1","1","0","1","김주형(RLAWNGUD14)","2026-05-08","2026-05-08","2026-05-08 17:33:11","2026-05-08 17:33:11","2026-05-08 17:33:11","2026-05-09 01:02:07","X202605000617781","Y",""
"XDIST202605080004993592","엑셀수기배분","50190","아트몰링하단(대-위)","위탁","25S","DMSW77053","BKS","100","출고완료","1","1","0","1","김주형(RLAWNGUD14)","2026-05-08","2026-05-08","2026-05-08 17:33:11","2026-05-08 17:33:11","2026-05-08 17:33:11","2026-05-09 01:02:06","X202605000617781","Y",""
"XDIST202605080004993592","엑셀수기배분","50190","아트몰링하단(대-위)","위탁","25S","DMSW77053","WHS","105","출고완료","1","1","0","1","김주형(RLAWNGUD14)","2026-05-08","2026-05-08","2026-05-08 17:33:11","2026-05-08 17:33:11","2026-05-08 17:33:11","2026-05-09 01:01:56","X202605000617781","Y",""
"XDIST202605080004993592","엑셀수기배분","50190","아트몰링하단(대-위)","위탁","25S","DWSW92053","CRS","90","출고완료","1","1","0","1","김주형(RLAWNGUD14)","2026-05-08","2026-05-08","2026-05-08 17:33:11","2026-05-08 17:33:11","2026-05-08 17:33:11","2026-05-09 01:02:06","X202605000617781","Y",""
"XDIST202605080004993592","엑셀수기배분","50190","아트몰링하단(대-위)","위탁","25S","DWSW92053","CRS","95","출고완료","1","1","0","1","김주형(RLAWNGUD14)","2026-05-08","2026-05-08","2026-05-08 17:33:11","2026-05-08 17:33:11","2026-05-08 17:33:11","2026-05-09 01:02:07","X202605000617781","Y",""
"XDIST202605080004993592","엑셀수기배분","50190","아트몰링하단(대-위)","위탁","25S","DMTP73053","NBD","30","출고완료","2","2","0","2","김주형(RLAWNGUD14)","2026-05-08","2026-05-08","2026-05-08 17:33:11","2026-05-08 17:33:11","2026-05-08 17:33:11","2026-05-09 01:02:06","X202605000617783","Y",""
"XDIST202605080004993592","엑셀수기배분","50190","아트몰링하단(대-위)","위탁","25S","DMTP73053","NBD","32","출고완료","2","2","0","2","김주형(RLAWNGUD14)","2026-05-08","2026-05-08","2026-05-08 17:33:11","2026-05-08 17:33:11","2026-05-08 17:33:11","2026-05-09 01:02:02","X202605000617783","Y",""
"XDIST202605080004993592","엑셀수기배분","50190","아트몰링하단(대-위)","위탁","25S","DMTP61053","BKS","34","출고완료","1","1","0","1","김주형(RLAWNGUD14)","2026-05-08","2026-05-08","2026-05-08 17:33:11","2026-05-08 17:33:11","2026-05-08 17:33:11","2026-05-09 01:02:06","X202605000617783","Y",""
"XDIST202605080004993592","엑셀수기배분","50190","아트몰링하단(대-위)","위탁","25S","DWWJ91053","WHS","95","출고완료","1","1","0","1","김주형(RLAWNGUD14)","2026-05-08","2026-05-08","2026-05-08 17:33:11","2026-05-08 17:33:11","2026-05-08 17:33:11","2026-05-09 01:02:03","X202605000617786","Y",""
"XDIST202605080004993592","엑셀수기배분","50190","아트몰링하단(대-위)","위탁","25S","DWLG9C053","BKS","S","출고완료","1","1","0","1","김주형(RLAWNGUD14)","2026-05-08","2026-05-08","2026-05-08 17:33:11","2026-05-08 17:33:11","2026-05-08 17:33:11","2026-05-09 01:02:06","X202605000617787","Y",""
"XDIST202605080004993592","엑셀수기배분","50190","아트몰링하단(대-위)","위탁","25S","DWLG9C053","BKS","L","출고완료","1","1","0","1","김주형(RLAWNGUD14)","2026-05-08","2026-05-08","2026-05-08 17:33:11","2026-05-08 17:33:11","2026-05-08 17:33:11","2026-05-09 01:02:07","X202605000617787","Y",""
"XDIST202605080004993592","엑셀수기배분","50190","아트몰링하단(대-위)","위탁","25S","DWLG9E053","BKS","M","출고완료","1","1","0","1","김주형(RLAWNGUD14)","2026-05-08","2026-05-08","2026-05-08 17:33:11","2026-05-08 17:33:11","2026-05-08 17:33:11","2026-05-09 01:02:06","X202605000617787","Y",""
"XDIST202605080004993592","엑셀수기배분","50190","아트몰링하단(대-위)","위탁","25S","DWLG9E053","BKS","L","출고완료","1","1","0","1","김주형(RLAWNGUD14)","2026-05-08","2026-05-08","2026-05-08 17:33:11","2026-05-08 17:33:11","2026-05-08 17:33:11","2026-05-09 01:02:06","X202605000617787","Y",""
"XDIST202605080004993592","엑셀수기배분","50190","아트몰링하단(대-위)","위탁","25S","DWSK91053","BKS","28","출고완료","1","1","0","1","김주형(RLAWNGUD14)","2026-05-08","2026-05-08","2026-05-08 17:33:11","2026-05-08 17:33:11","2026-05-08 17:33:11","2026-05-09 01:02:07","X202605000617788","Y",""
"XDIST202605080004993592","엑셀수기배분","50190","아트몰링하단(대-위)","위탁","25S","DWSK91053","DGS","28","출고완료","1","1","0","1","김주형(RLAWNGUD14)","2026-05-08","2026-05-08","2026-05-08 17:33:11","2026-05-08 17:33:11","2026-05-08 17:33:11","2026-05-09 01:02:07","X202605000617788","Y",""
"XDIST202605070004991639","MD요청-상품","50146","안산사동(대-위)","위탁","25N","DXCP5015N","ORS","56","출고완료","1","1","0","1","장윤희(YHJANG)","2026-05-07","2026-05-08","2026-05-08 17:33:04","2026-05-08 17:33:04","2026-05-08 17:33:04","2026-05-09 01:02:33","X202605000556334","Y",""
"XDIST202605070004991639","MD요청-상품","10059","현대대구","위탁","25N","DXCP5015N","ORS","56","출고완료","1","1","0","1","장윤희(YHJANG)","2026-05-07","2026-05-08","2026-05-08 17:33:04","2026-05-08 17:33:04","2026-05-08 17:33:04","2026-05-09 01:02:10","X202605000556352","Y",""
"XDIST202605060004973614","MD요청-상품","50123","포항중앙(대-위)","위탁","26S","DXTR7C063","BKS","100","출고완료","2","2","0","2","권현정(KHJEONG)","2026-05-06","2026-05-06","2026-05-06 17:31:05","2026-05-06 17:31:05","2026-05-06 17:31:05","2026-05-07 01:03:17","X202605000364325","Y",""
"XDIST202605060004973614","MD요청-상품","10058","현대울산","위탁","26S","DXTR7C063","BKS","95","출고완료","1","1","0","1","권현정(KHJEONG)","2026-05-06","2026-05-06","2026-05-06 17:31:05","2026-05-06 17:31:05","2026-05-06 17:31:05","2026-05-07 01:03:44","X202605000364328","Y",""
"XDIST202605070004984929","MD요청-상품","50160","정읍(대-위)","위탁","26S","DKAZ22063","WHS","150","출고완료","1","1","0","1","김소진(SOJIN1027)","2026-05-07","2026-05-07","2026-05-07 16:54:08","2026-05-07 16:54:08","2026-05-07 16:54:08","2026-05-08 01:02:34","X202605000487173","Y",""
"XDIST202605070004984929","MD요청-상품","50168","모다김제(대-위)","위탁","26S","DKAZ22063","WHS","130","출고완료","1","1","0","1","김소진(SOJIN1027)","2026-05-07","2026-05-07","2026-05-07 16:54:08","2026-05-07 16:54:08","2026-05-07 16:54:08","2026-05-08 01:02:27","X202605000487182","Y",""
"XDIST202605070004984929","MD요청-상품","50047","순천중앙(대-위)","위탁","26S","DKAZ22063","WHS","140","출고완료","1","1","0","1","김소진(SOJIN1027)","2026-05-07","2026-05-07","2026-05-07 16:54:08","2026-05-07 16:54:08","2026-05-07 16:54:08","2026-05-08 01:02:39","X202605000487183","Y",""
"XDIST202605070004984929","MD요청-상품","50200","홍천(대-위)","위탁","26S","DKAZ22063","WHS","150","출고완료","1","1","0","1","김소진(SOJIN1027)","2026-05-07","2026-05-07","2026-05-07 17:07:08","2026-05-07 17:07:08","2026-05-07 17:07:08","2026-05-08 01:02:26","X202605000487185","Y",""
"XDIST202605070004984929","MD요청-상품","50204","인천만수(대-위)","위탁","26S","DKAZ22063","WHS","130","출고완료","1","1","0","1","김소진(SOJIN1027)","2026-05-07","2026-05-07","2026-05-07 17:07:08","2026-05-07 17:07:08","2026-05-07 17:07:08","2026-05-08 01:04:32","X202605000487189","Y",""
"XDIST202605070004984929","MD요청-상품","31005","강남사옥(직)","위탁","26S","DKAZ22063","WHS","140","출고완료","1","1","0","1","김소진(SOJIN1027)","2026-05-07","2026-05-07","2026-05-07 16:54:08","2026-05-07 16:54:08","2026-05-07 16:54:08","2026-05-08 09:13:00","X202605000487191","Y",""
"XDIST202605070004984929","MD요청-상품","11007","K_신세계천안아산","위탁","26S","DKAZ22063","WHS","150","출고완료","1","1","0","1","김소진(SOJIN1027)","2026-05-07","2026-05-07","2026-05-07 17:07:08","2026-05-07 17:07:08","2026-05-07 17:07:08","2026-05-08 01:02:14","X202605000487195","Y",""
"XDIST202605070004984929","MD요청-상품","50096","LF스퀘어양주(대-위)","위탁","26S","DKAZ22063","WHS","140","출고완료","1","1","0","1","김소진(SOJIN1027)","2026-05-07","2026-05-07","2026-05-07 17:07:08","2026-05-07 17:07:08","2026-05-07 17:07:08","2026-05-08 01:03:56","X202605000487196","Y",""
"XDIST202605070004984929","MD요청-상품","50179","나주(대-위)","위탁","26S","DKAZ22063","WHS","130","출고완료","1","1","0","1","김소진(SOJIN1027)","2026-05-07","2026-05-07","2026-05-07 16:54:08","2026-05-07 16:54:08","2026-05-07 16:54:08","2026-05-08 01:02:17","X202605000487199","Y",""
"XDIST202605070004984929","MD요청-상품","50134","광명점(대-위)","위탁","26S","DKAZ22063","WHS","150","출고완료","1","1","0","1","김소진(SOJIN1027)","2026-05-07","2026-05-07","2026-05-07 16:54:08","2026-05-07 16:54:08","2026-05-07 16:54:08","2026-05-08 01:04:23","X202605000487200","Y",""
"XDIST202605070004984929","MD요청-상품","11002","K_롯데수원","위탁","26S","DKAZ22063","WHS","150","출고완료","1","1","0","1","김소진(SOJIN1027)","2026-05-07","2026-05-07","2026-05-07 17:08:01","2026-05-07 17:08:01","2026-05-07 17:08:01","2026-05-08 01:03:30","X202605000487203","Y",""
"XDIST202605070004984929","MD요청-상품","11002","K_롯데수원","위탁","26S","DKAZ22063","WHS","140","출고완료","1","1","0","1","김소진(SOJIN1027)","2026-05-07","2026-05-07","2026-05-07 17:08:01","2026-05-07 17:08:01","2026-05-07 17:08:01","2026-05-08 01:03:30","X202605000487203","Y",""
"XDIST202605070004984929","MD요청-상품","50059","신제주(대-위)","위탁","26S","DKAZ22063","WHS","150","출고완료","1","1","0","1","김소진(SOJIN1027)","2026-05-07","2026-05-07","2026-05-07 16:54:08","2026-05-07 16:54:08","2026-05-07 16:54:08","2026-05-08 01:02:42","X202605000487204","Y",""
"XDIST202605070004984929","MD요청-상품","10079","신세계하남","위탁","26S","DKAZ22063","WHS","150","출고완료","1","1","0","1","김소진(SOJIN1027)","2026-05-07","2026-05-07","2026-05-07 17:08:01","2026-05-07 17:08:01","2026-05-07 17:08:01","2026-05-08 01:03:41","X202605000487205","Y",""
"XDIST202605070004984929","MD요청-상품","50186","영광(대-위)","위탁","26S","DKAZ22063","WHS","140","출고완료","1","1","0","1","김소진(SOJIN1027)","2026-05-07","2026-05-07","2026-05-07 16:54:08","2026-05-07 16:54:08","2026-05-07 16:54:08","2026-05-08 01:02:27","X202605000487216","Y",""
"XDIST202605070004984929","MD요청-상품","50023","순천연향(대-위)","위탁","26S","DKAZ22063","WHS","140","출고완료","1","1","0","1","김소진(SOJIN1027)","2026-05-07","2026-05-07","2026-05-07 17:07:08","2026-05-07 17:07:08","2026-05-07 17:07:08","2026-05-08 01:02:13","X202605000487220","Y",""
"XDIST202605070004991696","MD요청-상품","10091","갤러리아광교","위탁","25N","DXCP6015N","NYD","60","출고완료","3","3","0","3","장윤희(YHJANG)","2026-05-07","2026-05-08","2026-05-08 17:33:04","2026-05-08 17:33:04","2026-05-08 17:33:04","2026-05-09 01:03:32","X202605000556477","Y",""
"XDIST202605070004984929","MD요청-상품","11016","K_현대울산","위탁","26S","DKAZ22063","WHS","150","출고완료","1","1","0","1","김소진(SOJIN1027)","2026-05-07","2026-05-07","2026-05-07 17:07:08","2026-05-07 17:07:08","2026-05-07 17:07:08","2026-05-08 01:03:02","X202605000487238","Y",""
"XDIST202605070004984929","MD요청-상품","50191","타임테라스동탄(대-위)","위탁","26S","DKAZ22063","WHS","150","출고완료","1","1","0","1","김소진(SOJIN1027)","2026-05-07","2026-05-07","2026-05-07 17:07:08","2026-05-07 17:07:08","2026-05-07 17:07:08","2026-05-08 01:02:54","X202605000487240","Y",""
"XDIST202605070004984929","MD요청-상품","30043","스타필드안성(직)","위탁","26S","DKAZ22063","WHS","130","출고완료","1","1","0","1","김소진(SOJIN1027)","2026-05-07","2026-05-07","2026-05-07 16:54:08","2026-05-07 16:54:08","2026-05-07 16:54:08","2026-05-08 01:02:29","X202605000487245","Y",""
"XDIST202605070004984929","MD요청-상품","30043","스타필드안성(직)","위탁","26S","DKAZ22063","WHS","140","출고완료","1","1","0","1","김소진(SOJIN1027)","2026-05-07","2026-05-07","2026-05-07 16:54:08","2026-05-07 16:54:08","2026-05-07 16:54:08","2026-05-08 01:02:29","X202605000487245","Y",""
"XDIST202605070004984929","MD요청-상품","50199","거창(대-위)","위탁","26S","DKAZ22063","WHS","130","출고완료","1","1","0","1","김소진(SOJIN1027)","2026-05-07","2026-05-07","2026-05-07 17:07:08","2026-05-07 17:07:08","2026-05-07 17:07:08","2026-05-08 01:02:28","X202605000487246","Y",""
"XDIST202605070004984929","MD요청-상품","50157","충주(대-위)","위탁","26S","DKAZ22063","WHS","150","출고완료","1","1","0","1","김소진(SOJIN1027)","2026-05-07","2026-05-07","2026-05-07 16:54:08","2026-05-07 16:54:08","2026-05-07 16:54:08","2026-05-08 01:02:25","X202605000487247","Y",""
"XDIST202605070004984929","MD요청-상품","11022","K_갤러리아센터시티","위탁","26S","DKAZ22063","WHS","150","출고완료","1","1","0","1","김소진(SOJIN1027)","2026-05-07","2026-05-07","2026-05-07 17:07:08","2026-05-07 17:07:08","2026-05-07 17:07:08","2026-05-08 01:02:38","X202605000487248","Y",""
"XDIST202605070004984929","MD요청-상품","50156","익산영등(대-위)","위탁","26S","DKAZ22063","WHS","130","출고완료","1","1","0","1","김소진(SOJIN1027)","2026-05-07","2026-05-07","2026-05-07 16:54:08","2026-05-07 16:54:08","2026-05-07 16:54:08","2026-05-08 01:02:47","X202605000487249","Y",""
"XDIST202605070004984929","MD요청-상품","50156","익산영등(대-위)","위탁","26S","DKAZ22063","WHS","140","출고완료","1","1","0","1","김소진(SOJIN1027)","2026-05-07","2026-05-07","2026-05-07 16:54:08","2026-05-07 16:54:08","2026-05-07 16:54:08","2026-05-08 01:02:47","X202605000487249","Y",""
"XDIST202605070004984929","MD요청-상품","11024","K_롯데잠실","위탁","26S","DKAZ22063","WHS","150","출고완료","1","1","0","1","김소진(SOJIN1027)","2026-05-07","2026-05-07","2026-05-07 17:07:08","2026-05-07 17:07:08","2026-05-07 17:07:08","2026-05-08 09:23:00","X202605000487250","Y",""
"XDIST202605060004974215","MD요청-상품","50120","춘천(대-위)","위탁","26S","DWRS97063","PCL","95","출고완료","1","1","0","1","권현정(KHJEONG)","2026-05-06","2026-05-06","2026-05-06 17:26:09","2026-05-06 17:26:09","2026-05-06 17:26:09","2026-05-07 01:03:52","X202605000364936","Y",""
"XDIST202605070004990647","MD요청-상품","50096","LF스퀘어양주(대-위)","위탁","25N","DXCP5025N","NYD","58","출고완료","5","5","0","5","장윤희(YHJANG)","2026-05-07","2026-05-08","2026-05-08 17:49:03","2026-05-08 17:49:03","2026-05-08 17:49:03","2026-05-09 01:03:43","X202605000552470","Y",""
"XDIST202605070004990647","MD요청-상품","50167","부산광복(대-위)","위탁","25N","DXCP5025N","NYD","58","출고완료","3","3","0","3","장윤희(YHJANG)","2026-05-07","2026-05-08","2026-05-08 17:33:03","2026-05-08 17:33:03","2026-05-08 17:33:03","2026-05-09 01:02:36","X202605000552475","Y",""
"XDIST202605070004990647","MD요청-상품","31006","명동점(직)","위탁","25N","DXCP5025N","NYD","58","출고완료","5","5","0","5","장윤희(YHJANG)","2026-05-07","2026-05-08","2026-05-08 17:33:03","2026-05-08 17:33:03","2026-05-08 17:33:03","2026-05-09 13:23:00","X202605000552476","Y",""
"XDIST202605080004993351","엑셀수기배분","11023","K_신세계마산","위탁","26S","DKAZ23063","IND","140","출고완료","1","1","0","1","김소진(SOJIN1027)","2026-05-08","2026-05-08","2026-05-08 17:46:01","2026-05-08 17:46:01","2026-05-08 17:46:01","2026-05-09 01:03:07","X202605000616164","Y",""
"XDIST202605080004993351","엑셀수기배분","50047","순천중앙(대-위)","위탁","26S","DKRS61063","WHS","160","출고완료","1","1","0","1","김소진(SOJIN1027)","2026-05-08","2026-05-08","2026-05-08 17:32:01","2026-05-08 17:32:01","2026-05-08 17:32:01","2026-05-09 01:02:30","X202605000616165","Y",""
"XDIST202605060004974215","MD요청-상품","50059","신제주(대-위)","위탁","26S","DWRS97063","PCL","95","출고완료","1","1","0","1","권현정(KHJEONG)","2026-05-06","2026-05-06","2026-05-06 17:30:17","2026-05-06 17:30:17","2026-05-06 17:30:17","2026-05-07 01:03:06","X202605000364943","Y",""
"XDIST202605060004974216","MD요청-상품","50209","서귀포(대-위)","위탁","26S","DWRS8J063","IVS","95","출고완료","1","1","0","1","권현정(KHJEONG)","2026-05-06","2026-05-06","2026-05-06 17:31:05","2026-05-06 17:31:05","2026-05-06 17:31:05","2026-05-07 01:04:26","X202605000364947","Y",""
"XDIST202605060004975243","엑셀수기배분","11018","K_LF스퀘어광양","위탁","26S","DWPT78063","BKS","27","출고완료","1","1","0","1","이훈희(LEEHH1149)","2026-05-06","2026-05-07","2026-05-07 17:07:00","2026-05-07 17:07:00","2026-05-07 17:07:00","2026-05-08 01:02:22","X202605000366751","Y",""
"XDIST202605060004975243","엑셀수기배분","11018","K_LF스퀘어광양","위탁","26S","DXRS5G063","WHS","100","출고완료","1","1","0","1","이훈희(LEEHH1149)","2026-05-06","2026-05-07","2026-05-07 17:07:00","2026-05-07 17:07:00","2026-05-07 17:07:00","2026-05-08 01:02:22","X202605000366752","Y",""
"XDIST202605070004990843","MD요청-상품","10014","롯데중동","위탁","25N","DXCP5015N","BES","56","출고완료","1","1","0","1","장윤희(YHJANG)","2026-05-07","2026-05-08","2026-05-08 17:49:03","2026-05-08 17:49:03","2026-05-08 17:49:03","2026-05-09 01:03:17","X202605000553216","Y",""
"XDIST202605060004973820","MD요청-상품","50063","스퀘어원(대-위)","위탁","26S","DXRS5G063","PCS","110","출고완료","1","1","0","1","권현정(KHJEONG)","2026-05-06","2026-05-06","2026-05-06 17:31:05","2026-05-06 17:31:05","2026-05-06 17:31:05","2026-05-07 01:05:58","X202605000364518","Y",""
"XDIST202605060004973820","MD요청-상품","50102","일산덕이(대-위)","위탁","26S","DXRS5G063","PCS","110","출고완료","1","1","0","1","권현정(KHJEONG)","2026-05-06","2026-05-06","2026-05-06 17:30:16","2026-05-06 17:30:16","2026-05-06 17:30:16","2026-05-07 01:04:27","X202605000364524","Y",""
"XDIST202605080004995773","엑셀수기배분","90019","EC-온라인물류","위탁","25F","DWDJ9A056","BKS","85","출고완료","5","5","0","5","허새흰(HEEN1)","2026-05-08","2026-05-08","2026-05-08 15:39:01","2026-05-08 15:39:01","2026-05-08 15:39:01","2026-05-09 01:01:18","X202605000653138","Y",""
"XDIST202605080004995773","엑셀수기배분","90019","EC-온라인물류","위탁","25F","DMDJ63056","BKS","115","출고완료","5","5","0","5","허새흰(HEEN1)","2026-05-08","2026-05-08","2026-05-08 15:39:00","2026-05-08 15:39:00","2026-05-08 15:39:00","2026-05-09 01:01:19","X202605000653138","Y",""
"XDIST202605080004995773","엑셀수기배분","90019","EC-온라인물류","위탁","25F","DMDJ63056","OLS","100","출고완료","3","3","0","3","허새흰(HEEN1)","2026-05-08","2026-05-08","2026-05-08 15:39:00","2026-05-08 15:39:00","2026-05-08 15:39:00","2026-05-09 01:01:17","X202605000653138","Y",""
"XDIST202605080004995773","엑셀수기배분","90019","EC-온라인물류","위탁","25F","DMDJ63056","BKS","100","출고완료","5","5","0","5","허새흰(HEEN1)","2026-05-08","2026-05-08","2026-05-08 15:39:00","2026-05-08 15:39:00","2026-05-08 15:39:00","2026-05-09 01:01:26","X202605000653138","Y",""
"XDIST202605080004995773","엑셀수기배분","90019","EC-온라인물류","위탁","25F","DWDJ5L056","BKS","90","출고완료","5","5","0","5","허새흰(HEEN1)","2026-05-08","2026-05-08","2026-05-08 15:39:00","2026-05-08 15:39:00","2026-05-08 15:39:00","2026-05-09 01:01:31","X202605000653138","Y",""
"XDIST202605080004995773","엑셀수기배분","90019","EC-온라인물류","위탁","25F","DWDJ68056","DGS","90","출고완료","5","5","0","5","허새흰(HEEN1)","2026-05-08","2026-05-08","2026-05-08 15:39:00","2026-05-08 15:39:00","2026-05-08 15:39:00","2026-05-09 01:01:20","X202605000653138","Y",""
"XDIST202605080004995773","엑셀수기배분","90019","EC-온라인물류","위탁","25F","DWDJ68056","DKS","95","출고완료","5","5","0","5","허새흰(HEEN1)","2026-05-08","2026-05-08","2026-05-08 15:39:00","2026-05-08 15:39:00","2026-05-08 15:39:00","2026-05-09 01:01:29","X202605000653138","Y",""
"XDIST202605080004995773","엑셀수기배분","90019","EC-온라인물류","위탁","25F","DWDJ8D056","BKN","95","출고완료","5","5","0","5","허새흰(HEEN1)","2026-05-08","2026-05-08","2026-05-08 15:39:00","2026-05-08 15:39:00","2026-05-08 15:39:00","2026-05-09 01:01:27","X202605000653138","Y",""
"XDIST202605080004995773","엑셀수기배분","90019","EC-온라인물류","위탁","25F","DWDJ8D056","BRD","85","출고완료","5","5","0","5","허새흰(HEEN1)","2026-05-08","2026-05-08","2026-05-08 15:39:00","2026-05-08 15:39:00","2026-05-08 15:39:00","2026-05-09 01:01:27","X202605000653138","Y",""
"XDIST202605080004995773","엑셀수기배분","90019","EC-온라인물류","위탁","25F","DWDJ94056","CRS","85","출고완료","5","5","0","5","허새흰(HEEN1)","2026-05-08","2026-05-08","2026-05-08 15:39:00","2026-05-08 15:39:00","2026-05-08 15:39:00","2026-05-09 01:01:33","X202605000653138","Y",""
"XDIST202605080004995773","엑셀수기배분","90019","EC-온라인물류","위탁","25F","DKDJ54056","LKS","150","출고완료","5","5","0","5","허새흰(HEEN1)","2026-05-08","2026-05-08","2026-05-08 15:39:01","2026-05-08 15:39:01","2026-05-08 15:39:01","2026-05-09 01:01:32","X202605000653139","Y",""
"XDIST202605080004995773","엑셀수기배분","90019","EC-온라인물류","위탁","25F","DKDJ54056","BGS","160","출고완료","5","5","0","5","허새흰(HEEN1)","2026-05-08","2026-05-08","2026-05-08 15:39:01","2026-05-08 15:39:01","2026-05-08 15:39:01","2026-05-09 01:01:33","X202605000653139","Y",""
"XDIST202605080004995773","엑셀수기배분","90019","EC-온라인물류","위탁","25F","DKDJ54056","BKS","130","출고완료","5","5","0","5","허새흰(HEEN1)","2026-05-08","2026-05-08","2026-05-08 15:39:01","2026-05-08 15:39:01","2026-05-08 15:39:01","2026-05-09 01:01:33","X202605000653139","Y",""
"XDIST202605080004995773","엑셀수기배분","90019","EC-온라인물류","위탁","25F","DKDJ54056","GRL","140","출고완료","5","5","0","5","허새흰(HEEN1)","2026-05-08","2026-05-08","2026-05-08 15:39:01","2026-05-08 15:39:01","2026-05-08 15:39:01","2026-05-09 01:01:32","X202605000653139","Y",""
"XDIST202605080004995773","엑셀수기배분","90019","EC-온라인물류","위탁","25F","DKDJ61056","GRD","130","출고완료","5","5","0","5","허새흰(HEEN1)","2026-05-08","2026-05-08","2026-05-08 15:39:01","2026-05-08 15:39:01","2026-05-08 15:39:01","2026-05-09 01:01:31","X202605000653139","Y",""
"XDIST202605080004995773","엑셀수기배분","90019","EC-온라인물류","위탁","25F","DKDJ61056","LKS","140","출고완료","5","5","0","5","허새흰(HEEN1)","2026-05-08","2026-05-08","2026-05-08 15:39:01","2026-05-08 15:39:01","2026-05-08 15:39:01","2026-05-09 01:01:31","X202605000653139","Y",""
"XDIST202605080004995773","엑셀수기배분","90019","EC-온라인물류","위탁","25F","DKDJ61056","CRS","160","출고완료","5","5","0","5","허새흰(HEEN1)","2026-05-08","2026-05-08","2026-05-08 15:39:01","2026-05-08 15:39:01","2026-05-08 15:39:01","2026-05-09 01:01:26","X202605000653139","Y",""
"XDIST202605080004995773","엑셀수기배분","90019","EC-온라인물류","위탁","25F","DKDJ61056","BKS","130","출고완료","5","5","0","5","허새흰(HEEN1)","2026-05-08","2026-05-08","2026-05-08 15:39:01","2026-05-08 15:39:01","2026-05-08 15:39:01","2026-05-09 01:01:32","X202605000653139","Y",""
"XDIST202605080004995773","엑셀수기배분","90019","EC-온라인물류","위탁","25F","DKDJ61056","GRD","120","출고완료","5","5","0","5","허새흰(HEEN1)","2026-05-08","2026-05-08","2026-05-08 15:39:01","2026-05-08 15:39:01","2026-05-08 15:39:01","2026-05-09 01:01:31","X202605000653139","Y",""
"XDIST202605080004995773","엑셀수기배분","90019","EC-온라인물류","위탁","25F","DKDJ75056","RDS","130","출고완료","5","5","0","5","허새흰(HEEN1)","2026-05-08","2026-05-08","2026-05-08 15:39:01","2026-05-08 15:39:01","2026-05-08 15:39:01","2026-05-09 01:01:32","X202605000653139","Y",""
"XDIST202605080004995773","엑셀수기배분","90019","EC-온라인물류","위탁","25F","DKDJ80056","BES","150","출고완료","5","5","0","5","허새흰(HEEN1)","2026-05-08","2026-05-08","2026-05-08 15:39:01","2026-05-08 15:39:01","2026-05-08 15:39:01","2026-05-09 01:01:30","X202605000653139","Y",""
"XDIST202605080004995773","엑셀수기배분","90019","EC-온라인물류","위탁","25F","DMDJ5K056","BKL","95","출고완료","10","10","0","10","허새흰(HEEN1)","2026-05-08","2026-05-08","2026-05-08 15:39:01","2026-05-08 15:39:01","2026-05-08 15:39:01","2026-05-09 01:01:20","X202605000653140","Y",""
"XDIST202605080004995773","엑셀수기배분","90019","EC-온라인물류","위탁","25F","DWDJ5L056","BKL","90","출고완료","5","5","0","5","허새흰(HEEN1)","2026-05-08","2026-05-08","2026-05-08 15:39:01","2026-05-08 15:39:01","2026-05-08 15:39:01","2026-05-09 01:01:19","X202605000653140","Y",""
"XDIST202605080004995773","엑셀수기배분","90019","EC-온라인물류","위탁","25F","DWDJ5L056","BKS","85","출고완료","5","5","0","5","허새흰(HEEN1)","2026-05-08","2026-05-08","2026-05-08 15:39:01","2026-05-08 15:39:01","2026-05-08 15:39:01","2026-05-09 01:01:19","X202605000653140","Y",""
"XDIST202605080004995773","엑셀수기배분","90019","EC-온라인물류","위탁","25F","DWDJ8D056","BKS","85","출고완료","5","5","0","5","허새흰(HEEN1)","2026-05-08","2026-05-08","2026-05-08 15:39:01","2026-05-08 15:39:01","2026-05-08 15:39:01","2026-05-09 01:01:17","X202605000653140","Y",""
"XDIST202605080004995773","엑셀수기배분","90019","EC-온라인물류","위탁","25F","DWDJ8D056","OLL","90","출고완료","5","5","0","5","허새흰(HEEN1)","2026-05-08","2026-05-08","2026-05-08 15:39:01","2026-05-08 15:39:01","2026-05-08 15:39:01","2026-05-09 01:01:18","X202605000653140","Y",""
"XDIST202605060004973820","MD요청-상품","50148","김천(대-위)","위탁","26S","DXRS5G063","PCS","105","출고완료","1","1","0","1","권현정(KHJEONG)","2026-05-06","2026-05-06","2026-05-06 17:31:05","2026-05-06 17:31:05","2026-05-06 17:31:05","2026-05-07 01:03:59","X202605000364528","Y",""
"XDIST202605060004973820","MD요청-상품","50007","에버세이브청주(대-위)","위탁","26S","DXRS5G063","PCS","100","출고완료","1","1","0","1","권현정(KHJEONG)","2026-05-06","2026-05-06","2026-05-06 17:30:16","2026-05-06 17:30:16","2026-05-06 17:30:16","2026-05-07 01:04:11","X202605000364529","Y",""
"XDIST202605060004973820","MD요청-상품","50090","아산(대-위)","위탁","26S","DXRS5G063","PCS","90","출고완료","1","1","0","1","권현정(KHJEONG)","2026-05-06","2026-05-06","2026-05-06 17:27:04","2026-05-06 17:27:04","2026-05-06 17:27:04","2026-05-07 01:03:45","X202605000364531","Y",""
"XDIST202605070004991689","MD요청-상품","50065","화성봉담(대-위)","위탁","25N","DXCP6015N","BKS","58","출고완료","4","4","0","4","장윤희(YHJANG)","2026-05-07","2026-05-08","2026-05-08 17:49:03","2026-05-08 17:49:03","2026-05-08 17:49:03","2026-05-09 01:01:39","X202605000556470","Y",""
"XDIST202605060004974122","MD요청-상품","10060","AK수원","위탁","26S","DWRS97063","DGS","95","출고완료","1","1","0","1","권현정(KHJEONG)","2026-05-06","2026-05-06","2026-05-06 17:27:04","2026-05-06 17:27:04","2026-05-06 17:27:04","2026-05-07 01:05:25","X202605000364830","Y",""
"XDIST202605060004974122","MD요청-상품","50195","수원남문(대-위)","위탁","26S","DWRS97063","DGS","95","출고완료","1","1","0","1","권현정(KHJEONG)","2026-05-06","2026-05-06","2026-05-06 17:31:05","2026-05-06 17:31:05","2026-05-06 17:31:05","2026-05-07 01:03:52","X202605000364834","Y",""
"XDIST202605060004974122","MD요청-상품","50184","천안쌍용(대-위)","위탁","26S","DWRS97063","DGS","90","출고완료","1","1","0","1","권현정(KHJEONG)","2026-05-06","2026-05-06","2026-05-06 17:31:05","2026-05-06 17:31:05","2026-05-06 17:31:05","2026-05-07 01:03:12","X202605000364835","Y",""
"XDIST202605060004974122","MD요청-상품","10008","롯데건대","위탁","26S","DWRS97063","DGS","95","출고완료","1","1","0","1","권현정(KHJEONG)","2026-05-06","2026-05-06","2026-05-06 17:26:09","2026-05-06 17:26:09","2026-05-06 17:26:09","2026-05-07 01:04:50","X202605000364838","Y",""
"XDIST202605060004974122","MD요청-상품","50185","모다경주(대-위)","위탁","26S","DWRS97063","DGS","95","출고완료","1","1","0","1","권현정(KHJEONG)","2026-05-06","2026-05-06","2026-05-06 17:27:04","2026-05-06 17:27:04","2026-05-06 17:27:04","2026-05-07 01:02:54","X202605000364839","Y",""
"XDIST202605060004974122","MD요청-상품","50156","익산영등(대-위)","위탁","26S","DWRS97063","DGS","95","출고완료","1","1","0","1","권현정(KHJEONG)","2026-05-06","2026-05-06","2026-05-06 17:30:17","2026-05-06 17:30:17","2026-05-06 17:30:17","2026-05-07 01:02:48","X202605000364844","Y",""
"XDIST202605070004989147","엑셀수기배분","90019","EC-온라인물류","위탁","26S","DWSB93063","BKS","M","출고완료","10","10","0","10","박정민(PJM1003)","2026-05-07","2026-05-08","2026-05-08 17:49:01","2026-05-08 17:49:01","2026-05-08 17:49:01","2026-05-09 01:03:52","X202605000547520","Y",""
"XDIST202605060004974319","MD요청-상품","30046","LF스퀘어광양(직)","위탁","26S","DWRS9N063","LDL","95","출고완료","1","1","0","1","권현정(KHJEONG)","2026-05-06","2026-05-06","2026-05-06 17:26:09","2026-05-06 17:26:09","2026-05-06 17:26:09","2026-05-07 01:03:09","X202605000365175","Y",""
"XDIST202605060004974319","MD요청-상품","50092","모다울산(대-위)","위탁","26S","DWRS9N063","LDL","95","출고완료","1","1","0","1","권현정(KHJEONG)","2026-05-06","2026-05-06","2026-05-06 17:31:06","2026-05-06 17:31:06","2026-05-06 17:31:06","2026-05-07 01:02:52","X202605000365179","Y",""
"XDIST202605060004979832","엑셀수기배분","30051","신세계아울렛여주(직)","위탁","24S","DMPT57043","GRD","32","출고완료","5","5","0","5","이훈희(LEEHH1149)","2026-05-06","2026-05-07","2026-05-07 16:51:01","2026-05-07 16:51:01","2026-05-07 16:51:01","2026-05-08 01:03:04","X202605000385216","Y",""
"XDIST202605060004979832","엑셀수기배분","30051","신세계아울렛여주(직)","위탁","24S","DMPT7A043","BKS","32","출고완료","5","5","0","5","이훈희(LEEHH1149)","2026-05-06","2026-05-07","2026-05-07 16:51:01","2026-05-07 16:51:01","2026-05-07 16:51:01","2026-05-08 01:03:06","X202605000385216","Y",""
"XDIST202605060004979832","엑셀수기배분","30051","신세계아울렛여주(직)","위탁","24S","DMPT7C043","BKS","30","출고완료","5","5","0","5","이훈희(LEEHH1149)","2026-05-06","2026-05-07","2026-05-07 16:51:01","2026-05-07 16:51:01","2026-05-07 16:51:01","2026-05-08 01:03:06","X202605000385216","Y",""
"XDIST202605060004979832","엑셀수기배분","30051","신세계아울렛여주(직)","위탁","24S","DMPT7C043","GRD","30","출고완료","5","5","0","5","이훈희(LEEHH1149)","2026-05-06","2026-05-07","2026-05-07 16:51:01","2026-05-07 16:51:01","2026-05-07 16:51:01","2026-05-08 01:03:06","X202605000385216","Y",""
"XDIST202605060004979832","엑셀수기배분","30051","신세계아울렛여주(직)","위탁","24S","DMPT7C043","GRD","34","출고완료","5","5","0","5","이훈희(LEEHH1149)","2026-05-06","2026-05-07","2026-05-07 16:51:01","2026-05-07 16:51:01","2026-05-07 16:51:01","2026-05-08 01:03:06","X202605000385216","Y",""
"XDIST202605060004979832","엑셀수기배분","30051","신세계아울렛여주(직)","위탁","24S","DMTB61043","INS","34","출고완료","5","5","0","5","이훈희(LEEHH1149)","2026-05-06","2026-05-07","2026-05-07 16:51:01","2026-05-07 16:51:01","2026-05-07 16:51:01","2026-05-08 01:03:04","X202605000385217","Y",""
"XDIST202605060004979832","엑셀수기배분","30051","신세계아울렛여주(직)","위탁","24S","DWTP68043","BKS","28","출고완료","5","5","0","5","이훈희(LEEHH1149)","2026-05-06","2026-05-07","2026-05-07 16:51:01","2026-05-07 16:51:01","2026-05-07 16:51:01","2026-05-08 01:03:07","X202605000385218","Y",""
"XDIST202605060004979832","엑셀수기배분","30051","신세계아울렛여주(직)","위탁","24S","DMTR51043","GNS","110","출고완료","5","5","0","5","이훈희(LEEHH1149)","2026-05-06","2026-05-07","2026-05-07 16:51:01","2026-05-07 16:51:01","2026-05-07 16:51:01","2026-05-08 01:03:06","X202605000385219","Y",""
"XDIST202605060004979832","엑셀수기배분","30051","신세계아울렛여주(직)","위탁","24S","DMTR61043","INS","110","출고완료","5","5","0","5","이훈희(LEEHH1149)","2026-05-06","2026-05-07","2026-05-07 16:51:01","2026-05-07 16:51:01","2026-05-07 16:51:01","2026-05-08 01:03:04","X202605000385219","Y",""
"XDIST202605060004979832","엑셀수기배분","30051","신세계아울렛여주(직)","위탁","24S","DMTR78043","BKS","105","출고완료","5","5","0","5","이훈희(LEEHH1149)","2026-05-06","2026-05-07","2026-05-07 16:51:01","2026-05-07 16:51:01","2026-05-07 16:51:01","2026-05-08 01:03:04","X202605000385219","Y",""
"XDIST202605060004979832","엑셀수기배분","30051","신세계아울렛여주(직)","위탁","24S","DXTR6E043","BKS","95","출고완료","5","5","0","5","이훈희(LEEHH1149)","2026-05-06","2026-05-07","2026-05-07 16:51:01","2026-05-07 16:51:01","2026-05-07 16:51:01","2026-05-08 01:03:06","X202605000385219","Y",""
"XDIST202605060004979832","엑셀수기배분","30051","신세계아울렛여주(직)","위탁","24S","DXTR75043","IVS","105","출고완료","5","5","0","5","이훈희(LEEHH1149)","2026-05-06","2026-05-07","2026-05-07 16:51:01","2026-05-07 16:51:01","2026-05-07 16:51:01","2026-05-08 01:03:06","X202605000385219","Y",""
"XDIST202605060004979832","엑셀수기배분","30051","신세계아울렛여주(직)","위탁","24S","DMTS53043","BLD","105","출고완료","5","5","0","5","이훈희(LEEHH1149)","2026-05-06","2026-05-07","2026-05-07 16:51:01","2026-05-07 16:51:01","2026-05-07 16:51:01","2026-05-08 01:03:05","X202605000385220","Y",""
"XDIST202605060004979832","엑셀수기배분","30051","신세계아울렛여주(직)","위탁","24S","DMTS55043","WHS","95","출고완료","5","5","0","5","이훈희(LEEHH1149)","2026-05-06","2026-05-07","2026-05-07 16:51:01","2026-05-07 16:51:01","2026-05-07 16:51:01","2026-05-08 01:03:08","X202605000385220","Y",""
"XDIST202605060004979832","엑셀수기배분","30051","신세계아울렛여주(직)","위탁","24S","DMTSG3043","CRS","115","출고완료","3","3","0","3","이훈희(LEEHH1149)","2026-05-06","2026-05-07","2026-05-07 16:51:01","2026-05-07 16:51:01","2026-05-07 16:51:01","2026-05-08 01:03:08","X202605000385220","Y",""
"XDIST202605060004979832","엑셀수기배분","30051","신세계아울렛여주(직)","위탁","24S","DMTSGI043","CRS","95","출고완료","5","5","0","5","이훈희(LEEHH1149)","2026-05-06","2026-05-07","2026-05-07 16:51:01","2026-05-07 16:51:01","2026-05-07 16:51:01","2026-05-08 01:03:08","X202605000385220","Y",""
"XDIST202605060004979832","엑셀수기배분","30051","신세계아울렛여주(직)","위탁","24S","DMTSGI043","NYD","110","출고완료","5","5","0","5","이훈희(LEEHH1149)","2026-05-06","2026-05-07","2026-05-07 16:51:01","2026-05-07 16:51:01","2026-05-07 16:51:01","2026-05-08 01:03:07","X202605000385220","Y",""
"XDIST202605060004979832","엑셀수기배분","30051","신세계아울렛여주(직)","위탁","24S","DMTSGU043","CBL","105","출고완료","5","5","0","5","이훈희(LEEHH1149)","2026-05-06","2026-05-07","2026-05-07 16:51:01","2026-05-07 16:51:01","2026-05-07 16:51:01","2026-05-08 01:03:04","X202605000385220","Y",""
"XDIST202605060004979832","엑셀수기배분","30051","신세계아울렛여주(직)","위탁","24S","DWTS56043","YEL","90","출고완료","5","5","0","5","이훈희(LEEHH1149)","2026-05-06","2026-05-07","2026-05-07 16:51:01","2026-05-07 16:51:01","2026-05-07 16:51:01","2026-05-08 01:03:07","X202605000385220","Y",""
"XDIST202605060004979832","엑셀수기배분","30051","신세계아울렛여주(직)","위탁","24S","DWTSG4043","CRS","100","출고완료","3","3","0","3","이훈희(LEEHH1149)","2026-05-06","2026-05-07","2026-05-07 16:51:01","2026-05-07 16:51:01","2026-05-07 16:51:01","2026-05-08 01:03:08","X202605000385220","Y",""
"XDIST202605060004979832","엑셀수기배분","30051","신세계아울렛여주(직)","위탁","24S","DWTSG4043","CRS","90","출고완료","5","5","0","5","이훈희(LEEHH1149)","2026-05-06","2026-05-07","2026-05-07 16:51:01","2026-05-07 16:51:01","2026-05-07 16:51:01","2026-05-08 01:03:08","X202605000385220","Y",""
"XDIST202605060004979832","엑셀수기배분","30051","신세계아울렛여주(직)","위탁","24S","DWTSGP043","PKL","90","출고완료","5","5","0","5","이훈희(LEEHH1149)","2026-05-06","2026-05-07","2026-05-07 16:51:01","2026-05-07 16:51:01","2026-05-07 16:51:01","2026-05-08 01:03:05","X202605000385220","Y",""
"XDIST202605060004979832","엑셀수기배분","30051","신세계아울렛여주(직)","위탁","24S","DWWJ93043","MTS","100","출고완료","5","5","0","5","이훈희(LEEHH1149)","2026-05-06","2026-05-07","2026-05-07 16:51:01","2026-05-07 16:51:01","2026-05-07 16:51:01","2026-05-08 01:03:04","X202605000385221","Y",""
"XDIST202605060004979832","엑셀수기배분","30051","신세계아울렛여주(직)","위탁","24S","DWWJ95043","CRS","100","출고완료","5","5","0","5","이훈희(LEEHH1149)","2026-05-06","2026-05-07","2026-05-07 16:51:01","2026-05-07 16:51:01","2026-05-07 16:51:01","2026-05-08 01:03:04","X202605000385221","Y",""
"XDIST202605060004979832","엑셀수기배분","30051","신세계아울렛여주(직)","위탁","24S","DWWJ95043","CRS","90","출고완료","5","5","0","5","이훈희(LEEHH1149)","2026-05-06","2026-05-07","2026-05-07 16:51:01","2026-05-07 16:51:01","2026-05-07 16:51:01","2026-05-08 01:03:07","X202605000385221","Y",""
"XDIST202605060004979832","엑셀수기배분","30051","신세계아울렛여주(직)","위탁","24S","DWWJ95043","NYD","90","출고완료","15","15","0","15","이훈희(LEEHH1149)","2026-05-06","2026-05-07","2026-05-07 16:51:01","2026-05-07 16:51:01","2026-05-07 16:51:01","2026-05-08 01:03:04","X202605000385221","Y",""
"XDIST202605060004979832","엑셀수기배분","30051","신세계아울렛여주(직)","위탁","24S","DMWJ63043","BKS","110","출고완료","2","2","0","2","이훈희(LEEHH1149)","2026-05-06","2026-05-07","2026-05-07 16:51:01","2026-05-07 16:51:01","2026-05-07 16:51:01","2026-05-08 01:03:06","X202605000385221","Y",""
"XDIST202605060004979832","엑셀수기배분","30051","신세계아울렛여주(직)","위탁","24S","DWWJ62043","LVD","90","출고완료","5","5","0","5","이훈희(LEEHH1149)","2026-05-06","2026-05-07","2026-05-07 16:51:01","2026-05-07 16:51:01","2026-05-07 16:51:01","2026-05-08 01:03:05","X202605000385221","Y",""
"XDIST202605060004979832","엑셀수기배분","30051","신세계아울렛여주(직)","위탁","24S","DWWJ93043","BKS","100","출고완료","3","3","0","3","이훈희(LEEHH1149)","2026-05-06","2026-05-07","2026-05-07 16:51:01","2026-05-07 16:51:01","2026-05-07 16:51:01","2026-05-08 01:03:03","X202605000385221","Y",""
"XDIST202605060004979832","엑셀수기배분","30051","신세계아울렛여주(직)","위탁","24S","DXRS5C043","DBS","100","출고완료","5","5","0","5","이훈희(LEEHH1149)","2026-05-06","2026-05-07","2026-05-07 16:51:01","2026-05-07 16:51:01","2026-05-07 16:51:01","2026-05-08 01:03:03","X202605000385222","Y",""
"XDIST202605060004979832","엑셀수기배분","30051","신세계아울렛여주(직)","위탁","24S","DXRS7G043","ORD","100","출고완료","5","5","0","5","이훈희(LEEHH1149)","2026-05-06","2026-05-07","2026-05-07 16:51:01","2026-05-07 16:51:01","2026-05-07 16:51:01","2026-05-08 01:03:04","X202605000385222","Y",""
"XDIST202605060004973613","MD요청-상품","50098","울산무거(대-위)","위탁","26S","DXTB7A063","IVD","34","출고완료","1","1","0","1","권현정(KHJEONG)","2026-05-06","2026-05-06","2026-05-06 17:27:04","2026-05-06 17:27:04","2026-05-06 17:27:04","2026-05-07 01:03:41","X202605000364315","Y",""
"XDIST202605070004991960","MD요청-상품","10003","롯데광복","위탁","25N","DXCP5055N","GRD","56","출고완료","2","2","0","2","장윤희(YHJANG)","2026-05-07","2026-05-08","2026-05-08 17:33:05","2026-05-08 17:33:05","2026-05-08 17:33:05","2026-05-09 01:01:59","X202605000557118","Y",""
"XDIST202605070004989571","MD요청-상품","50063","스퀘어원(대-위)","위탁","25N","DXCP5025N","BGS","56","출고완료","3","3","0","3","장윤희(YHJANG)","2026-05-07","2026-05-08","2026-05-08 17:33:03","2026-05-08 17:33:03","2026-05-08 17:33:03","2026-05-09 01:03:52","X202605000549546","Y",""
"XDIST202605070004989571","MD요청-상품","50001","목포하당(대-위)","위탁","25N","DXCP5025N","BGS","58","출고완료","2","2","0","2","장윤희(YHJANG)","2026-05-07","2026-05-08","2026-05-08 17:33:03","2026-05-08 17:33:03","2026-05-08 17:33:03","2026-05-09 01:01:53","X202605000549548","Y",""
"XDIST202605070004989571","MD요청-상품","50103","광주흑석(대-위)","위탁","25N","DXCP5025N","BGS","58","출고완료","1","1","0","1","장윤희(YHJANG)","2026-05-07","2026-05-08","2026-05-08 17:33:03","2026-05-08 17:33:03","2026-05-08 17:33:03","2026-05-09 01:02:02","X202605000549553","Y",""
"XDIST202605070004990843","MD요청-상품","10039","AK원주","위탁","25N","DXCP5015N","BES","56","출고완료","1","1","0","1","장윤희(YHJANG)","2026-05-07","2026-05-08","2026-05-08 17:49:03","2026-05-08 17:49:03","2026-05-08 17:49:03","2026-05-09 01:02:14","X202605000553203","Y",""
"XDIST202605080004993353","엑셀수기배분","90019","EC-온라인물류","위탁","25N","DXCR1135N","BKS","F","출고완료","3","3","0","3","허새흰(HEEN1)","2026-05-08","2026-05-08","2026-05-08 17:30:03","2026-05-08 17:30:03","2026-05-08 17:30:03","2026-05-09 01:01:29","X202605000616238","Y",""
"XDIST202605080004993353","엑셀수기배분","90019","EC-온라인물류","위탁","25N","DXSH4305N","WHS","270","출고완료","6","6","0","6","허새흰(HEEN1)","2026-05-08","2026-05-08","2026-05-08 17:30:03","2026-05-08 17:30:03","2026-05-08 17:30:03","2026-05-09 01:01:27","X202605000616242","Y",""
"XDIST202605080004993353","엑셀수기배분","90019","EC-온라인물류","위탁","23N","DXSH4513N","WHS","240","출고완료","3","3","0","3","허새흰(HEEN1)","2026-05-08","2026-05-08","2026-05-08 17:30:03","2026-05-08 17:30:03","2026-05-08 17:30:03","2026-05-09 01:01:29","X202605000616244","Y",""
"XDIST202605080004993353","엑셀수기배분","90019","EC-온라인물류","위탁","24N","DXSO7014N","PKL","24","출고완료","4","4","0","4","허새흰(HEEN1)","2026-05-08","2026-05-08","2026-05-08 17:30:03","2026-05-08 17:30:03","2026-05-08 17:30:03","2026-05-09 01:01:21","X202605000616246","Y",""
"XDIST202605080004993353","엑셀수기배분","90019","EC-온라인물류","위탁","25S","DMPT23051","GRD","32","출고완료","1","1","0","0","허새흰(HEEN1)","2026-05-08","2026-05-08","2026-05-08 17:30:03","2026-05-08 17:30:03","2026-05-08 17:30:03","","X202605000616252","Y",""
"XDIST202605080004993353","엑셀수기배분","90019","EC-온라인물류","위탁","25S","DMPT39051","BKS","32","출고완료","1","1","0","0","허새흰(HEEN1)","2026-05-08","2026-05-08","2026-05-08 17:30:03","2026-05-08 17:30:03","2026-05-08 17:30:03","","X202605000616252","Y",""
"XDIST202605080004993353","엑셀수기배분","90019","EC-온라인물류","위탁","25S","DMPT75053","BKS","34","출고완료","4","4","0","0","허새흰(HEEN1)","2026-05-08","2026-05-08","2026-05-08 17:30:03","2026-05-08 17:30:03","2026-05-08 17:30:03","","X202605000616252","Y",""
"XDIST202605080004993353","엑셀수기배분","90019","EC-온라인물류","위탁","25S","DMRS8Z053","BKS","105","출고완료","1","1","0","1","허새흰(HEEN1)","2026-05-08","2026-05-08","2026-05-08 17:30:04","2026-05-08 17:30:04","2026-05-08 17:30:04","2026-05-09 01:01:23","X202605000616253","Y",""
"XDIST202605080004993353","엑셀수기배분","90019","EC-온라인물류","위탁","25S","DWRS99053","NYD","100","출고완료","2","2","0","2","허새흰(HEEN1)","2026-05-08","2026-05-08","2026-05-08 17:30:04","2026-05-08 17:30:04","2026-05-08 17:30:04","2026-05-09 01:01:28","X202605000616253","Y",""
"XDIST202605080004993353","엑셀수기배분","90019","EC-온라인물류","위탁","25S","DWSB62053","BKS","25","출고완료","3","3","0","3","허새흰(HEEN1)","2026-05-08","2026-05-08","2026-05-08 17:30:04","2026-05-08 17:30:04","2026-05-08 17:30:04","2026-05-09 01:01:27","X202605000616254","Y",""
"XDIST202605080004993353","엑셀수기배분","90019","EC-온라인물류","위탁","25S","DMSP81053","BGD","36","출고완료","1","1","0","1","허새흰(HEEN1)","2026-05-08","2026-05-08","2026-05-08 17:30:04","2026-05-08 17:30:04","2026-05-08 17:30:04","2026-05-09 01:01:27","X202605000616256","Y",""
"XDIST202605080004993353","엑셀수기배분","90019","EC-온라인물류","위탁","25S","DMSW67053","BKS","100","출고완료","6","6","0","6","허새흰(HEEN1)","2026-05-08","2026-05-08","2026-05-08 17:30:04","2026-05-08 17:30:04","2026-05-08 17:30:04","2026-05-09 01:01:27","X202605000616257","Y",""
"XDIST202605080004993353","엑셀수기배분","90019","EC-온라인물류","위탁","25S","DWTB91053","BGL","28","출고완료","3","3","0","3","허새흰(HEEN1)","2026-05-08","2026-05-08","2026-05-08 17:30:04","2026-05-08 17:30:04","2026-05-08 17:30:04","2026-05-09 01:01:29","X202605000616258","Y",""
"XDIST202605080004993353","엑셀수기배분","90019","EC-온라인물류","위탁","25S","DWTB91053","OLD","27","출고완료","1","1","0","1","허새흰(HEEN1)","2026-05-08","2026-05-08","2026-05-08 17:30:04","2026-05-08 17:30:04","2026-05-08 17:30:04","2026-05-09 01:01:29","X202605000616258","Y",""
"XDIST202605080004993353","엑셀수기배분","90019","EC-온라인물류","위탁","25S","DXTB7G053","BKS","27","출고완료","3","3","0","3","허새흰(HEEN1)","2026-05-08","2026-05-08","2026-05-08 17:30:04","2026-05-08 17:30:04","2026-05-08 17:30:04","2026-05-09 01:01:29","X202605000616258","Y",""
"XDIST202605080004993353","엑셀수기배분","90019","EC-온라인물류","위탁","25S","DMTR75053","NBD","110","출고완료","6","6","0","6","허새흰(HEEN1)","2026-05-08","2026-05-08","2026-05-08 17:30:04","2026-05-08 17:30:04","2026-05-08 17:30:04","2026-05-09 01:01:26","X202605000616260","Y",""
"XDIST202605080004993353","엑셀수기배분","90019","EC-온라인물류","위탁","25S","DXTR7C053","DKS","100","출고완료","1","1","0","1","허새흰(HEEN1)","2026-05-08","2026-05-08","2026-05-08 17:30:04","2026-05-08 17:30:04","2026-05-08 17:30:04","2026-05-09 01:01:21","X202605000616260","Y",""
"XDIST202605080004993353","엑셀수기배분","90019","EC-온라인물류","위탁","25S","DXTR7E053","DKS","105","출고완료","2","2","0","2","허새흰(HEEN1)","2026-05-08","2026-05-08","2026-05-08 17:30:04","2026-05-08 17:30:04","2026-05-08 17:30:04","2026-05-09 01:01:29","X202605000616260","Y",""
"XDIST202605080004993353","엑셀수기배분","90019","EC-온라인물류","위탁","25S","DMTS77053","BKS","100","출고완료","5","5","0","5","허새흰(HEEN1)","2026-05-08","2026-05-08","2026-05-08 17:30:04","2026-05-08 17:30:04","2026-05-08 17:30:04","2026-05-09 01:01:22","X202605000616261","Y",""
"XDIST202605080004993353","엑셀수기배분","90019","EC-온라인물류","위탁","25S","DMVT71053","BKS","105","출고완료","2","2","0","2","허새흰(HEEN1)","2026-05-08","2026-05-08","2026-05-08 17:30:04","2026-05-08 17:30:04","2026-05-08 17:30:04","2026-05-09 01:01:27","X202605000616262","Y",""
"XDIST202605080004993353","엑셀수기배분","90019","EC-온라인물류","위탁","25S","DWWJ3H051","BKS","95","출고완료","7","7","0","7","허새흰(HEEN1)","2026-05-08","2026-05-08","2026-05-08 17:30:04","2026-05-08 17:30:04","2026-05-08 17:30:04","2026-05-09 01:01:23","X202605000616263","Y",""
"XDIST202605080004993353","엑셀수기배분","90019","EC-온라인물류","위탁","25S","DWWJ7D053","DKS","100","출고완료","15","15","0","15","허새흰(HEEN1)","2026-05-08","2026-05-08","2026-05-08 17:30:04","2026-05-08 17:30:04","2026-05-08 17:30:04","2026-05-09 01:01:26","X202605000616263","Y",""
"XDIST202605080004993353","엑셀수기배분","90019","EC-온라인물류","위탁","25S","DWWJ91053","WHS","100","출고완료","8","8","0","8","허새흰(HEEN1)","2026-05-08","2026-05-08","2026-05-08 17:30:04","2026-05-08 17:30:04","2026-05-08 17:30:04","2026-05-09 01:01:26","X202605000616263","Y",""
"XDIST202605080004993353","엑셀수기배분","90019","EC-온라인물류","위탁","25S","DWWJ93053","SBL","90","출고완료","7","7","0","7","허새흰(HEEN1)","2026-05-08","2026-05-08","2026-05-08 17:30:04","2026-05-08 17:30:04","2026-05-08 17:30:04","2026-05-09 01:01:26","X202605000616263","Y",""
"XDIST202605080004993353","엑셀수기배분","90019","EC-온라인물류","위탁","25S","DWWJ9C053","BKS","95","출고완료","5","5","0","5","허새흰(HEEN1)","2026-05-08","2026-05-08","2026-05-08 17:30:04","2026-05-08 17:30:04","2026-05-08 17:30:04","2026-05-09 01:01:21","X202605000616263","Y",""
"XDIST202605080004993353","엑셀수기배분","90019","EC-온라인물류","위탁","25S","DWLG45051","BKS","L","출고완료","7","7","0","7","허새흰(HEEN1)","2026-05-08","2026-05-08","2026-05-08 17:30:04","2026-05-08 17:30:04","2026-05-08 17:30:04","2026-05-09 01:01:22","X202605000616265","Y",""
"XDIST202605080004993353","엑셀수기배분","90019","EC-온라인물류","위탁","25S","DWLG9E053","BKS","M","출고완료","1","1","0","1","허새흰(HEEN1)","2026-05-08","2026-05-08","2026-05-08 17:30:04","2026-05-08 17:30:04","2026-05-08 17:30:04","2026-05-09 01:01:22","X202605000616265","Y",""
"XDIST202605080004993353","엑셀수기배분","90019","EC-온라인물류","위탁","24N","DKCR1304N","LVS","F","출고완료","1","1","0","1","허새흰(HEEN1)","2026-05-08","2026-05-08","2026-05-08 17:30:04","2026-05-08 17:30:04","2026-05-08 17:30:04","2026-05-09 01:01:29","X202605000616267","Y",""
"XDIST202605080004993353","엑셀수기배분","90019","EC-온라인물류","위탁","24N","DKCR1504N","BES","F","출고완료","2","2","0","2","허새흰(HEEN1)","2026-05-08","2026-05-08","2026-05-08 17:30:04","2026-05-08 17:30:04","2026-05-08 17:30:04","2026-05-09 01:01:29","X202605000616267","Y",""
"XDIST202605080004993353","엑셀수기배분","90019","EC-온라인물류","위탁","24N","DKHT2124N","BGS","54H","출고완료","2","2","0","2","허새흰(HEEN1)","2026-05-08","2026-05-08","2026-05-08 17:30:04","2026-05-08 17:30:04","2026-05-08 17:30:04","2026-05-09 01:01:29","X202605000616268","Y",""
"XDIST202605070004991660","MD요청-상품","50065","화성봉담(대-위)","위탁","25N","DXCP6015N","BKS","56","출고완료","2","2","0","2","장윤희(YHJANG)","2026-05-07","2026-05-08","2026-05-08 17:49:03","2026-05-08 17:49:03","2026-05-08 17:49:03","2026-05-09 01:01:39","X202605000556417","Y",""
"XDIST202605070004991660","MD요청-상품","50143","통영(대-위)","위탁","25N","DXCP6015N","BKS","56","출고완료","3","3","0","3","장윤희(YHJANG)","2026-05-07","2026-05-08","2026-05-08 17:33:04","2026-05-08 17:33:04","2026-05-08 17:33:04","2026-05-09 01:01:51","X202605000556418","Y",""
"XDIST202605060004980366","엑셀수기배분","10014","롯데중동","위탁","26S","DMTB6B063","DTD","38","출고완료","1","1","0","1","권현정(KHJEONG)","2026-05-06","2026-05-07","2026-05-07 17:07:01","2026-05-07 17:07:01","2026-05-07 17:07:01","2026-05-08 01:03:28","X202605000388685","Y",""
"XDIST202605060004980366","엑셀수기배분","10043","롯데울산","위탁","26S","DWTR91063","BKS","85","출고완료","1","1","0","1","권현정(KHJEONG)","2026-05-06","2026-05-07","2026-05-07 17:07:01","2026-05-07 17:07:01","2026-05-07 17:07:01","2026-05-08 01:02:51","X202605000388687","Y",""
"XDIST202605060004980366","엑셀수기배분","30043","스타필드안성(직)","위탁","26S","DMTR71063","BKS","95","출고완료","1","1","0","1","권현정(KHJEONG)","2026-05-06","2026-05-07","2026-05-07 16:54:01","2026-05-07 16:54:01","2026-05-07 16:54:01","2026-05-08 01:02:29","X202605000388694","Y",""
"XDIST202605060004980366","엑셀수기배분","50143","통영(대-위)","위탁","26S","DWTR91063","IVD","100","출고완료","1","1","0","1","권현정(KHJEONG)","2026-05-06","2026-05-07","2026-05-07 16:54:01","2026-05-07 16:54:01","2026-05-07 16:54:01","2026-05-08 01:02:44","X202605000388708","Y",""
"XDIST202605040004960123","엑셀수기배분","90019","EC-온라인물류","위탁","25N","DXSO7035N","IVS","24","출고완료","3","3","0","3","허새흰(HEEN1)","2026-05-04","2026-05-04","2026-05-04 18:18:03","2026-05-04 18:18:03","2026-05-04 18:18:03","2026-05-05 01:02:12","X202605000179391","Y",""
"XDIST202605040004960123","엑셀수기배분","90019","EC-온라인물류","위탁","25S","DMTP6C053","BKS","38","출고완료","3","3","0","3","허새흰(HEEN1)","2026-05-04","2026-05-04","2026-05-04 18:18:03","2026-05-04 18:18:03","2026-05-04 18:18:03","2026-05-05 01:02:06","X202605000179399","Y",""
"XDIST202605040004960123","엑셀수기배분","90019","EC-온라인물류","위탁","25S","DMTS81053","BGL","105","출고완료","3","3","0","3","허새흰(HEEN1)","2026-05-04","2026-05-04","2026-05-04 18:18:03","2026-05-04 18:18:03","2026-05-04 18:18:03","2026-05-05 01:02:12","X202605000179400","Y",""
"XDIST202605040004960123","엑셀수기배분","90019","EC-온라인물류","위탁","25S","DMVT71053","BKS","95","출고완료","2","2","0","2","허새흰(HEEN1)","2026-05-04","2026-05-04","2026-05-04 18:18:03","2026-05-04 18:18:03","2026-05-04 18:18:03","2026-05-05 01:02:09","X202605000179401","Y",""
"XDIST202605040004960123","엑셀수기배분","90019","EC-온라인물류","위탁","25S","DMWJ3G051","OLN","100","출고완료","2","2","0","2","허새흰(HEEN1)","2026-05-04","2026-05-04","2026-05-04 18:18:03","2026-05-04 18:18:03","2026-05-04 18:18:03","2026-05-05 01:02:06","X202605000179402","Y",""
"XDIST202605040004960123","엑셀수기배분","90019","EC-온라인물류","위탁","25S","DWWJ44051","BKS","90","출고완료","1","1","0","0","허새흰(HEEN1)","2026-05-04","2026-05-04","2026-05-04 18:18:03","2026-05-04 18:18:03","2026-05-04 18:18:03","","X202605000179402","Y",""
"XDIST202605040004968544","엑셀수기배분","90019","EC-온라인물류","위탁","26S","DMSP78063","BKS","32","출고완료","10","10","0","10","박정민(PJM1003)","2026-05-04","2026-05-06","2026-05-06 17:19:00","2026-05-06 17:19:00","2026-05-06 17:19:00","2026-05-07 01:01:54","X202605000199977","Y",""
"XDIST202605040004968544","엑셀수기배분","90019","EC-온라인물류","위탁","26S","DMSP78063","DML","28","출고완료","4","4","0","4","박정민(PJM1003)","2026-05-04","2026-05-06","2026-05-06 17:19:00","2026-05-06 17:19:00","2026-05-06 17:19:00","2026-05-07 01:01:54","X202605000199977","Y",""
"XDIST202605040004968544","엑셀수기배분","90019","EC-온라인물류","위탁","26S","DWSW96063","PKL","95","출고완료","5","5","0","5","박정민(PJM1003)","2026-05-04","2026-05-06","2026-05-06 17:19:00","2026-05-06 17:19:00","2026-05-06 17:19:00","2026-05-07 01:01:54","X202605000199978","Y",""
"XDIST202605040004968544","엑셀수기배분","90019","EC-온라인물류","위탁","26S","DWRS9M063","MGL","85","출고완료","10","10","0","10","박정민(PJM1003)","2026-05-04","2026-05-06","2026-05-06 17:19:01","2026-05-06 17:19:01","2026-05-06 17:19:01","2026-05-07 01:01:57","X202605000199979","Y",""
"XDIST202605040004968544","엑셀수기배분","90019","EC-온라인물류","위탁","26S","DWSBB2063","DWS","28","출고완료","5","5","0","5","박정민(PJM1003)","2026-05-04","2026-05-06","2026-05-06 17:19:01","2026-05-06 17:19:01","2026-05-06 17:19:01","2026-05-07 01:01:57","X202605000199980","Y",""
"XDIST202605060004979188","엑셀수기배분","90019","EC-온라인물류","위탁","26N","DXSH7346N","BES","245","출고완료","5","5","0","5","박정민(PJM1003)","2026-05-06","2026-05-06","2026-05-07 16:51:00","2026-05-07 16:51:00","2026-05-07 16:51:00","2026-05-08 01:01:01","X202605000380957","Y",""
"XDIST202605060004979188","엑셀수기배분","90019","EC-온라인물류","위탁","26N","DXSH7536N","BES","230","출고완료","6","6","0","6","박정민(PJM1003)","2026-05-06","2026-05-06","2026-05-07 16:51:00","2026-05-07 16:51:00","2026-05-07 16:51:00","2026-05-08 01:01:01","X202605000380957","Y",""
"XDIST202605060004979188","엑셀수기배분","90019","EC-온라인물류","위탁","26S","DMPT81063","BES","28","출고완료","2","2","0","2","박정민(PJM1003)","2026-05-06","2026-05-06","2026-05-07 16:51:00","2026-05-07 16:51:00","2026-05-07 16:51:00","2026-05-08 01:01:01","X202605000380962","Y",""
"XDIST202605060004979188","엑셀수기배분","90019","EC-온라인물류","위탁","26S","DMTS7C063","KAD","95","출고완료","5","5","0","5","박정민(PJM1003)","2026-05-06","2026-05-06","2026-05-07 16:51:01","2026-05-07 16:51:01","2026-05-07 16:51:01","2026-05-08 01:01:02","X202605000380965","Y",""
"XDIST202605060004979188","엑셀수기배분","90019","EC-온라인물류","위탁","26S","DMTS81063","BGL","100","출고완료","6","6","0","6","박정민(PJM1003)","2026-05-06","2026-05-06","2026-05-07 16:51:01","2026-05-07 16:51:01","2026-05-07 16:51:01","2026-05-08 01:01:02","X202605000380965","Y",""
"XDIST202605060004979188","엑셀수기배분","90019","EC-온라인물류","위탁","26S","DXRS7K063","WHS","105","출고완료","9","9","0","9","박정민(PJM1003)","2026-05-06","2026-05-06","2026-05-07 16:51:01","2026-05-07 16:51:01","2026-05-07 16:51:01","2026-05-08 01:01:01","X202605000380969","Y",""
"XDIST202605060004973610","MD요청-상품","10029","롯데상인","위탁","26S","DXTB7A063","BKS","34","출고완료","1","1","0","1","권현정(KHJEONG)","2026-05-06","2026-05-06","2026-05-06 17:26:09","2026-05-06 17:26:09","2026-05-06 17:26:09","2026-05-07 01:03:08","X202605000364182","Y",""
"XDIST202605060004973610","MD요청-상품","10030","롯데센텀","위탁","26S","DXTB7A063","BKS","34","출고완료","1","1","0","1","권현정(KHJEONG)","2026-05-06","2026-05-06","2026-05-06 17:27:04","2026-05-06 17:27:04","2026-05-06 17:27:04","2026-05-07 01:03:54","X202605000364202","Y",""
"XDIST202605060004973610","MD요청-상품","10039","AK원주","위탁","26S","DXTB7A063","BKS","34","출고완료","1","1","0","1","권현정(KHJEONG)","2026-05-06","2026-05-06","2026-05-06 17:26:09","2026-05-06 17:26:09","2026-05-06 17:26:09","2026-05-07 01:02:41","X202605000364203","Y",""
"XDIST202605060004973610","MD요청-상품","50174","구미중앙(대-위)","위탁","26S","DXTB7A063","BKS","30","출고완료","2","2","0","2","권현정(KHJEONG)","2026-05-06","2026-05-06","2026-05-06 17:30:16","2026-05-06 17:30:16","2026-05-06 17:30:16","2026-05-07 01:03:33","X202605000364207","Y",""
"XDIST202605060004973610","MD요청-상품","50174","구미중앙(대-위)","위탁","26S","DXTB7A063","BKS","34","출고완료","1","1","0","1","권현정(KHJEONG)","2026-05-06","2026-05-06","2026-05-06 17:30:16","2026-05-06 17:30:16","2026-05-06 17:30:16","2026-05-07 01:03:33","X202605000364207","Y",""
"XDIST202605060004973610","MD요청-상품","10032","롯데수원","위탁","26S","DXTB7A063","BKS","26","출고완료","1","1","0","1","권현정(KHJEONG)","2026-05-06","2026-05-06","2026-05-06 17:26:09","2026-05-06 17:26:09","2026-05-06 17:26:09","2026-05-07 01:04:56","X202605000364210","Y",""
"XDIST202605060004973610","MD요청-상품","10035","신세계의정부","위탁","26S","DXTB7A063","BKS","36","출고완료","1","1","0","1","권현정(KHJEONG)","2026-05-06","2026-05-06","2026-05-06 17:31:05","2026-05-06 17:31:05","2026-05-06 17:31:05","2026-05-07 01:05:08","X202605000364214","Y",""
"XDIST202605060004973610","MD요청-상품","50185","모다경주(대-위)","위탁","26S","DXTB7A063","BKS","30","출고완료","2","2","0","2","권현정(KHJEONG)","2026-05-06","2026-05-06","2026-05-06 17:27:04","2026-05-06 17:27:04","2026-05-06 17:27:04","2026-05-07 01:02:29","X202605000364224","Y",""
"XDIST202605060004973610","MD요청-상품","10093","AK평택","위탁","26S","DXTB7A063","BKS","34","출고완료","1","1","0","1","권현정(KHJEONG)","2026-05-06","2026-05-06","2026-05-06 17:26:09","2026-05-06 17:26:09","2026-05-06 17:26:09","2026-05-07 01:02:49","X202605000364237","Y",""
"XDIST202605060004973610","MD요청-상품","10095","NC강남","위탁","26S","DXTB7A063","BKS","26","출고완료","1","1","0","1","권현정(KHJEONG)","2026-05-06","2026-05-06","2026-05-06 17:26:09","2026-05-06 17:26:09","2026-05-06 17:26:09","2026-05-07 01:05:14","X202605000364238","Y",""
"XDIST202605060004973610","MD요청-상품","50111","패션아일랜드(대-위)","위탁","26S","DXTB7A063","BKS","34","출고완료","1","1","0","1","권현정(KHJEONG)","2026-05-06","2026-05-06","2026-05-06 17:27:04","2026-05-06 17:27:04","2026-05-06 17:27:04","2026-05-07 01:04:18","X202605000364245","Y",""
"XDIST202605060004973610","MD요청-상품","50198","세종(대-위)","위탁","26S","DXTB7A063","BKS","34","출고완료","1","1","0","1","권현정(KHJEONG)","2026-05-06","2026-05-06","2026-05-06 17:31:05","2026-05-06 17:31:05","2026-05-06 17:31:05","2026-05-07 01:03:50","X202605000364246","Y",""
"XDIST202605060004973610","MD요청-상품","50115","부천(대-위)","위탁","26S","DXTB7A063","BKS","30","출고완료","2","2","0","2","권현정(KHJEONG)","2026-05-06","2026-05-06","2026-05-06 17:26:09","2026-05-06 17:26:09","2026-05-06 17:26:09","2026-05-07 01:03:07","X202605000364249","Y",""
"XDIST202605060004973610","MD요청-상품","50114","원주중앙(대-위)","위탁","26S","DXTB7A063","BKS","34","출고완료","1","1","0","1","권현정(KHJEONG)","2026-05-06","2026-05-06","2026-05-06 17:26:09","2026-05-06 17:26:09","2026-05-06 17:26:09","2026-05-07 01:02:25","X202605000364251","Y",""
"XDIST202605070004990138","엑셀수기배분","10007","롯데부산","위탁","25N","DXCR5095N","BKS","F","출고완료","5","5","0","5","김주형(RLAWNGUD14)","2026-05-07","2026-05-08","2026-05-08 17:49:02","2026-05-08 17:49:02","2026-05-08 17:49:02","2026-05-09 01:02:01","X202605000551375","Y",""
"XDIST202605070004990138","엑셀수기배분","10007","롯데부산","위탁","25S","DXTR7A053","SBL","105","출고완료","9","9","0","9","김주형(RLAWNGUD14)","2026-05-07","2026-05-08","2026-05-08 17:49:02","2026-05-08 17:49:02","2026-05-08 17:49:02","2026-05-09 01:01:34","X202605000551378","Y",""
"XDIST202605060004973610","MD요청-상품","50127","전주중앙(대-위)","위탁","26S","DXTB7A063","BKS","32","출고완료","2","2","0","2","권현정(KHJEONG)","2026-05-06","2026-05-06","2026-05-06 17:30:16","2026-05-06 17:30:16","2026-05-06 17:30:16","2026-05-07 01:03:31","X202605000364267","Y",""
"XDIST202605060004973610","MD요청-상품","10079","신세계하남","위탁","26S","DXTB7A063","BKS","34","출고완료","1","1","0","1","권현정(KHJEONG)","2026-05-06","2026-05-06","2026-05-06 17:26:09","2026-05-06 17:26:09","2026-05-06 17:26:09","2026-05-07 01:05:09","X202605000364282","Y",""
"XDIST202605060004973610","MD요청-상품","50019","경주(대-위)","위탁","26S","DXTB7A063","BKS","34","출고완료","1","1","0","1","권현정(KHJEONG)","2026-05-06","2026-05-06","2026-05-06 17:26:09","2026-05-06 17:26:09","2026-05-06 17:26:09","2026-05-07 01:02:31","X202605000364283","Y",""
"XDIST202605060004973610","MD요청-상품","50028","광주첨단(대-위)","위탁","26S","DXTB7A063","BKS","34","출고완료","1","1","0","1","권현정(KHJEONG)","2026-05-06","2026-05-06","2026-05-06 17:31:05","2026-05-06 17:31:05","2026-05-06 17:31:05","2026-05-07 01:02:42","X202605000364295","Y",""
"XDIST202605060004973610","MD요청-상품","10051","롯데안산","위탁","26S","DXTB7A063","BKS","34","출고완료","1","1","0","1","권현정(KHJEONG)","2026-05-06","2026-05-06","2026-05-06 17:26:09","2026-05-06 17:26:09","2026-05-06 17:26:09","2026-05-07 01:04:52","X202605000364300","Y",""
"XDIST202605060004973610","MD요청-상품","30046","LF스퀘어광양(직)","위탁","26S","DXTB7A063","BKS","30","출고완료","2","2","0","2","권현정(KHJEONG)","2026-05-06","2026-05-06","2026-05-06 17:26:09","2026-05-06 17:26:09","2026-05-06 17:26:09","2026-05-07 01:02:31","X202605000364302","Y",""
"XDIST202605080004995595","엑셀수기배분","90019","EC-온라인물류","위탁","26S","DMTS71063","BKS","100","출고완료","2","2","0","2","박정민(PJM1003)","2026-05-08","2026-05-08","2026-05-08 17:46:02","2026-05-08 17:46:02","2026-05-08 17:46:02","2026-05-09 01:03:53","X202605000643221","Y",""
"XDIST202605080004995595","엑셀수기배분","90019","EC-온라인물류","위탁","26S","DWWJ94063","BKS","90","출고완료","27","27","0","27","박정민(PJM1003)","2026-05-08","2026-05-08","2026-05-08 17:46:02","2026-05-08 17:46:02","2026-05-08 17:46:02","2026-05-09 01:03:53","X202605000643222","Y",""
"XDIST202605060004975357","엑셀수기배분","30007","롯데아울렛이천(직)","위탁","24S","DMSW65043","BKS","100","출고완료","23","23","0","23","이훈희(LEEHH1149)","2026-05-06","2026-05-19","2026-05-19 16:09:00","2026-05-19 16:09:00","2026-05-19 16:09:00","2026-05-20 01:00:50","X202605000367547","Y",""
"XDIST202605060004975357","엑셀수기배분","30007","롯데아울렛이천(직)","위탁","24S","DWSW68043","BKS","90","출고완료","14","14","0","14","이훈희(LEEHH1149)","2026-05-06","2026-05-19","2026-05-19 16:09:00","2026-05-19 16:09:00","2026-05-19 16:09:00","2026-05-20 01:00:50","X202605000367547","Y",""
"XDIST202605060004975357","엑셀수기배분","30012","롯데아울렛고양(직)","위탁","24S","DWSW68043","BKS","100","출고완료","6","6","0","6","이훈희(LEEHH1149)","2026-05-06","2026-05-19","2026-05-19 16:09:01","2026-05-19 16:09:01","2026-05-19 16:09:01","2026-05-20 01:02:29","X202605000367550","Y",""
"XDIST202605060004975357","엑셀수기배분","30013","롯데아울렛광명(직)","위탁","24S","DMSW65043","BKS","105","출고완료","15","15","0","15","이훈희(LEEHH1149)","2026-05-06","2026-05-19","2026-05-19 16:09:01","2026-05-19 16:09:01","2026-05-19 16:09:01","2026-05-20 01:02:26","X202605000367551","Y",""
"XDIST202605060004975357","엑셀수기배분","30016","롯데아울렛동부산(직)","위탁","24S","DWSW68043","BKS","95","출고완료","10","10","0","10","이훈희(LEEHH1149)","2026-05-06","2026-05-19","2026-05-19 16:09:01","2026-05-19 16:09:01","2026-05-19 16:09:01","2026-05-20 01:00:50","X202605000367552","Y",""
"XDIST202605060004975357","엑셀수기배분","30020","롯데아울렛청주(직)","위탁","24S","DWSW68043","BKS","95","출고완료","10","10","0","10","이훈희(LEEHH1149)","2026-05-06","2026-05-19","2026-05-19 16:09:01","2026-05-19 16:09:01","2026-05-19 16:09:01","2026-05-20 01:00:51","X202605000367554","Y",""
"XDIST202605060004975357","엑셀수기배분","30022","롯데아울렛진주(직)","위탁","24S","DWSW68043","BKS","95","출고완료","10","10","0","10","이훈희(LEEHH1149)","2026-05-06","2026-05-19","2026-05-19 16:09:01","2026-05-19 16:09:01","2026-05-19 16:09:01","2026-05-20 01:00:51","X202605000367556","Y",""
"XDIST202605060004975357","엑셀수기배분","30023","롯데아울렛파주(직)","위탁","24S","DMSW65043","BKS","105","출고완료","16","16","0","16","이훈희(LEEHH1149)","2026-05-06","2026-05-19","2026-05-19 16:09:01","2026-05-19 16:09:01","2026-05-19 16:09:01","2026-05-20 01:02:24","X202605000367557","Y",""
"XDIST202605060004975357","엑셀수기배분","30023","롯데아울렛파주(직)","위탁","24S","DMSW65043","BKS","110","출고완료","4","4","0","4","이훈희(LEEHH1149)","2026-05-06","2026-05-19","2026-05-19 16:09:01","2026-05-19 16:09:01","2026-05-19 16:09:01","2026-05-20 01:02:24","X202605000367557","Y",""
"XDIST202605060004975357","엑셀수기배분","30033","롯데아울렛군산(직)","위탁","24S","DMSW65043","BKS","105","출고완료","15","15","0","15","이훈희(LEEHH1149)","2026-05-06","2026-05-19","2026-05-19 16:09:01","2026-05-19 16:09:01","2026-05-19 16:09:01","2026-05-20 01:00:50","X202605000367560","Y",""
"XDIST202605060004975357","엑셀수기배분","30033","롯데아울렛군산(직)","위탁","24S","DWSW68043","BKS","100","출고완료","6","6","0","6","이훈희(LEEHH1149)","2026-05-06","2026-05-19","2026-05-19 16:09:01","2026-05-19 16:09:01","2026-05-19 16:09:01","2026-05-20 01:00:50","X202605000367560","Y",""
"XDIST202605060004975357","엑셀수기배분","30037","롯데아울렛율하(직)","위탁","24S","DWSW68043","BKS","100","출고완료","6","6","0","6","이훈희(LEEHH1149)","2026-05-06","2026-05-19","2026-05-19 16:09:01","2026-05-19 16:09:01","2026-05-19 16:09:01","2026-05-20 01:00:50","X202605000367561","Y",""
"XDIST202605060004975357","엑셀수기배분","30038","롯데아울렛기흥(직)","위탁","24S","DMSW65043","BKS","95","출고완료","3","3","0","3","이훈희(LEEHH1149)","2026-05-06","2026-05-19","2026-05-19 16:09:01","2026-05-19 16:09:01","2026-05-19 16:09:01","2026-05-20 01:02:31","X202605000367562","Y",""
"XDIST202605060004975357","엑셀수기배분","30038","롯데아울렛기흥(직)","위탁","24S","DWSW68043","BKS","90","출고완료","15","15","0","15","이훈희(LEEHH1149)","2026-05-06","2026-05-19","2026-05-19 16:09:01","2026-05-19 16:09:01","2026-05-19 16:09:01","2026-05-20 01:02:31","X202605000367562","Y",""
"XDIST202605060004975357","엑셀수기배분","30053","롯데아울렛남악(직)","위탁","24S","DMSW65043","BKS","100","출고완료","22","22","0","22","이훈희(LEEHH1149)","2026-05-06","2026-05-19","2026-05-19 16:09:01","2026-05-19 16:09:01","2026-05-19 16:09:01","2026-05-20 01:00:51","X202605000367564","Y",""
"XDIST202605060004975357","엑셀수기배분","30054","롯데아울렛광주(직)","위탁","24S","DMSW65043","BKS","100","출고완료","22","22","0","22","이훈희(LEEHH1149)","2026-05-06","2026-05-19","2026-05-19 16:09:01","2026-05-19 16:09:01","2026-05-19 16:09:01","2026-05-20 11:23:14","X202605000367565","Y",""
"XDIST202605060004975357","엑셀수기배분","30056","롯데아울렛은평(직)","위탁","24S","DMSW65043","BKS","95","출고완료","2","2","0","2","이훈희(LEEHH1149)","2026-05-06","2026-05-19","2026-05-19 16:09:01","2026-05-19 16:09:01","2026-05-19 16:09:01","2026-05-20 15:13:01","X202605000367566","Y",""
"XDIST202605060004975357","엑셀수기배분","30056","롯데아울렛은평(직)","위탁","24S","DMSW65043","BKS","100","출고완료","22","22","0","22","이훈희(LEEHH1149)","2026-05-06","2026-05-19","2026-05-19 16:09:01","2026-05-19 16:09:01","2026-05-19 16:09:01","2026-05-20 15:13:01","X202605000367566","Y",""
"XDIST202605060004974321","MD요청-상품","31005","강남사옥(직)","위탁","26S","DMRS8I063","IVS","115","출고완료","1","1","0","1","권현정(KHJEONG)","2026-05-06","2026-05-06","2026-05-06 17:31:06","2026-05-06 17:31:06","2026-05-06 17:31:06","2026-05-07 09:03:00","X202605000365204","Y",""
"XDIST202605060004974321","MD요청-상품","50052","동해(대-위)","위탁","26S","DMRS8I063","IVS","115","출고완료","1","1","0","1","권현정(KHJEONG)","2026-05-06","2026-05-06","2026-05-06 17:27:05","2026-05-06 17:27:05","2026-05-06 17:27:05","2026-05-07 01:02:24","X202605000365210","Y",""
"XDIST202605060004974321","MD요청-상품","50179","나주(대-위)","위탁","26S","DMRS8I063","IVS","115","출고완료","1","1","0","1","권현정(KHJEONG)","2026-05-06","2026-05-06","2026-05-06 17:30:17","2026-05-06 17:30:17","2026-05-06 17:30:17","2026-05-07 01:04:12","X202605000365216","Y",""
"XDIST202605060004974321","MD요청-상품","10035","신세계의정부","위탁","26S","DMRS8I063","IVS","115","출고완료","1","1","0","1","권현정(KHJEONG)","2026-05-06","2026-05-06","2026-05-06 17:31:06","2026-05-06 17:31:06","2026-05-06 17:31:06","2026-05-07 01:05:09","X202605000365222","Y",""
"XDIST202605060004974321","MD요청-상품","10007","롯데부산","위탁","26S","DMRS8I063","IVS","115","출고완료","1","1","0","1","권현정(KHJEONG)","2026-05-06","2026-05-06","2026-05-06 17:26:10","2026-05-06 17:26:10","2026-05-06 17:26:10","2026-05-07 01:02:30","X202605000365225","Y",""
"XDIST202605070004991244","MD요청-상품","31006","명동점(직)","위탁","25N","DXCP5015N","BRD","58","출고완료","3","3","0","3","장윤희(YHJANG)","2026-05-07","2026-05-08","2026-05-08 17:33:04","2026-05-08 17:33:04","2026-05-08 17:33:04","2026-05-09 13:23:00","X202605000555204","Y",""
"XDIST202605060004974321","MD요청-상품","50149","NC불광(대-위)","위탁","26S","DMRS8I063","IVS","115","출고완료","1","1","0","1","권현정(KHJEONG)","2026-05-06","2026-05-06","2026-05-06 17:30:17","2026-05-06 17:30:17","2026-05-06 17:30:17","2026-05-07 01:05:16","X202605000365238","Y",""
"XDIST202605060004974321","MD요청-상품","10050","롯데본점","위탁","26S","DMRS8I063","IVS","115","출고완료","1","1","0","1","권현정(KHJEONG)","2026-05-06","2026-05-06","2026-05-06 17:27:05","2026-05-06 17:27:05","2026-05-06 17:27:05","2026-05-07 01:04:44","X202605000365240","Y",""
"XDIST202605060004974321","MD요청-상품","10093","AK평택","위탁","26S","DMRS8I063","IVS","115","출고완료","1","1","0","1","권현정(KHJEONG)","2026-05-06","2026-05-06","2026-05-06 17:26:10","2026-05-06 17:26:10","2026-05-06 17:26:10","2026-05-07 01:02:49","X202605000365241","Y",""
"XDIST202605060004974321","MD요청-상품","30046","LF스퀘어광양(직)","위탁","26S","DMRS8I063","IVS","115","출고완료","1","1","0","1","권현정(KHJEONG)","2026-05-06","2026-05-06","2026-05-06 17:26:10","2026-05-06 17:26:10","2026-05-06 17:26:10","2026-05-07 01:02:31","X202605000365247","Y",""
"XDIST202605070004991172","MD요청-상품","10090","신세계영등포","위탁","25N","DXCP5015N","BLL","58","출고완료","1","1","0","1","장윤희(YHJANG)","2026-05-07","2026-05-08","2026-05-08 17:49:03","2026-05-08 17:49:03","2026-05-08 17:49:03","2026-05-09 01:03:28","X202605000554990","Y",""
"XDIST202605070004991172","MD요청-상품","10091","갤러리아광교","위탁","25N","DXCP5015N","BLL","58","출고완료","1","1","0","1","장윤희(YHJANG)","2026-05-07","2026-05-08","2026-05-08 17:33:04","2026-05-08 17:33:04","2026-05-08 17:33:04","2026-05-09 01:03:32","X202605000554992","Y",""
"XDIST202605070004991172","MD요청-상품","50191","타임테라스동탄(대-위)","위탁","25N","DXCP5015N","BLL","58","출고완료","1","1","0","1","장윤희(YHJANG)","2026-05-07","2026-05-08","2026-05-08 17:49:03","2026-05-08 17:49:03","2026-05-08 17:49:03","2026-05-09 01:03:07","X202605000554996","Y",""
"XDIST202605070004991172","MD요청-상품","50190","아트몰링하단(대-위)","위탁","25N","DXCP5015N","BLL","58","출고완료","1","1","0","1","장윤희(YHJANG)","2026-05-07","2026-05-08","2026-05-08 17:33:04","2026-05-08 17:33:04","2026-05-08 17:33:04","2026-05-09 01:01:56","X202605000554997","Y",""
"XDIST202605070004991172","MD요청-상품","50195","수원남문(대-위)","위탁","25N","DXCP5015N","BLL","58","출고완료","1","1","0","1","장윤희(YHJANG)","2026-05-07","2026-05-08","2026-05-08 17:33:04","2026-05-08 17:33:04","2026-05-08 17:33:04","2026-05-09 01:02:41","X202605000554999","Y",""
"XDIST202605070004991172","MD요청-상품","50114","원주중앙(대-위)","위탁","25N","DXCP5015N","BLL","56","출고완료","1","1","0","1","장윤희(YHJANG)","2026-05-07","2026-05-08","2026-05-08 17:49:03","2026-05-08 17:49:03","2026-05-08 17:49:03","2026-05-09 01:02:24","X202605000555009","Y",""
"XDIST202605070004991172","MD요청-상품","50117","아이즈빌부평(대-위)","위탁","25N","DXCP5015N","BLL","58","출고완료","1","1","0","1","장윤희(YHJANG)","2026-05-07","2026-05-08","2026-05-08 17:33:04","2026-05-08 17:33:04","2026-05-08 17:33:04","2026-05-09 01:03:44","X202605000555013","Y",""
"XDIST202605070004991172","MD요청-상품","50116","오산(대-위)","위탁","25N","DXCP5015N","BLL","56","출고완료","1","1","0","1","장윤희(YHJANG)","2026-05-07","2026-05-08","2026-05-08 17:49:03","2026-05-08 17:49:03","2026-05-08 17:49:03","2026-05-09 01:02:43","X202605000555014","Y",""
"XDIST202605070004991172","MD요청-상품","50126","강릉(대-위)","위탁","25N","DXCP5015N","BLL","58","출고완료","1","1","0","1","장윤희(YHJANG)","2026-05-07","2026-05-08","2026-05-08 17:33:04","2026-05-08 17:33:04","2026-05-08 17:33:04","2026-05-09 01:01:53","X202605000555030","Y",""
"XDIST202605060004974322","MD요청-상품","50180","동광양(대-위)","위탁","26S","DMRS8I063","KAD","100","출고완료","1","1","0","1","권현정(KHJEONG)","2026-05-06","2026-05-06","2026-05-06 17:30:17","2026-05-06 17:30:17","2026-05-06 17:30:17","2026-05-07 01:04:28","X202605000365256","Y",""
"XDIST202605060004974322","MD요청-상품","50160","정읍(대-위)","위탁","26S","DMRS8I063","KAD","100","출고완료","1","1","0","1","권현정(KHJEONG)","2026-05-06","2026-05-06","2026-05-06 17:31:06","2026-05-06 17:31:06","2026-05-06 17:31:06","2026-05-07 01:04:30","X202605000365257","Y",""
"XDIST202605060004974322","MD요청-상품","50001","목포하당(대-위)","위탁","26S","DMRS8I063","KAD","100","출고완료","1","1","0","1","권현정(KHJEONG)","2026-05-06","2026-05-06","2026-05-06 17:30:17","2026-05-06 17:30:17","2026-05-06 17:30:17","2026-05-07 01:04:14","X202605000365261","Y",""
"XDIST202605060004974322","MD요청-상품","10092","엔터6안양","위탁","26S","DMRS8I063","KAD","100","출고완료","1","1","0","1","권현정(KHJEONG)","2026-05-06","2026-05-06","2026-05-06 17:30:17","2026-05-06 17:30:17","2026-05-06 17:30:17","2026-05-07 01:05:36","X202605000365269","Y",""
"XDIST202605060004974322","MD요청-상품","50077","서수원(대-위)","위탁","26S","DMRS8I063","KAD","100","출고완료","1","1","0","1","권현정(KHJEONG)","2026-05-06","2026-05-06","2026-05-06 17:26:10","2026-05-06 17:26:10","2026-05-06 17:26:10","2026-05-07 01:03:38","X202605000365278","Y",""
"XDIST202605070004991172","MD요청-상품","10073","신세계마산","위탁","25N","DXCP5015N","BLL","58","출고완료","1","1","0","1","장윤희(YHJANG)","2026-05-07","2026-05-08","2026-05-08 17:33:04","2026-05-08 17:33:04","2026-05-08 17:33:04","2026-05-09 01:02:00","X202605000555036","Y",""
"XDIST202605070004991172","MD요청-상품","50098","울산무거(대-위)","위탁","25N","DXCP5015N","BLL","56","출고완료","1","1","0","1","장윤희(YHJANG)","2026-05-07","2026-05-08","2026-05-08 17:49:03","2026-05-08 17:49:03","2026-05-08 17:49:03","2026-05-09 01:03:02","X202605000555042","Y",""
"XDIST202605070004991172","MD요청-상품","10078","신세계김해","위탁","25N","DXCP5015N","BLL","58","출고완료","1","1","0","1","장윤희(YHJANG)","2026-05-07","2026-05-08","2026-05-08 17:33:04","2026-05-08 17:33:04","2026-05-08 17:33:04","2026-05-09 01:02:23","X202605000555048","Y",""
"XDIST202605070004991172","MD요청-상품","50139","대구칠곡(대-위)","위탁","25N","DXCP5015N","BLL","56","출고완료","1","1","0","1","장윤희(YHJANG)","2026-05-07","2026-05-08","2026-05-08 17:33:04","2026-05-08 17:33:04","2026-05-08 17:33:04","2026-05-09 01:02:39","X202605000555052","Y",""
"XDIST202605070004991172","MD요청-상품","30050","타임스트림신림(직)","위탁","25N","DXCP5015N","BLL","58","출고완료","1","1","0","1","장윤희(YHJANG)","2026-05-07","2026-05-08","2026-05-08 17:33:04","2026-05-08 17:33:04","2026-05-08 17:33:04","2026-05-09 01:02:41","X202605000555057","Y",""
"XDIST202605070004991172","MD요청-상품","50020","안동(대-위)","위탁","25N","DXCP5015N","BLL","58","출고완료","1","1","0","1","장윤희(YHJANG)","2026-05-07","2026-05-08","2026-05-08 17:33:04","2026-05-08 17:33:04","2026-05-08 17:33:04","2026-05-09 01:02:32","X202605000555059","Y",""
"XDIST202605070004991172","MD요청-상품","50023","순천연향(대-위)","위탁","25N","DXCP5015N","BLL","58","출고완료","1","1","0","1","장윤희(YHJANG)","2026-05-07","2026-05-08","2026-05-08 17:49:03","2026-05-08 17:49:03","2026-05-08 17:49:03","2026-05-09 01:02:12","X202605000555062","Y",""
"XDIST202605070004991172","MD요청-상품","50145","성남신흥(대-위)","위탁","25N","DXCP5015N","BLL","58","출고완료","1","1","0","1","장윤희(YHJANG)","2026-05-07","2026-05-08","2026-05-08 17:33:04","2026-05-08 17:33:04","2026-05-08 17:33:04","2026-05-09 01:02:29","X202605000555066","Y",""
"XDIST202605070004991172","MD요청-상품","10045","롯데관악","위탁","25N","DXCP5015N","BLL","56","출고완료","1","1","0","1","장윤희(YHJANG)","2026-05-07","2026-05-08","2026-05-08 17:49:03","2026-05-08 17:49:03","2026-05-08 17:49:03","2026-05-09 01:03:14","X202605000555067","Y",""
"XDIST202605070004991172","MD요청-상품","10046","갤러리아센터시티","위탁","25N","DXCP5015N","BLL","58","출고완료","1","1","0","1","장윤희(YHJANG)","2026-05-07","2026-05-08","2026-05-08 17:49:03","2026-05-08 17:49:03","2026-05-08 17:49:03","2026-05-09 01:02:04","X202605000555073","Y",""
"XDIST202605070004991172","MD요청-상품","50153","부평중앙(대-위)","위탁","25N","DXCP5015N","BLL","58","출고완료","1","1","0","1","장윤희(YHJANG)","2026-05-07","2026-05-08","2026-05-08 17:33:04","2026-05-08 17:33:04","2026-05-08 17:33:04","2026-05-09 01:02:31","X202605000555079","Y",""
"XDIST202605070004991172","MD요청-상품","50154","LF스퀘어연수(대-위)","위탁","25N","DXCP5015N","BLL","58","출고완료","1","1","0","1","장윤희(YHJANG)","2026-05-07","2026-05-08","2026-05-08 17:49:03","2026-05-08 17:49:03","2026-05-08 17:49:03","2026-05-09 01:03:45","X202605000555082","Y",""
"XDIST202605070004991172","MD요청-상품","50154","LF스퀘어연수(대-위)","위탁","25N","DXCP5015N","BLL","56","출고완료","1","1","0","1","장윤희(YHJANG)","2026-05-07","2026-05-08","2026-05-08 17:49:03","2026-05-08 17:49:03","2026-05-08 17:49:03","2026-05-09 01:03:45","X202605000555082","Y",""
"XDIST202605070004991172","MD요청-상품","50157","충주(대-위)","위탁","25N","DXCP5015N","BLL","58","출고완료","1","1","0","1","장윤희(YHJANG)","2026-05-07","2026-05-08","2026-05-08 17:33:04","2026-05-08 17:33:04","2026-05-08 17:33:04","2026-05-09 01:01:45","X202605000555083","Y",""
"XDIST202605070004991172","MD요청-상품","10056","갤러리아진주","위탁","25N","DXCP5015N","BLL","58","출고완료","1","1","0","1","장윤희(YHJANG)","2026-05-07","2026-05-08","2026-05-08 17:33:04","2026-05-08 17:33:04","2026-05-08 17:33:04","2026-05-09 01:02:21","X202605000555086","Y",""
"XDIST202605070004991172","MD요청-상품","10056","갤러리아진주","위탁","25N","DXCP5015N","BLL","56","출고완료","1","1","0","1","장윤희(YHJANG)","2026-05-07","2026-05-08","2026-05-08 17:33:04","2026-05-08 17:33:04","2026-05-08 17:33:04","2026-05-09 01:02:21","X202605000555086","Y",""
"XDIST202605040004968716","엑셀수기배분","90019","EC-온라인물류","위탁","26S","DWPT7F063","DWS","27","출고완료","15","15","0","15","박정민(PJM1003)","2026-05-04","2026-05-06","2026-05-06 17:19:01","2026-05-06 17:19:01","2026-05-06 17:19:01","2026-05-07 01:01:55","X202605000201525","Y",""
"XDIST202605040004968716","엑셀수기배분","90019","EC-온라인물류","위탁","26S","DWPT7F063","BES","28","출고완료","10","10","0","10","박정민(PJM1003)","2026-05-04","2026-05-06","2026-05-06 17:19:01","2026-05-06 17:19:01","2026-05-06 17:19:01","2026-05-07 01:01:55","X202605000201525","Y",""
"XDIST202605040004968716","엑셀수기배분","90019","EC-온라인물류","위탁","26S","DWPT7F063","BGN","25","출고완료","5","5","0","5","박정민(PJM1003)","2026-05-04","2026-05-06","2026-05-06 17:19:01","2026-05-06 17:19:01","2026-05-06 17:19:01","2026-05-07 01:01:53","X202605000201525","Y",""
"XDIST202605040004968716","엑셀수기배분","90019","EC-온라인물류","위탁","26S","DWRS94063","IVD","100","출고완료","15","15","0","15","박정민(PJM1003)","2026-05-04","2026-05-06","2026-05-06 17:19:01","2026-05-06 17:19:01","2026-05-06 17:19:01","2026-05-07 01:01:54","X202605000201526","Y",""
"XDIST202605040004968716","엑셀수기배분","90019","EC-온라인물류","위탁","26S","DWRS94063","IVD","95","출고완료","15","15","0","15","박정민(PJM1003)","2026-05-04","2026-05-06","2026-05-06 17:19:01","2026-05-06 17:19:01","2026-05-06 17:19:01","2026-05-07 01:01:57","X202605000201526","Y",""
"XDIST202605040004968716","엑셀수기배분","90019","EC-온라인물류","위탁","26S","DWRS94063","BKS","100","출고완료","10","10","0","10","박정민(PJM1003)","2026-05-04","2026-05-06","2026-05-06 17:19:01","2026-05-06 17:19:01","2026-05-06 17:19:01","2026-05-07 01:01:53","X202605000201526","Y",""
"XDIST202605040004968716","엑셀수기배분","90019","EC-온라인물류","위탁","26S","DWRS97063","DGS","95","출고완료","15","15","0","15","박정민(PJM1003)","2026-05-04","2026-05-06","2026-05-06 17:19:01","2026-05-06 17:19:01","2026-05-06 17:19:01","2026-05-07 01:01:57","X202605000201526","Y",""
"XDIST202605040004968716","엑셀수기배분","90019","EC-온라인물류","위탁","26S","DWRS97063","IVD","90","출고완료","10","10","0","10","박정민(PJM1003)","2026-05-04","2026-05-06","2026-05-06 17:19:01","2026-05-06 17:19:01","2026-05-06 17:19:01","2026-05-07 01:01:57","X202605000201526","Y",""
"XDIST202605040004968716","엑셀수기배분","90019","EC-온라인물류","위탁","26S","DWSBB2063","INS","25","출고완료","10","10","0","10","박정민(PJM1003)","2026-05-04","2026-05-06","2026-05-06 17:19:01","2026-05-06 17:19:01","2026-05-06 17:19:01","2026-05-07 01:01:53","X202605000201527","Y",""
"XDIST202605040004968716","엑셀수기배분","90019","EC-온라인물류","위탁","26S","DWSBB2063","INS","28","출고완료","10","10","0","10","박정민(PJM1003)","2026-05-04","2026-05-06","2026-05-06 17:19:01","2026-05-06 17:19:01","2026-05-06 17:19:01","2026-05-07 01:01:53","X202605000201527","Y",""
"XDIST202605040004968716","엑셀수기배분","90019","EC-온라인물류","위탁","26S","DWTB95063","KAN","28","출고완료","10","10","0","10","박정민(PJM1003)","2026-05-04","2026-05-06","2026-05-06 17:19:01","2026-05-06 17:19:01","2026-05-06 17:19:01","2026-05-07 01:01:55","X202605000201528","Y",""
"XDIST202605040004968716","엑셀수기배분","90019","EC-온라인물류","위탁","26S","DWWJR2063","BKS","90","출고완료","15","15","0","15","박정민(PJM1003)","2026-05-04","2026-05-06","2026-05-06 17:19:01","2026-05-06 17:19:01","2026-05-06 17:19:01","2026-05-07 01:01:53","X202605000201529","Y",""
"XDIST202605070004991172","MD요청-상품","10055","신세계광주","위탁","25N","DXCP5015N","BLL","58","출고완료","1","1","0","1","장윤희(YHJANG)","2026-05-07","2026-05-08","2026-05-08 17:33:04","2026-05-08 17:33:04","2026-05-08 17:33:04","2026-05-09 01:01:48","X202605000555090","Y",""
"XDIST202605070004989715","MD요청-상품","50065","화성봉담(대-위)","위탁","25N","DXCP5025N","BKS","58","출고완료","5","5","0","5","장윤희(YHJANG)","2026-05-07","2026-05-08","2026-05-08 17:49:02","2026-05-08 17:49:02","2026-05-08 17:49:02","2026-05-09 01:01:39","X202605000549978","Y",""
"XDIST202605070004989715","MD요청-상품","50089","퍼스트빌리지(대-위)","위탁","25N","DXCP5025N","BKS","58","출고완료","5","5","0","5","장윤희(YHJANG)","2026-05-07","2026-05-08","2026-05-08 17:49:02","2026-05-08 17:49:02","2026-05-08 17:49:02","2026-05-09 01:01:40","X202605000549981","Y",""
"XDIST202605070004989715","MD요청-상품","50168","모다김제(대-위)","위탁","25N","DXCP5025N","BKS","58","출고완료","5","5","0","5","장윤희(YHJANG)","2026-05-07","2026-05-08","2026-05-08 17:33:03","2026-05-08 17:33:03","2026-05-08 17:33:03","2026-05-09 01:02:53","X202605000549982","Y",""
"XDIST202605070004990400","MD요청-상품","50101","김포(대-위)","위탁","25N","DXCP5025N","KAL","58","출고완료","4","4","0","4","장윤희(YHJANG)","2026-05-07","2026-05-08","2026-05-08 17:49:02","2026-05-08 17:49:02","2026-05-08 17:49:02","2026-05-09 01:01:45","X202605000551837","Y",""
"XDIST202605060004974160","MD요청-상품","50006","제주(대-위)","위탁","26S","DWRS97063","IVD","90","출고완료","1","1","0","1","권현정(KHJEONG)","2026-05-06","2026-05-06","2026-05-06 17:31:05","2026-05-06 17:31:05","2026-05-06 17:31:05","2026-05-07 01:04:40","X202605000364879","Y",""
"XDIST202605070004988721","엑셀수기배분","X0015","쇼룸(기획MD)","위탁","26S","DKRS81063","LAL","130","출고완료","1","1","0","1","김소진(SOJIN1027)","2026-05-07","2026-05-07","2026-05-08 17:29:05","2026-05-08 17:29:05","2026-05-08 17:29:05","2026-05-09 01:01:26","X202605000543366","Y",""
"XDIST202605070004988721","엑셀수기배분","X0015","쇼룸(기획MD)","위탁","26S","DKRS83063","CRS","160","출고완료","1","1","0","1","김소진(SOJIN1027)","2026-05-07","2026-05-07","2026-05-08 17:29:05","2026-05-08 17:29:05","2026-05-08 17:29:05","2026-05-09 01:01:26","X202605000543366","Y",""
"XDIST202605080004993589","엑셀수기배분","90019","EC-온라인물류","위탁","25S","DMPT39051","BKS","36","출고완료","1","1","0","0","허새흰(HEEN1)","2026-05-08","2026-05-08","2026-05-08 17:30:04","2026-05-08 17:30:04","2026-05-08 17:30:04","","X202605000617706","Y",""
"XDIST202605080004993589","엑셀수기배분","90019","EC-온라인물류","위탁","25S","DXHD38051","DGS","90","출고완료","3","3","0","0","허새흰(HEEN1)","2026-05-08","2026-05-08","2026-05-08 17:30:04","2026-05-08 17:30:04","2026-05-08 17:30:04","","X202605000617712","Y",""
"XDIST202605070004991172","MD요청-상품","50041","홍성점(대-위)","위탁","25N","DXCP5015N","BLL","58","출고완료","1","1","0","1","장윤희(YHJANG)","2026-05-07","2026-05-08","2026-05-08 17:33:03","2026-05-08 17:33:03","2026-05-08 17:33:03","2026-05-09 01:01:58","X202605000554914","Y",""
"XDIST202605070004991172","MD요청-상품","50166","진영(대-위)","위탁","25N","DXCP5015N","BLL","58","출고완료","1","1","0","1","장윤희(YHJANG)","2026-05-07","2026-05-08","2026-05-08 17:33:03","2026-05-08 17:33:03","2026-05-08 17:33:03","2026-05-09 01:02:44","X202605000554917","Y",""
"XDIST202605070004991172","MD요청-상품","10020","롯데청량리","위탁","25N","DXCP5015N","BLL","58","출고완료","1","1","0","1","장윤희(YHJANG)","2026-05-07","2026-05-08","2026-05-08 17:33:03","2026-05-08 17:33:03","2026-05-08 17:33:03","2026-05-09 01:03:13","X202605000554925","Y",""
"XDIST202605070004991172","MD요청-상품","10006","AK분당","위탁","25N","DXCP5015N","BLL","56","출고완료","1","1","0","1","장윤희(YHJANG)","2026-05-07","2026-05-08","2026-05-08 17:49:03","2026-05-08 17:49:03","2026-05-08 17:49:03","2026-05-09 01:03:39","X202605000554965","Y",""
"XDIST202605070004991172","MD요청-상품","50065","화성봉담(대-위)","위탁","25N","DXCP5015N","BLL","58","출고완료","1","1","0","1","장윤희(YHJANG)","2026-05-07","2026-05-08","2026-05-08 17:49:03","2026-05-08 17:49:03","2026-05-08 17:49:03","2026-05-09 01:01:39","X202605000554972","Y",""
"XDIST202605070004991172","MD요청-상품","50101","김포(대-위)","위탁","25N","DXCP5015N","BLL","58","출고완료","1","1","0","1","장윤희(YHJANG)","2026-05-07","2026-05-08","2026-05-08 17:49:03","2026-05-08 17:49:03","2026-05-08 17:49:03","2026-05-09 01:01:45","X202605000554983","Y",""
"XDIST202605060004981672","엑셀수기배분","30024","롯데아울렛부여(직)","위탁","24S","DWTP52043","BKS","25","출고완료","3","3","0","3","이훈희(LEEHH1149)","2026-05-06","2026-05-07","2026-05-07 17:07:02","2026-05-07 17:07:02","2026-05-07 17:07:02","2026-05-08 01:02:15","X202605000399038","Y",""
"XDIST202605060004981672","엑셀수기배분","30024","롯데아울렛부여(직)","위탁","24S","DWTP52043","BKS","26","출고완료","3","3","0","3","이훈희(LEEHH1149)","2026-05-06","2026-05-07","2026-05-07 17:07:02","2026-05-07 17:07:02","2026-05-07 17:07:02","2026-05-08 01:02:15","X202605000399038","Y",""
"XDIST202605060004981672","엑셀수기배분","30024","롯데아울렛부여(직)","위탁","24S","DMTR51043","CRD","95","출고완료","3","3","0","3","이훈희(LEEHH1149)","2026-05-06","2026-05-07","2026-05-07 17:07:02","2026-05-07 17:07:02","2026-05-07 17:07:02","2026-05-08 01:02:48","X202605000399039","Y",""
"XDIST202605060004981672","엑셀수기배분","30024","롯데아울렛부여(직)","위탁","24S","DXTR75043","BRD","100","출고완료","3","3","0","3","이훈희(LEEHH1149)","2026-05-06","2026-05-07","2026-05-07 17:07:02","2026-05-07 17:07:02","2026-05-07 17:07:02","2026-05-08 01:02:41","X202605000399039","Y",""
"XDIST202605060004981672","엑셀수기배분","30024","롯데아울렛부여(직)","위탁","24S","DMTS55043","TQL","110","출고완료","2","2","0","2","이훈희(LEEHH1149)","2026-05-06","2026-05-07","2026-05-07 17:07:02","2026-05-07 17:07:02","2026-05-07 17:07:02","2026-05-08 01:02:12","X202605000399040","Y",""
"XDIST202605060004981672","엑셀수기배분","30024","롯데아울렛부여(직)","위탁","24S","DMTS55043","TQL","95","출고완료","3","3","0","3","이훈희(LEEHH1149)","2026-05-06","2026-05-07","2026-05-07 17:07:02","2026-05-07 17:07:02","2026-05-07 17:07:02","2026-05-08 01:02:16","X202605000399040","Y",""
"XDIST202605060004981672","엑셀수기배분","30024","롯데아울렛부여(직)","위탁","24S","DMTSG3043","CRS","100","출고완료","2","2","0","2","이훈희(LEEHH1149)","2026-05-06","2026-05-07","2026-05-07 17:07:02","2026-05-07 17:07:02","2026-05-07 17:07:02","2026-05-08 01:02:15","X202605000399040","Y",""
"XDIST202605060004981672","엑셀수기배분","30024","롯데아울렛부여(직)","위탁","24S","DMTSGE043","DBS","110","출고완료","2","2","0","2","이훈희(LEEHH1149)","2026-05-06","2026-05-07","2026-05-07 17:07:02","2026-05-07 17:07:02","2026-05-07 17:07:02","2026-05-08 01:02:15","X202605000399040","Y",""
"XDIST202605060004981672","엑셀수기배분","30024","롯데아울렛부여(직)","위탁","24S","DMTSGU043","CBL","95","출고완료","3","3","0","3","이훈희(LEEHH1149)","2026-05-06","2026-05-07","2026-05-07 17:07:02","2026-05-07 17:07:02","2026-05-07 17:07:02","2026-05-08 01:02:53","X202605000399040","Y",""
"XDIST202605060004981672","엑셀수기배분","30024","롯데아울렛부여(직)","위탁","24S","DMWJ61043","BKS","110","출고완료","3","3","0","3","이훈희(LEEHH1149)","2026-05-06","2026-05-07","2026-05-07 17:07:02","2026-05-07 17:07:02","2026-05-07 17:07:02","2026-05-08 01:02:16","X202605000399041","Y",""
"XDIST202605060004981672","엑셀수기배분","30024","롯데아울렛부여(직)","위탁","24S","DMWJ63043","EGS","105","출고완료","3","3","0","3","이훈희(LEEHH1149)","2026-05-06","2026-05-07","2026-05-07 17:07:02","2026-05-07 17:07:02","2026-05-07 17:07:02","2026-05-08 01:02:41","X202605000399041","Y",""
"XDIST202605060004981672","엑셀수기배분","30024","롯데아울렛부여(직)","위탁","24S","DWWJ62043","BKS","95","출고완료","3","3","0","3","이훈희(LEEHH1149)","2026-05-06","2026-05-07","2026-05-07 17:07:02","2026-05-07 17:07:02","2026-05-07 17:07:02","2026-05-08 01:02:16","X202605000399041","Y",""
"XDIST202605060004981672","엑셀수기배분","30024","롯데아울렛부여(직)","위탁","24S","DWWJ62043","MTL","100","출고완료","3","3","0","3","이훈희(LEEHH1149)","2026-05-06","2026-05-07","2026-05-07 17:07:02","2026-05-07 17:07:02","2026-05-07 17:07:02","2026-05-08 01:02:17","X202605000399041","Y",""
"XDIST202605060004981672","엑셀수기배분","30024","롯데아울렛부여(직)","위탁","24S","DWWJ93043","BKS","90","출고완료","5","5","0","5","이훈희(LEEHH1149)","2026-05-06","2026-05-07","2026-05-07 17:07:02","2026-05-07 17:07:02","2026-05-07 17:07:02","2026-05-08 01:02:15","X202605000399041","Y",""
"XDIST202605060004981672","엑셀수기배분","30024","롯데아울렛부여(직)","위탁","24S","DWWJ93043","MTS","90","출고완료","5","5","0","5","이훈희(LEEHH1149)","2026-05-06","2026-05-07","2026-05-07 17:07:02","2026-05-07 17:07:02","2026-05-07 17:07:02","2026-05-08 01:02:57","X202605000399041","Y",""
"XDIST202605060004981672","엑셀수기배분","30024","롯데아울렛부여(직)","위탁","24S","DWWJ95043","CRS","100","출고완료","5","5","0","5","이훈희(LEEHH1149)","2026-05-06","2026-05-07","2026-05-07 17:07:02","2026-05-07 17:07:02","2026-05-07 17:07:02","2026-05-08 01:02:16","X202605000399041","Y",""
"XDIST202605060004981672","엑셀수기배분","30024","롯데아울렛부여(직)","위탁","24S","DWWJ95043","CRS","95","출고완료","6","6","0","6","이훈희(LEEHH1149)","2026-05-06","2026-05-07","2026-05-07 17:07:02","2026-05-07 17:07:02","2026-05-07 17:07:02","2026-05-08 01:02:37","X202605000399041","Y",""
"XDIST202605060004981672","엑셀수기배분","30024","롯데아울렛부여(직)","위탁","24S","DWWJ95043","NYD","90","출고완료","10","10","0","10","이훈희(LEEHH1149)","2026-05-06","2026-05-07","2026-05-07 17:07:02","2026-05-07 17:07:02","2026-05-07 17:07:02","2026-05-08 01:02:17","X202605000399041","Y",""
"XDIST202605060004981672","엑셀수기배분","30024","롯데아울렛부여(직)","위탁","24S","DXRS6A043","CBL","100","출고완료","3","3","0","3","이훈희(LEEHH1149)","2026-05-06","2026-05-07","2026-05-07 17:07:02","2026-05-07 17:07:02","2026-05-07 17:07:02","2026-05-08 01:02:41","X202605000399042","Y",""
"XDIST202605060004981672","엑셀수기배분","30024","롯데아울렛부여(직)","위탁","24S","DXRS7C043","GNN","110","출고완료","2","2","0","2","이훈희(LEEHH1149)","2026-05-06","2026-05-07","2026-05-07 17:07:02","2026-05-07 17:07:02","2026-05-07 17:07:02","2026-05-08 01:02:32","X202605000399042","Y",""
"XDIST202605060004981672","엑셀수기배분","30024","롯데아울렛부여(직)","위탁","24S","DXRS7G043","ORD","100","출고완료","2","2","0","2","이훈희(LEEHH1149)","2026-05-06","2026-05-07","2026-05-07 17:07:02","2026-05-07 17:07:02","2026-05-07 17:07:02","2026-05-08 01:02:32","X202605000399042","Y",""
"XDIST202605070004990173","MD요청-상품","50096","LF스퀘어양주(대-위)","위탁","25N","DXCP5025N","GRD","56","출고완료","2","2","0","2","장윤희(YHJANG)","2026-05-07","2026-05-08","2026-05-08 17:49:02","2026-05-08 17:49:02","2026-05-08 17:49:02","2026-05-09 01:03:43","X202605000551556","Y",""
"XDIST202605070004990173","MD요청-상품","50065","화성봉담(대-위)","위탁","25N","DXCP5025N","GRD","58","출고완료","2","2","0","2","장윤희(YHJANG)","2026-05-07","2026-05-08","2026-05-08 17:49:02","2026-05-08 17:49:02","2026-05-08 17:49:02","2026-05-09 01:01:39","X202605000551557","Y",""
"XDIST202605060004974318","MD요청-상품","50052","동해(대-위)","위탁","26S","DWRS9N063","CRS","95","출고완료","1","1","0","1","권현정(KHJEONG)","2026-05-06","2026-05-06","2026-05-06 17:27:05","2026-05-06 17:27:05","2026-05-06 17:27:05","2026-05-07 01:03:19","X202605000365170","Y",""
"XDIST202605070004991545","MD요청-상품","50165","청주율량(대-위)","위탁","25N","DXCP5015N","LVS","58","출고완료","1","1","0","1","장윤희(YHJANG)","2026-05-07","2026-05-08","2026-05-08 17:33:04","2026-05-08 17:33:04","2026-05-08 17:33:04","2026-05-09 01:01:58","X202605000555818","Y",""
"XDIST202605070004991545","MD요청-상품","10020","롯데청량리","위탁","25N","DXCP5015N","LVS","58","출고완료","1","1","0","1","장윤희(YHJANG)","2026-05-07","2026-05-08","2026-05-08 17:33:04","2026-05-08 17:33:04","2026-05-08 17:33:04","2026-05-09 01:03:13","X202605000555824","Y",""
"XDIST202605070004991545","MD요청-상품","50209","서귀포(대-위)","위탁","25N","DXCP5015N","LVS","56","출고완료","1","1","0","1","장윤희(YHJANG)","2026-05-07","2026-05-08","2026-05-08 17:33:04","2026-05-08 17:33:04","2026-05-08 17:33:04","2026-05-09 01:02:28","X202605000555830","Y",""
"XDIST202605060004974318","MD요청-상품","10043","롯데울산","위탁","26S","DWRS9N063","CRS","90","출고완료","1","1","0","1","권현정(KHJEONG)","2026-05-06","2026-05-06","2026-05-06 17:26:09","2026-05-06 17:26:09","2026-05-06 17:26:09","2026-05-07 01:03:22","X202605000365173","Y",""
"XDIST202605060004974320","MD요청-상품","50059","신제주(대-위)","위탁","26S","DWRS9N063","NYD","95","출고완료","1","1","0","1","권현정(KHJEONG)","2026-05-06","2026-05-06","2026-05-06 17:30:17","2026-05-06 17:30:17","2026-05-06 17:30:17","2026-05-07 01:03:06","X202605000365184","Y",""
"XDIST202605070004991545","MD요청-상품","50172","안성(대-위)","위탁","25N","DXCP5015N","LVS","56","출고완료","1","1","0","1","장윤희(YHJANG)","2026-05-07","2026-05-08","2026-05-08 17:33:04","2026-05-08 17:33:04","2026-05-08 17:33:04","2026-05-09 01:02:28","X202605000555835","Y",""
"XDIST202605070004991545","MD요청-상품","50210","해남(대-위)","위탁","25N","DXCP5015N","LVS","58","출고완료","2","2","0","2","장윤희(YHJANG)","2026-05-07","2026-05-08","2026-05-08 17:49:03","2026-05-08 17:49:03","2026-05-08 17:49:03","2026-05-09 01:02:50","X202605000555839","Y",""
"XDIST202605070004991545","MD요청-상품","10038","롯데창원","위탁","25N","DXCP5015N","LVS","56","출고완료","1","1","0","1","장윤희(YHJANG)","2026-05-07","2026-05-08","2026-05-08 17:49:03","2026-05-08 17:49:03","2026-05-08 17:49:03","2026-05-09 01:03:04","X202605000555845","Y",""
"XDIST202605070004991545","MD요청-상품","30028","광주상무(직)","위탁","25N","DXCP5015N","LVS","56","출고완료","1","1","0","1","장윤희(YHJANG)","2026-05-07","2026-05-08","2026-05-08 17:49:03","2026-05-08 17:49:03","2026-05-08 17:49:03","2026-05-09 01:01:37","X202605000555846","Y",""
"XDIST202605070004991545","MD요청-상품","50106","세정광주(대-위)","위탁","25N","DXCP5015N","LVS","58","출고완료","2","2","0","2","장윤희(YHJANG)","2026-05-07","2026-05-08","2026-05-08 17:33:04","2026-05-08 17:33:04","2026-05-08 17:33:04","2026-05-09 01:01:49","X202605000555864","Y",""
"XDIST202605070004991545","MD요청-상품","10096","롯데동탄","위탁","25N","DXCP5015N","LVS","56","출고완료","1","1","0","1","장윤희(YHJANG)","2026-05-07","2026-05-08","2026-05-08 17:33:04","2026-05-08 17:33:04","2026-05-08 17:33:04","2026-05-09 01:03:19","X202605000555870","Y",""
"XDIST202605070004991639","MD요청-상품","50160","정읍(대-위)","위탁","25N","DXCP5015N","ORS","56","출고완료","1","1","0","1","장윤희(YHJANG)","2026-05-07","2026-05-08","2026-05-08 17:33:04","2026-05-08 17:33:04","2026-05-08 17:33:04","2026-05-09 01:02:30","X202605000556235","Y",""
"XDIST202605070004991639","MD요청-상품","10023","갤러리아대전","위탁","25N","DXCP5015N","ORS","56","출고완료","1","1","0","1","장윤희(YHJANG)","2026-05-07","2026-05-08","2026-05-08 17:49:03","2026-05-08 17:49:03","2026-05-08 17:49:03","2026-05-09 01:01:39","X202605000556243","Y",""
"XDIST202605070004991639","MD요청-상품","50205","NC강서(대-위)","위탁","25N","DXCP5015N","ORS","56","출고완료","1","1","0","1","장윤희(YHJANG)","2026-05-07","2026-05-08","2026-05-08 17:49:03","2026-05-08 17:49:03","2026-05-08 17:49:03","2026-05-09 01:03:35","X202605000556245","Y",""
"XDIST202605070004991639","MD요청-상품","50207","전주평화점(대-위)","위탁","25N","DXCP5015N","ORS","56","출고완료","1","1","0","1","장윤희(YHJANG)","2026-05-07","2026-05-08","2026-05-08 17:49:03","2026-05-08 17:49:03","2026-05-08 17:49:03","2026-05-09 01:01:35","X202605000556250","Y",""
"XDIST202605070004991639","MD요청-상품","50053","전주송천(대-위)","위탁","25N","DXCP5015N","ORS","56","출고완료","1","1","0","1","장윤희(YHJANG)","2026-05-07","2026-05-08","2026-05-08 17:49:03","2026-05-08 17:49:03","2026-05-08 17:49:03","2026-05-09 01:01:44","X202605000556256","Y",""
"XDIST202605070004991639","MD요청-상품","50180","동광양(대-위)","위탁","25N","DXCP5015N","ORS","56","출고완료","1","1","0","1","장윤희(YHJANG)","2026-05-07","2026-05-08","2026-05-08 17:33:04","2026-05-08 17:33:04","2026-05-08 17:33:04","2026-05-09 01:01:51","X202605000556268","Y",""
"XDIST202605070004991639","MD요청-상품","50183","대전은행(대-위)","위탁","25N","DXCP5015N","ORS","56","출고완료","1","1","0","1","장윤희(YHJANG)","2026-05-07","2026-05-08","2026-05-08 17:49:03","2026-05-08 17:49:03","2026-05-08 17:49:03","2026-05-09 01:02:13","X202605000556273","Y",""
"XDIST202605070004991639","MD요청-상품","10087","롯데인천","위탁","25N","DXCP5015N","ORS","58","출고완료","1","1","0","1","장윤희(YHJANG)","2026-05-07","2026-05-08","2026-05-08 17:49:03","2026-05-08 17:49:03","2026-05-08 17:49:03","2026-05-09 01:03:52","X202605000556278","Y",""
"XDIST202605070004991639","MD요청-상품","50101","김포(대-위)","위탁","25N","DXCP5015N","ORS","56","출고완료","1","1","0","1","장윤희(YHJANG)","2026-05-07","2026-05-08","2026-05-08 17:49:03","2026-05-08 17:49:03","2026-05-08 17:49:03","2026-05-09 01:01:45","X202605000556279","Y",""
"XDIST202605070004991639","MD요청-상품","50106","세정광주(대-위)","위탁","25N","DXCP5015N","ORS","58","출고완료","1","1","0","1","장윤희(YHJANG)","2026-05-07","2026-05-08","2026-05-08 17:33:04","2026-05-08 17:33:04","2026-05-08 17:33:04","2026-05-09 01:01:49","X202605000556282","Y",""
"XDIST202605040004958986","엑셀수기배분","11023","K_신세계마산","위탁","26S","DKPT12061","BKS","160","출고완료","1","1","0","1","김소진(SOJIN1027)","2026-05-04","2026-05-04","2026-05-04 18:58:14","2026-05-04 18:58:14","2026-05-04 18:58:14","2026-05-05 01:05:47","X202605000175453","Y",""
"XDIST202605040004958986","엑셀수기배분","11023","K_신세계마산","위탁","26S","DKRS76063","WHS","150","출고완료","1","1","0","1","김소진(SOJIN1027)","2026-05-04","2026-05-04","2026-05-04 18:58:14","2026-05-04 18:58:14","2026-05-04 18:58:14","2026-05-05 01:05:47","X202605000175454","Y",""
"XDIST202605040004958986","엑셀수기배분","11023","K_신세계마산","위탁","26S","DKRS79063","DML","140","출고완료","1","1","0","1","김소진(SOJIN1027)","2026-05-04","2026-05-04","2026-05-04 18:58:14","2026-05-04 18:58:14","2026-05-04 18:58:14","2026-05-05 01:05:47","X202605000175454","Y",""
"XDIST202605040004958986","엑셀수기배분","31003","K_롯데아울렛파주(직)","위탁","26S","DKAZ22063","WHS","150","출고완료","1","1","0","1","김소진(SOJIN1027)","2026-05-04","2026-05-04","2026-05-04 18:58:14","2026-05-04 18:58:14","2026-05-04 18:58:14","2026-05-05 01:10:16","X202605000175461","Y",""
"XDIST202605040004958986","엑셀수기배분","31003","K_롯데아울렛파주(직)","위탁","26S","DKAZ31063","DMS","140","출고완료","1","1","0","1","김소진(SOJIN1027)","2026-05-04","2026-05-04","2026-05-04 18:58:14","2026-05-04 18:58:14","2026-05-04 18:58:14","2026-05-05 01:10:16","X202605000175461","Y",""
"XDIST202605040004958986","엑셀수기배분","50047","순천중앙(대-위)","위탁","26S","DKAZ22063","YLS","150","출고완료","1","1","0","1","김소진(SOJIN1027)","2026-05-04","2026-05-04","2026-05-04 18:35:16","2026-05-04 18:35:16","2026-05-04 18:35:16","2026-05-05 01:07:50","X202605000175462","Y",""
"XDIST202605040004958986","엑셀수기배분","50053","전주송천(대-위)","위탁","26S","DKRS77063","GRS","160","출고완료","1","1","0","1","김소진(SOJIN1027)","2026-05-04","2026-05-04","2026-05-04 18:58:14","2026-05-04 18:58:14","2026-05-04 18:58:14","2026-05-05 01:06:34","X202605000175467","Y",""
"XDIST202605040004958986","엑셀수기배분","50053","전주송천(대-위)","위탁","26S","DKRS82063","WHS","160","출고완료","1","1","0","1","김소진(SOJIN1027)","2026-05-04","2026-05-04","2026-05-04 18:58:14","2026-05-04 18:58:14","2026-05-04 18:58:14","2026-05-05 01:06:57","X202605000175467","Y",""
"XDIST202605040004958986","엑셀수기배분","50181","경산(대-위)","위탁","26S","DKAZ16063","OLS","150","출고완료","1","1","0","1","김소진(SOJIN1027)","2026-05-04","2026-05-04","2026-05-04 18:35:16","2026-05-04 18:35:16","2026-05-04 18:35:16","2026-05-05 01:06:49","X202605000175471","Y",""
"XDIST202605040004958986","엑셀수기배분","50181","경산(대-위)","위탁","26S","DKAZ32063","WHS","140","출고완료","1","1","0","1","김소진(SOJIN1027)","2026-05-04","2026-05-04","2026-05-04 18:35:16","2026-05-04 18:35:16","2026-05-04 18:35:16","2026-05-05 01:07:10","X202605000175471","Y",""
"XDIST202605040004958986","엑셀수기배분","50181","경산(대-위)","위탁","26S","DKTR51063","CRS","150","출고완료","1","1","0","1","김소진(SOJIN1027)","2026-05-04","2026-05-04","2026-05-04 18:35:17","2026-05-04 18:35:17","2026-05-04 18:35:17","2026-05-05 01:06:53","X202605000175476","Y",""
"XDIST202605070004991545","MD요청-상품","50127","전주중앙(대-위)","위탁","25N","DXCP5015N","LVS","56","출고완료","1","1","0","1","장윤희(YHJANG)","2026-05-07","2026-05-08","2026-05-08 17:33:04","2026-05-08 17:33:04","2026-05-08 17:33:04","2026-05-09 01:02:39","X202605000555891","Y",""
"XDIST202605070004991545","MD요청-상품","50090","아산(대-위)","위탁","25N","DXCP5015N","LVS","56","출고완료","1","1","0","1","장윤희(YHJANG)","2026-05-07","2026-05-08","2026-05-08 17:49:03","2026-05-08 17:49:03","2026-05-08 17:49:03","2026-05-09 01:01:36","X202605000555894","Y",""
"XDIST202605070004991545","MD요청-상품","50095","진주정촌(대-위)","위탁","25N","DXCP5015N","LVS","56","출고완료","1","1","0","1","장윤희(YHJANG)","2026-05-07","2026-05-08","2026-05-08 17:49:03","2026-05-08 17:49:03","2026-05-08 17:49:03","2026-05-09 01:01:39","X202605000555895","Y",""
"XDIST202605070004991545","MD요청-상품","50140","에버랜드용인(대-위)","위탁","25N","DXCP5015N","LVS","56","출고완료","1","1","0","1","장윤희(YHJANG)","2026-05-07","2026-05-08","2026-05-08 17:33:04","2026-05-08 17:33:04","2026-05-08 17:33:04","2026-05-08 19:53:00","X202605000555910","Y",""
"XDIST202605070004991545","MD요청-상품","50143","통영(대-위)","위탁","25N","DXCP5015N","LVS","56","출고완료","1","1","0","1","장윤희(YHJANG)","2026-05-07","2026-05-08","2026-05-08 17:33:04","2026-05-08 17:33:04","2026-05-08 17:33:04","2026-05-09 01:01:51","X202605000555914","Y",""
"XDIST202605070004991545","MD요청-상품","50028","광주첨단(대-위)","위탁","25N","DXCP5015N","LVS","56","출고완료","1","1","0","1","장윤희(YHJANG)","2026-05-07","2026-05-08","2026-05-08 17:33:04","2026-05-08 17:33:04","2026-05-08 17:33:04","2026-05-09 01:02:52","X202605000555919","Y",""
"XDIST202605070004991545","MD요청-상품","10052","롯데강남","위탁","25N","DXCP5015N","LVS","56","출고완료","1","1","0","1","장윤희(YHJANG)","2026-05-07","2026-05-08","2026-05-08 17:33:04","2026-05-08 17:33:04","2026-05-08 17:33:04","2026-05-09 01:03:13","X202605000555923","Y",""
"XDIST202605070004991639","MD요청-상품","10096","롯데동탄","위탁","25N","DXCP5015N","ORS","56","출고완료","1","1","0","1","장윤희(YHJANG)","2026-05-07","2026-05-08","2026-05-08 17:33:04","2026-05-08 17:33:04","2026-05-08 17:33:04","2026-05-09 01:03:19","X202605000556288","Y",""
"XDIST202605070004991639","MD요청-상품","50073","거제고현(대-위)","위탁","25N","DXCP5015N","ORS","56","출고완료","1","1","0","1","장윤희(YHJANG)","2026-05-07","2026-05-08","2026-05-08 17:49:03","2026-05-08 17:49:03","2026-05-08 17:49:03","2026-05-09 01:02:19","X202605000556294","Y",""
"XDIST202605070004991639","MD요청-상품","50111","패션아일랜드(대-위)","위탁","25N","DXCP5015N","ORS","56","출고완료","1","1","0","1","장윤희(YHJANG)","2026-05-07","2026-05-08","2026-05-08 17:49:03","2026-05-08 17:49:03","2026-05-08 17:49:03","2026-05-09 01:03:03","X202605000556295","Y",""
"XDIST202605070004991639","MD요청-상품","50111","패션아일랜드(대-위)","위탁","25N","DXCP5015N","ORS","58","출고완료","1","1","0","1","장윤희(YHJANG)","2026-05-07","2026-05-08","2026-05-08 17:49:03","2026-05-08 17:49:03","2026-05-08 17:49:03","2026-05-09 01:03:03","X202605000556295","Y",""
"XDIST202605070004991639","MD요청-상품","50001","목포하당(대-위)","위탁","25N","DXCP5015N","ORS","56","출고완료","1","1","0","1","장윤희(YHJANG)","2026-05-07","2026-05-08","2026-05-08 17:33:04","2026-05-08 17:33:04","2026-05-08 17:33:04","2026-05-09 01:01:53","X202605000556309","Y",""
"XDIST202605070004991639","MD요청-상품","50089","퍼스트빌리지(대-위)","위탁","25N","DXCP5015N","ORS","56","출고완료","1","1","0","1","장윤희(YHJANG)","2026-05-07","2026-05-08","2026-05-08 17:49:03","2026-05-08 17:49:03","2026-05-08 17:49:03","2026-05-09 01:01:40","X202605000556310","Y",""
"XDIST202605070004991639","MD요청-상품","50006","제주(대-위)","위탁","25N","DXCP5015N","ORS","56","출고완료","1","1","0","1","장윤희(YHJANG)","2026-05-07","2026-05-08","2026-05-08 17:33:04","2026-05-08 17:33:04","2026-05-08 17:33:04","2026-05-09 01:01:50","X202605000556317","Y",""
"XDIST202605070004991639","MD요청-상품","50096","LF스퀘어양주(대-위)","위탁","25N","DXCP5015N","ORS","58","출고완료","1","1","0","1","장윤희(YHJANG)","2026-05-07","2026-05-08","2026-05-08 17:49:03","2026-05-08 17:49:03","2026-05-08 17:49:03","2026-05-09 01:03:43","X202605000556321","Y",""
"XDIST202605070004991639","MD요청-상품","10076","현대미아","위탁","25N","DXCP5015N","ORS","56","출고완료","1","1","0","1","장윤희(YHJANG)","2026-05-07","2026-05-08","2026-05-08 17:49:03","2026-05-08 17:49:03","2026-05-08 17:49:03","2026-05-09 01:03:23","X202605000556323","Y",""
"XDIST202605070004991639","MD요청-상품","10077","신세계센텀","위탁","25N","DXCP5015N","ORS","58","출고완료","1","1","0","1","장윤희(YHJANG)","2026-05-07","2026-05-08","2026-05-08 17:33:04","2026-05-08 17:33:04","2026-05-08 17:33:04","2026-05-09 01:02:16","X202605000556326","Y",""
"XDIST202605070004991639","MD요청-상품","50023","순천연향(대-위)","위탁","25N","DXCP5015N","ORS","56","출고완료","1","1","0","1","장윤희(YHJANG)","2026-05-07","2026-05-08","2026-05-08 17:49:03","2026-05-08 17:49:03","2026-05-08 17:49:03","2026-05-09 01:02:12","X202605000556332","Y",""
"XDIST202605070004991639","MD요청-상품","50023","순천연향(대-위)","위탁","25N","DXCP5015N","ORS","58","출고완료","1","1","0","1","장윤희(YHJANG)","2026-05-07","2026-05-08","2026-05-08 17:49:03","2026-05-08 17:49:03","2026-05-08 17:49:03","2026-05-09 01:02:12","X202605000556332","Y",""
"XDIST202605070004991639","MD요청-상품","50143","통영(대-위)","위탁","25N","DXCP5015N","ORS","58","출고완료","1","1","0","1","장윤희(YHJANG)","2026-05-07","2026-05-08","2026-05-08 17:33:04","2026-05-08 17:33:04","2026-05-08 17:33:04","2026-05-09 01:01:51","X202605000556333","Y",""
"XDIST202605080004993592","엑셀수기배분","30028","광주상무(직)","위탁","25S","DKRS51053","BKS","150","출고완료","2","2","0","2","김주형(RLAWNGUD14)","2026-05-08","2026-05-08","2026-05-08 17:46:01","2026-05-08 17:46:01","2026-05-08 17:46:01","2026-05-09 01:02:09","X202605000617763","Y",""
"XDIST202605080004993592","엑셀수기배분","30028","광주상무(직)","위탁","25S","DKRS57053","IVD","130","출고완료","2","2","0","2","김주형(RLAWNGUD14)","2026-05-08","2026-05-08","2026-05-08 17:46:01","2026-05-08 17:46:01","2026-05-08 17:46:01","2026-05-09 01:01:56","X202605000617763","Y",""
"XDIST202605080004993592","엑셀수기배분","30028","광주상무(직)","위탁","25S","DKTB73053","BKS","140","출고완료","2","2","0","2","김주형(RLAWNGUD14)","2026-05-08","2026-05-08","2026-05-08 17:46:01","2026-05-08 17:46:01","2026-05-08 17:46:01","2026-05-09 01:02:09","X202605000617764","Y",""
"XDIST202605080004993592","엑셀수기배분","30028","광주상무(직)","위탁","25S","DMRS81053","NBD","95","출고완료","2","2","0","2","김주형(RLAWNGUD14)","2026-05-08","2026-05-08","2026-05-08 17:46:01","2026-05-08 17:46:01","2026-05-08 17:46:01","2026-05-09 01:01:46","X202605000617765","Y",""
"XDIST202605080004993592","엑셀수기배분","30028","광주상무(직)","위탁","25S","DMRS85053","BKS","105","출고완료","2","2","0","2","김주형(RLAWNGUD14)","2026-05-08","2026-05-08","2026-05-08 17:46:01","2026-05-08 17:46:01","2026-05-08 17:46:01","2026-05-09 01:01:54","X202605000617765","Y",""
"XDIST202605080004993592","엑셀수기배분","30028","광주상무(직)","위탁","25S","DMRS8W053","BKS","100","출고완료","2","2","0","2","김주형(RLAWNGUD14)","2026-05-08","2026-05-08","2026-05-08 17:46:01","2026-05-08 17:46:01","2026-05-08 17:46:01","2026-05-09 01:01:54","X202605000617765","Y",""
"XDIST202605080004993592","엑셀수기배분","30028","광주상무(직)","위탁","25S","DMRS8W053","NYS","100","출고완료","1","1","0","1","김주형(RLAWNGUD14)","2026-05-08","2026-05-08","2026-05-08 17:46:01","2026-05-08 17:46:01","2026-05-08 17:46:01","2026-05-09 01:01:56","X202605000617765","Y",""
"XDIST202605080004993592","엑셀수기배분","30028","광주상무(직)","위탁","25S","DWRS64053","BGL","95","출고완료","1","1","0","1","김주형(RLAWNGUD14)","2026-05-08","2026-05-08","2026-05-08 17:46:01","2026-05-08 17:46:01","2026-05-08 17:46:01","2026-05-09 01:01:52","X202605000617765","Y",""
"XDIST202605080004993592","엑셀수기배분","30028","광주상무(직)","위탁","25S","DWRS9A053","BKS","95","출고완료","1","1","0","1","김주형(RLAWNGUD14)","2026-05-08","2026-05-08","2026-05-08 17:46:01","2026-05-08 17:46:01","2026-05-08 17:46:01","2026-05-09 01:01:43","X202605000617765","Y",""
"XDIST202605080004993592","엑셀수기배분","30028","광주상무(직)","위탁","25S","DWRS9P053","MTL","95","출고완료","1","1","0","1","김주형(RLAWNGUD14)","2026-05-08","2026-05-08","2026-05-08 17:46:01","2026-05-08 17:46:01","2026-05-08 17:46:01","2026-05-09 01:01:47","X202605000617765","Y",""
"XDIST202605080004993592","엑셀수기배분","30028","광주상무(직)","위탁","25S","DWRS9P053","NYD","100","출고완료","1","1","0","1","김주형(RLAWNGUD14)","2026-05-08","2026-05-08","2026-05-08 17:46:01","2026-05-08 17:46:01","2026-05-08 17:46:01","2026-05-09 01:01:43","X202605000617765","Y",""
"XDIST202605080004993592","엑셀수기배분","30028","광주상무(직)","위탁","25S","DXRS8R053","BKS","110","출고완료","1","1","0","1","김주형(RLAWNGUD14)","2026-05-08","2026-05-08","2026-05-08 17:46:01","2026-05-08 17:46:01","2026-05-08 17:46:01","2026-05-09 01:01:52","X202605000617765","Y",""
"XDIST202605080004993592","엑셀수기배분","30028","광주상무(직)","위탁","25S","DXRS8R053","WHS","90","출고완료","1","1","0","1","김주형(RLAWNGUD14)","2026-05-08","2026-05-08","2026-05-08 17:46:01","2026-05-08 17:46:01","2026-05-08 17:46:01","2026-05-09 01:01:43","X202605000617765","Y",""
"XDIST202605080004993592","엑셀수기배분","30028","광주상무(직)","위탁","25S","DXRS8R053","WHS","100","출고완료","2","2","0","2","김주형(RLAWNGUD14)","2026-05-08","2026-05-08","2026-05-08 17:46:01","2026-05-08 17:46:01","2026-05-08 17:46:01","2026-05-09 01:01:43","X202605000617765","Y",""
"XDIST202605080004993592","엑셀수기배분","30028","광주상무(직)","위탁","25S","DXRS8T053","WHS","90","출고완료","2","2","0","2","김주형(RLAWNGUD14)","2026-05-08","2026-05-08","2026-05-08 17:46:01","2026-05-08 17:46:01","2026-05-08 17:46:01","2026-05-09 01:01:54","X202605000617765","Y",""
"XDIST202605080004993592","엑셀수기배분","30028","광주상무(직)","위탁","25S","DMRS81053","BKS","100","출고완료","2","2","0","2","김주형(RLAWNGUD14)","2026-05-08","2026-05-08","2026-05-08 17:46:01","2026-05-08 17:46:01","2026-05-08 17:46:01","2026-05-09 01:01:52","X202605000617765","Y",""
"XDIST202605080004993592","엑셀수기배분","30028","광주상무(직)","위탁","25S","DMRS81053","DKS","95","출고완료","2","2","0","2","김주형(RLAWNGUD14)","2026-05-08","2026-05-08","2026-05-08 17:46:01","2026-05-08 17:46:01","2026-05-08 17:46:01","2026-05-09 01:01:54","X202605000617765","Y",""
"XDIST202605080004993592","엑셀수기배분","30028","광주상무(직)","위탁","25S","DMTB6A053","BKS","32","출고완료","2","2","0","2","김주형(RLAWNGUD14)","2026-05-08","2026-05-08","2026-05-08 17:46:01","2026-05-08 17:46:01","2026-05-08 17:46:01","2026-05-09 01:01:43","X202605000617766","Y",""
"XDIST202605080004993592","엑셀수기배분","30028","광주상무(직)","위탁","25S","DMTB6A053","BKS","34","출고완료","1","1","0","1","김주형(RLAWNGUD14)","2026-05-08","2026-05-08","2026-05-08 17:46:01","2026-05-08 17:46:01","2026-05-08 17:46:01","2026-05-09 01:01:43","X202605000617766","Y",""
"XDIST202605080004993592","엑셀수기배분","30028","광주상무(직)","위탁","25S","DWTB66053","BKS","25","출고완료","2","2","0","2","김주형(RLAWNGUD14)","2026-05-08","2026-05-08","2026-05-08 17:46:01","2026-05-08 17:46:01","2026-05-08 17:46:01","2026-05-09 01:01:46","X202605000617766","Y",""
"XDIST202605080004993592","엑셀수기배분","30028","광주상무(직)","위탁","25S","DWTB66053","MGS","26","출고완료","2","2","0","2","김주형(RLAWNGUD14)","2026-05-08","2026-05-08","2026-05-08 17:46:01","2026-05-08 17:46:01","2026-05-08 17:46:01","2026-05-09 01:01:46","X202605000617766","Y",""
"XDIST202605080004993592","엑셀수기배분","30028","광주상무(직)","위탁","25S","DWTB91053","BKS","27","출고완료","2","2","0","2","김주형(RLAWNGUD14)","2026-05-08","2026-05-08","2026-05-08 17:46:01","2026-05-08 17:46:01","2026-05-08 17:46:01","2026-05-09 01:01:52","X202605000617766","Y",""
"XDIST202605080004993592","엑셀수기배분","30028","광주상무(직)","위탁","25S","DWTB94053","BKS","25","출고완료","2","2","0","2","김주형(RLAWNGUD14)","2026-05-08","2026-05-08","2026-05-08 17:46:01","2026-05-08 17:46:01","2026-05-08 17:46:01","2026-05-09 01:01:52","X202605000617766","Y",""
"XDIST202605080004993592","엑셀수기배분","30028","광주상무(직)","위탁","25S","DWTB94053","NBD","25","출고완료","2","2","0","2","김주형(RLAWNGUD14)","2026-05-08","2026-05-08","2026-05-08 17:46:01","2026-05-08 17:46:01","2026-05-08 17:46:01","2026-05-09 01:01:46","X202605000617766","Y",""
"XDIST202605080004993592","엑셀수기배분","30028","광주상무(직)","위탁","25S","DWTB94053","NBD","28","출고완료","1","1","0","1","김주형(RLAWNGUD14)","2026-05-08","2026-05-08","2026-05-08 17:46:01","2026-05-08 17:46:01","2026-05-08 17:46:01","2026-05-09 01:01:47","X202605000617766","Y",""
"XDIST202605080004993592","엑셀수기배분","30028","광주상무(직)","위탁","25S","DWTB9B053","BKS","27","출고완료","2","2","0","2","김주형(RLAWNGUD14)","2026-05-08","2026-05-08","2026-05-08 17:46:01","2026-05-08 17:46:01","2026-05-08 17:46:01","2026-05-09 01:01:43","X202605000617766","Y",""
"XDIST202605080004993592","엑셀수기배분","30028","광주상무(직)","위탁","25S","DXTB7A053","BGL","28","출고완료","1","1","0","1","김주형(RLAWNGUD14)","2026-05-08","2026-05-08","2026-05-08 17:46:01","2026-05-08 17:46:01","2026-05-08 17:46:01","2026-05-09 01:01:46","X202605000617766","Y",""
"XDIST202605080004993592","엑셀수기배분","30028","광주상무(직)","위탁","25S","DXTB7A053","BGL","32","출고완료","1","1","0","1","김주형(RLAWNGUD14)","2026-05-08","2026-05-08","2026-05-08 17:46:01","2026-05-08 17:46:01","2026-05-08 17:46:01","2026-05-09 01:01:43","X202605000617766","Y",""
"XDIST202605080004993592","엑셀수기배분","30028","광주상무(직)","위탁","25S","DXTB7A053","BGL","34","출고완료","2","2","0","2","김주형(RLAWNGUD14)","2026-05-08","2026-05-08","2026-05-08 17:46:01","2026-05-08 17:46:01","2026-05-08 17:46:01","2026-05-09 01:01:43","X202605000617766","Y",""
"XDIST202605080004993592","엑셀수기배분","30028","광주상무(직)","위탁","25S","DMTP61053","BKS","34","출고완료","2","2","0","2","김주형(RLAWNGUD14)","2026-05-08","2026-05-08","2026-05-08 17:46:02","2026-05-08 17:46:02","2026-05-08 17:46:02","2026-05-09 01:01:46","X202605000617767","Y",""
"XDIST202605080004993592","엑셀수기배분","30028","광주상무(직)","위탁","25S","DMTP73053","BKS","34","출고완료","2","2","0","2","김주형(RLAWNGUD14)","2026-05-08","2026-05-08","2026-05-08 17:46:02","2026-05-08 17:46:02","2026-05-08 17:46:02","2026-05-09 01:01:46","X202605000617767","Y",""
"XDIST202605080004993592","엑셀수기배분","30028","광주상무(직)","위탁","25S","DMTR75053","BKS","95","출고완료","1","1","0","1","김주형(RLAWNGUD14)","2026-05-08","2026-05-08","2026-05-08 17:46:02","2026-05-08 17:46:02","2026-05-08 17:46:02","2026-05-09 01:01:47","X202605000617768","Y",""
"XDIST202605080004993592","엑셀수기배분","30028","광주상무(직)","위탁","25S","DXTR7A053","BKS","100","출고완료","1","1","0","1","김주형(RLAWNGUD14)","2026-05-08","2026-05-08","2026-05-08 17:46:02","2026-05-08 17:46:02","2026-05-08 17:46:02","2026-05-09 01:01:43","X202605000617768","Y",""
"XDIST202605080004993592","엑셀수기배분","30028","광주상무(직)","위탁","25S","DXTR7A053","GRD","95","출고완료","1","1","0","1","김주형(RLAWNGUD14)","2026-05-08","2026-05-08","2026-05-08 17:46:02","2026-05-08 17:46:02","2026-05-08 17:46:02","2026-05-09 01:01:46","X202605000617768","Y",""
"XDIST202605080004993592","엑셀수기배분","30028","광주상무(직)","위탁","25S","DXTR7E053","BKS","105","출고완료","1","1","0","1","김주형(RLAWNGUD14)","2026-05-08","2026-05-08","2026-05-08 17:46:02","2026-05-08 17:46:02","2026-05-08 17:46:02","2026-05-09 01:01:43","X202605000617768","Y",""
"XDIST202605080004993592","엑셀수기배분","30028","광주상무(직)","위탁","25S","DXTR7E053","BKS","110","출고완료","1","1","0","1","김주형(RLAWNGUD14)","2026-05-08","2026-05-08","2026-05-08 17:46:02","2026-05-08 17:46:02","2026-05-08 17:46:02","2026-05-09 01:01:54","X202605000617768","Y",""
"XDIST202605080004993592","엑셀수기배분","30028","광주상무(직)","위탁","25S","DMTS73053","BKS","110","출고완료","1","1","0","1","김주형(RLAWNGUD14)","2026-05-08","2026-05-08","2026-05-08 17:46:02","2026-05-08 17:46:02","2026-05-08 17:46:02","2026-05-09 01:01:52","X202605000617769","Y",""
"XDIST202605080004993592","엑셀수기배분","30028","광주상무(직)","위탁","25S","DMTS73053","WHS","100","출고완료","1","1","0","1","김주형(RLAWNGUD14)","2026-05-08","2026-05-08","2026-05-08 17:46:02","2026-05-08 17:46:02","2026-05-08 17:46:02","2026-05-09 01:01:43","X202605000617769","Y",""
"XDIST202605080004993592","엑셀수기배분","30028","광주상무(직)","위탁","25S","DWTS74053","BKS","100","출고완료","1","1","0","1","김주형(RLAWNGUD14)","2026-05-08","2026-05-08","2026-05-08 17:46:02","2026-05-08 17:46:02","2026-05-08 17:46:02","2026-05-09 01:01:37","X202605000617769","Y",""
"XDIST202605080004993592","엑셀수기배분","30028","광주상무(직)","위탁","25S","DWTS74053","PCS","95","출고완료","2","2","0","2","김주형(RLAWNGUD14)","2026-05-08","2026-05-08","2026-05-08 17:46:02","2026-05-08 17:46:02","2026-05-08 17:46:02","2026-05-09 01:01:37","X202605000617769","Y",""
"XDIST202605080004993592","엑셀수기배분","30028","광주상무(직)","위탁","25S","DWTS74053","WHS","90","출고완료","1","1","0","1","김주형(RLAWNGUD14)","2026-05-08","2026-05-08","2026-05-08 17:46:02","2026-05-08 17:46:02","2026-05-08 17:46:02","2026-05-09 01:01:46","X202605000617769","Y",""
"XDIST202605080004993592","엑셀수기배분","30028","광주상무(직)","위탁","25S","DWTS74053","WHS","95","출고완료","2","2","0","2","김주형(RLAWNGUD14)","2026-05-08","2026-05-08","2026-05-08 17:46:02","2026-05-08 17:46:02","2026-05-08 17:46:02","2026-05-09 01:01:46","X202605000617769","Y",""
"XDIST202605080004993592","엑셀수기배분","50157","충주(대-위)","위탁","25S","DKRS61053","BKS","160","출고완료","1","1","0","1","김주형(RLAWNGUD14)","2026-05-08","2026-05-08","2026-05-08 17:32:01","2026-05-08 17:32:01","2026-05-08 17:32:01","2026-05-09 01:02:26","X202605000617770","Y",""
"XDIST202605080004993592","엑셀수기배분","50157","충주(대-위)","위탁","25S","DKRS7A053","WHS","160","출고완료","1","1","0","1","김주형(RLAWNGUD14)","2026-05-08","2026-05-08","2026-05-08 17:32:01","2026-05-08 17:32:01","2026-05-08 17:32:01","2026-05-09 01:02:26","X202605000617770","Y",""
"XDIST202605080004993592","엑셀수기배분","50157","충주(대-위)","위탁","25S","DKTB75053","BKS","160","출고완료","1","1","0","1","김주형(RLAWNGUD14)","2026-05-08","2026-05-08","2026-05-08 17:32:01","2026-05-08 17:32:01","2026-05-08 17:32:01","2026-05-09 01:02:26","X202605000617771","Y",""
"XDIST202605080004993592","엑셀수기배분","50157","충주(대-위)","위탁","25S","DMRS63053","BKS","100","출고완료","3","3","0","3","김주형(RLAWNGUD14)","2026-05-08","2026-05-08","2026-05-08 17:32:01","2026-05-08 17:32:01","2026-05-08 17:32:01","2026-05-09 01:02:01","X202605000617772","Y",""
"XDIST202605080004993592","엑셀수기배분","50157","충주(대-위)","위탁","25S","DMRS81053","BKS","105","출고완료","2","2","0","2","김주형(RLAWNGUD14)","2026-05-08","2026-05-08","2026-05-08 17:32:01","2026-05-08 17:32:01","2026-05-08 17:32:01","2026-05-09 01:02:08","X202605000617772","Y",""
"XDIST202605080004993592","엑셀수기배분","50157","충주(대-위)","위탁","25S","DMRS81053","DGS","100","출고완료","1","1","0","1","김주형(RLAWNGUD14)","2026-05-08","2026-05-08","2026-05-08 17:32:01","2026-05-08 17:32:01","2026-05-08 17:32:01","2026-05-09 01:02:08","X202605000617772","Y",""
"XDIST202605080004993592","엑셀수기배분","50157","충주(대-위)","위탁","25S","DMRS81053","DGS","105","출고완료","1","1","0","1","김주형(RLAWNGUD14)","2026-05-08","2026-05-08","2026-05-08 17:32:01","2026-05-08 17:32:01","2026-05-08 17:32:01","2026-05-09 01:02:26","X202605000617772","Y",""
"XDIST202605080004993592","엑셀수기배분","50157","충주(대-위)","위탁","25S","DMRS81053","MTL","95","출고완료","1","1","0","1","김주형(RLAWNGUD14)","2026-05-08","2026-05-08","2026-05-08 17:32:01","2026-05-08 17:32:01","2026-05-08 17:32:01","2026-05-09 01:02:08","X202605000617772","Y",""
"XDIST202605080004993592","엑셀수기배분","50157","충주(대-위)","위탁","25S","DMRS81053","NBD","100","출고완료","2","2","0","2","김주형(RLAWNGUD14)","2026-05-08","2026-05-08","2026-05-08 17:32:01","2026-05-08 17:32:01","2026-05-08 17:32:01","2026-05-09 01:02:06","X202605000617772","Y",""
"XDIST202605080004993592","엑셀수기배분","50157","충주(대-위)","위탁","25S","DMRS85053","BKS","115","출고완료","1","1","0","1","김주형(RLAWNGUD14)","2026-05-08","2026-05-08","2026-05-08 17:32:01","2026-05-08 17:32:01","2026-05-08 17:32:01","2026-05-09 01:02:08","X202605000617772","Y",""
"XDIST202605080004993592","엑셀수기배분","50157","충주(대-위)","위탁","25S","DMRS85053","GRD","100","출고완료","1","1","0","1","김주형(RLAWNGUD14)","2026-05-08","2026-05-08","2026-05-08 17:32:01","2026-05-08 17:32:01","2026-05-08 17:32:01","2026-05-09 01:02:26","X202605000617772","Y",""
"XDIST202605080004993592","엑셀수기배분","50157","충주(대-위)","위탁","25S","DWRS64053","BKS","95","출고완료","3","3","0","3","김주형(RLAWNGUD14)","2026-05-08","2026-05-08","2026-05-08 17:32:01","2026-05-08 17:32:01","2026-05-08 17:32:01","2026-05-09 01:01:45","X202605000617772","Y",""
"XDIST202605080004993592","엑셀수기배분","50157","충주(대-위)","위탁","25S","DWRS64053","BKS","100","출고완료","3","3","0","3","김주형(RLAWNGUD14)","2026-05-08","2026-05-08","2026-05-08 17:32:01","2026-05-08 17:32:01","2026-05-08 17:32:01","2026-05-09 01:02:04","X202605000617772","Y",""
"XDIST202605080004993592","엑셀수기배분","50157","충주(대-위)","위탁","25S","DWRS9A053","GRD","90","출고완료","1","1","0","1","김주형(RLAWNGUD14)","2026-05-08","2026-05-08","2026-05-08 17:32:01","2026-05-08 17:32:01","2026-05-08 17:32:01","2026-05-09 01:02:08","X202605000617772","Y",""
"XDIST202605080004993592","엑셀수기배분","50157","충주(대-위)","위탁","25S","DWRS9A053","IVD","90","출고완료","1","1","0","1","김주형(RLAWNGUD14)","2026-05-08","2026-05-08","2026-05-08 17:32:01","2026-05-08 17:32:01","2026-05-08 17:32:01","2026-05-09 01:02:06","X202605000617772","Y",""
"XDIST202605080004993592","엑셀수기배분","50157","충주(대-위)","위탁","25S","DWTB66053","MGS","26","출고완료","1","1","0","1","김주형(RLAWNGUD14)","2026-05-08","2026-05-08","2026-05-08 17:32:02","2026-05-08 17:32:02","2026-05-08 17:32:02","2026-05-09 01:02:04","X202605000617773","Y",""
"XDIST202605080004993592","엑셀수기배분","50157","충주(대-위)","위탁","25S","DWTB91053","BKS","28","출고완료","2","2","0","2","김주형(RLAWNGUD14)","2026-05-08","2026-05-08","2026-05-08 17:32:02","2026-05-08 17:32:02","2026-05-08 17:32:02","2026-05-09 01:02:26","X202605000617773","Y",""
"XDIST202605080004993592","엑셀수기배분","50157","충주(대-위)","위탁","25S","DWTB94053","NBD","26","출고완료","2","2","0","2","김주형(RLAWNGUD14)","2026-05-08","2026-05-08","2026-05-08 17:32:02","2026-05-08 17:32:02","2026-05-08 17:32:02","2026-05-09 01:02:04","X202605000617773","Y",""
"XDIST202605080004993592","엑셀수기배분","50157","충주(대-위)","위탁","25S","DWTB9B053","NBD","28","출고완료","1","1","0","1","김주형(RLAWNGUD14)","2026-05-08","2026-05-08","2026-05-08 17:32:02","2026-05-08 17:32:02","2026-05-08 17:32:02","2026-05-09 01:02:04","X202605000617773","Y",""
"XDIST202605080004993592","엑셀수기배분","50157","충주(대-위)","위탁","25S","DXTB7A053","BKS","30","출고완료","1","1","0","1","김주형(RLAWNGUD14)","2026-05-08","2026-05-08","2026-05-08 17:32:02","2026-05-08 17:32:02","2026-05-08 17:32:02","2026-05-09 01:02:04","X202605000617773","Y",""
"XDIST202605080004993592","엑셀수기배분","50157","충주(대-위)","위탁","25S","DXTB7A053","BKS","36","출고완료","1","1","0","1","김주형(RLAWNGUD14)","2026-05-08","2026-05-08","2026-05-08 17:32:02","2026-05-08 17:32:02","2026-05-08 17:32:02","2026-05-09 01:02:26","X202605000617773","Y",""
"XDIST202605080004993592","엑셀수기배분","50157","충주(대-위)","위탁","25S","DXTB7A053","BKS","38","출고완료","1","1","0","1","김주형(RLAWNGUD14)","2026-05-08","2026-05-08","2026-05-08 17:32:02","2026-05-08 17:32:02","2026-05-08 17:32:02","2026-05-09 01:02:26","X202605000617773","Y",""
"XDIST202605080004993592","엑셀수기배분","50157","충주(대-위)","위탁","25S","DXTP77053","BKS","32","출고완료","1","1","0","1","김주형(RLAWNGUD14)","2026-05-08","2026-05-08","2026-05-08 17:32:02","2026-05-08 17:32:02","2026-05-08 17:32:02","2026-05-09 01:02:01","X202605000617774","Y",""
"XDIST202605080004993592","엑셀수기배분","50157","충주(대-위)","위탁","25S","DXTP77053","BKS","36","출고완료","1","1","0","1","김주형(RLAWNGUD14)","2026-05-08","2026-05-08","2026-05-08 17:32:02","2026-05-08 17:32:02","2026-05-08 17:32:02","2026-05-09 01:02:01","X202605000617774","Y",""
"XDIST202605080004993592","엑셀수기배분","50157","충주(대-위)","위탁","25S","DXTR7E053","BGS","100","출고완료","1","1","0","1","김주형(RLAWNGUD14)","2026-05-08","2026-05-08","2026-05-08 17:32:02","2026-05-08 17:32:02","2026-05-08 17:32:02","2026-05-09 01:02:04","X202605000617775","Y",""
"XDIST202605080004993592","엑셀수기배분","50190","아트몰링하단(대-위)","위탁","25S","DMPT73053","DGS","34","출고완료","1","1","0","1","김주형(RLAWNGUD14)","2026-05-08","2026-05-08","2026-05-08 17:33:10","2026-05-08 17:33:10","2026-05-08 17:33:10","2026-05-09 01:02:02","X202605000617777","Y",""
"XDIST202605080004993592","엑셀수기배분","50190","아트몰링하단(대-위)","위탁","25S","DWPT7F053","BKS","26","출고완료","1","1","0","1","김주형(RLAWNGUD14)","2026-05-08","2026-05-08","2026-05-08 17:33:10","2026-05-08 17:33:10","2026-05-08 17:33:10","2026-05-09 01:02:15","X202605000617777","Y",""
"XDIST202605080004993592","엑셀수기배분","50190","아트몰링하단(대-위)","위탁","25S","DMRS63053","WHS","110","출고완료","2","2","0","2","김주형(RLAWNGUD14)","2026-05-08","2026-05-08","2026-05-08 17:33:10","2026-05-08 17:33:10","2026-05-08 17:33:10","2026-05-09 01:01:56","X202605000617778","Y",""
"XDIST202605080004993592","엑셀수기배분","50190","아트몰링하단(대-위)","위탁","25S","DMRS6A053","GRD","105","출고완료","2","2","0","2","김주형(RLAWNGUD14)","2026-05-08","2026-05-08","2026-05-08 17:33:10","2026-05-08 17:33:10","2026-05-08 17:33:10","2026-05-09 01:02:06","X202605000617778","Y",""
"XDIST202605080004993592","엑셀수기배분","50190","아트몰링하단(대-위)","위탁","25S","DWRS64053","BKS","95","출고완료","2","2","0","2","김주형(RLAWNGUD14)","2026-05-08","2026-05-08","2026-05-08 17:33:10","2026-05-08 17:33:10","2026-05-08 17:33:10","2026-05-09 01:01:56","X202605000617778","Y",""
"XDIST202605080004993592","엑셀수기배분","50190","아트몰링하단(대-위)","위탁","25S","DWRS64053","BKS","100","출고완료","2","2","0","2","김주형(RLAWNGUD14)","2026-05-08","2026-05-08","2026-05-08 17:33:10","2026-05-08 17:33:10","2026-05-08 17:33:10","2026-05-09 01:02:03","X202605000617778","Y",""
"XDIST202605080004993592","엑셀수기배분","50190","아트몰링하단(대-위)","위탁","25S","DWRS9P053","WID","95","출고완료","1","1","0","1","김주형(RLAWNGUD14)","2026-05-08","2026-05-08","2026-05-08 17:33:10","2026-05-08 17:33:10","2026-05-08 17:33:10","2026-05-09 01:02:15","X202605000617778","Y",""
"XDIST202605080004993592","엑셀수기배분","50190","아트몰링하단(대-위)","위탁","25S","DXRS8R053","BKS","100","출고완료","1","1","0","1","김주형(RLAWNGUD14)","2026-05-08","2026-05-08","2026-05-08 17:33:10","2026-05-08 17:33:10","2026-05-08 17:33:10","2026-05-09 01:01:56","X202605000617778","Y",""
"XDIST202605080004993592","엑셀수기배분","50190","아트몰링하단(대-위)","위탁","25S","DXRS8R053","WHS","95","출고완료","1","1","0","1","김주형(RLAWNGUD14)","2026-05-08","2026-05-08","2026-05-08 17:33:10","2026-05-08 17:33:10","2026-05-08 17:33:10","2026-05-09 01:02:06","X202605000617778","Y",""
"XDIST202605080004993592","엑셀수기배분","50190","아트몰링하단(대-위)","위탁","25S","DXRS8R053","WHS","105","출고완료","1","1","0","1","김주형(RLAWNGUD14)","2026-05-08","2026-05-08","2026-05-08 17:33:10","2026-05-08 17:33:10","2026-05-08 17:33:10","2026-05-09 01:02:09","X202605000617778","Y",""
"XDIST202605080004993592","엑셀수기배분","50190","아트몰링하단(대-위)","위탁","25S","DMSB71053","BKS","28","출고완료","1","1","0","1","김주형(RLAWNGUD14)","2026-05-08","2026-05-08","2026-05-08 17:33:10","2026-05-08 17:33:10","2026-05-08 17:33:10","2026-05-09 01:02:03","X202605000617779","Y",""
"XDIST202605080004993592","엑셀수기배분","50190","아트몰링하단(대-위)","위탁","25S","DWSB76053","BKS","28","출고완료","1","1","0","1","김주형(RLAWNGUD14)","2026-05-08","2026-05-08","2026-05-08 17:33:10","2026-05-08 17:33:10","2026-05-08 17:33:10","2026-05-09 01:02:03","X202605000617779","Y",""
"XDIST202605080004993592","엑셀수기배분","50190","아트몰링하단(대-위)","위탁","25S","DMSP61053","CAD","30","출고완료","1","1","0","1","김주형(RLAWNGUD14)","2026-05-08","2026-05-08","2026-05-08 17:33:10","2026-05-08 17:33:10","2026-05-08 17:33:10","2026-05-09 01:01:56","X202605000617780","Y",""
"XDIST202605080004993592","엑셀수기배분","50190","아트몰링하단(대-위)","위탁","25S","DMSP7C053","BKS","30","출고완료","1","1","0","1","김주형(RLAWNGUD14)","2026-05-08","2026-05-08","2026-05-08 17:33:10","2026-05-08 17:33:10","2026-05-08 17:33:10","2026-05-09 01:02:07","X202605000617780","Y",""
"XDIST202605080004993592","엑셀수기배분","50190","아트몰링하단(대-위)","위탁","25S","DMSP7C053","GRD","34","출고완료","1","1","0","1","김주형(RLAWNGUD14)","2026-05-08","2026-05-08","2026-05-08 17:33:10","2026-05-08 17:33:10","2026-05-08 17:33:10","2026-05-09 01:02:09","X202605000617780","Y",""
"XDIST202605080004993592","엑셀수기배분","50190","아트몰링하단(대-위)","위탁","25S","DMSW63053","BKS","105","출고완료","1","1","0","1","김주형(RLAWNGUD14)","2026-05-08","2026-05-08","2026-05-08 17:33:11","2026-05-08 17:33:11","2026-05-08 17:33:11","2026-05-09 01:02:06","X202605000617781","Y",""
"XDIST202605080004993592","엑셀수기배분","50190","아트몰링하단(대-위)","위탁","25S","DWSW92053","CRP","95","출고완료","1","1","0","1","김주형(RLAWNGUD14)","2026-05-08","2026-05-08","2026-05-08 17:33:11","2026-05-08 17:33:11","2026-05-08 17:33:11","2026-05-09 01:02:07","X202605000617781","Y",""
"XDIST202605080004993592","엑셀수기배분","50190","아트몰링하단(대-위)","위탁","25S","DMTP61053","BKS","30","출고완료","1","1","0","1","김주형(RLAWNGUD14)","2026-05-08","2026-05-08","2026-05-08 17:33:11","2026-05-08 17:33:11","2026-05-08 17:33:11","2026-05-09 01:02:03","X202605000617783","Y",""
"XDIST202605080004993592","엑셀수기배분","50190","아트몰링하단(대-위)","위탁","25S","DMTP73053","BKS","28","출고완료","2","2","0","2","김주형(RLAWNGUD14)","2026-05-08","2026-05-08","2026-05-08 17:33:11","2026-05-08 17:33:11","2026-05-08 17:33:11","2026-05-09 01:02:03","X202605000617783","Y",""
"XDIST202605080004993592","엑셀수기배분","50190","아트몰링하단(대-위)","위탁","25S","DWWJ91053","OLS","95","출고완료","1","1","0","1","김주형(RLAWNGUD14)","2026-05-08","2026-05-08","2026-05-08 17:33:11","2026-05-08 17:33:11","2026-05-08 17:33:11","2026-05-09 01:02:15","X202605000617786","Y",""
"XDIST202605080004993592","엑셀수기배분","50190","아트몰링하단(대-위)","위탁","25S","DWLG91053","GRS","M","출고완료","1","1","0","1","김주형(RLAWNGUD14)","2026-05-08","2026-05-08","2026-05-08 17:33:11","2026-05-08 17:33:11","2026-05-08 17:33:11","2026-05-09 01:02:06","X202605000617787","Y",""
"XDIST202605080004993592","엑셀수기배분","50190","아트몰링하단(대-위)","위탁","25S","DWLG9D053","BKS","M","출고완료","1","1","0","1","김주형(RLAWNGUD14)","2026-05-08","2026-05-08","2026-05-08 17:33:11","2026-05-08 17:33:11","2026-05-08 17:33:11","2026-05-09 01:02:06","X202605000617787","Y",""
"XDIST202605080004993592","엑셀수기배분","50190","아트몰링하단(대-위)","위탁","25S","DWLG9D053","BKS","L","출고완료","1","1","0","1","김주형(RLAWNGUD14)","2026-05-08","2026-05-08","2026-05-08 17:33:11","2026-05-08 17:33:11","2026-05-08 17:33:11","2026-05-09 01:02:09","X202605000617787","Y",""
"XDIST202605080004993592","엑셀수기배분","50190","아트몰링하단(대-위)","위탁","25S","DWSK91053","BGD","25","출고완료","1","1","0","1","김주형(RLAWNGUD14)","2026-05-08","2026-05-08","2026-05-08 17:33:11","2026-05-08 17:33:11","2026-05-08 17:33:11","2026-05-09 01:02:09","X202605000617788","Y",""
"XDIST202605080004993592","엑셀수기배분","50190","아트몰링하단(대-위)","위탁","25S","DWSK91053","BGD","26","출고완료","1","1","0","1","김주형(RLAWNGUD14)","2026-05-08","2026-05-08","2026-05-08 17:33:11","2026-05-08 17:33:11","2026-05-08 17:33:11","2026-05-09 01:02:07","X202605000617788","Y",""
"XDIST202605070004991639","MD요청-상품","10050","롯데본점","위탁","25N","DXCP5015N","ORS","58","출고완료","1","1","0","1","장윤희(YHJANG)","2026-05-07","2026-05-08","2026-05-08 17:49:03","2026-05-08 17:49:03","2026-05-08 17:49:03","2026-05-09 01:03:10","X202605000556339","Y",""
"XDIST202605070004991639","MD요청-상품","30046","LF스퀘어광양(직)","위탁","25N","DXCP5015N","ORS","56","출고완료","1","1","0","1","장윤희(YHJANG)","2026-05-07","2026-05-08","2026-05-08 17:49:03","2026-05-08 17:49:03","2026-05-08 17:49:03","2026-05-09 01:01:41","X202605000556342","Y",""
"XDIST202605070004991639","MD요청-상품","30043","스타필드안성(직)","위탁","25N","DXCP5015N","ORS","58","출고완료","1","1","0","1","장윤희(YHJANG)","2026-05-07","2026-05-08","2026-05-08 17:33:04","2026-05-08 17:33:04","2026-05-08 17:33:04","2026-05-09 01:02:48","X202605000556344","Y",""
"XDIST202605070004991639","MD요청-상품","50156","익산영등(대-위)","위탁","25N","DXCP5015N","ORS","56","출고완료","1","1","0","1","장윤희(YHJANG)","2026-05-07","2026-05-08","2026-05-08 17:33:04","2026-05-08 17:33:04","2026-05-08 17:33:04","2026-05-09 01:01:57","X202605000556346","Y",""
"XDIST202605070004991639","MD요청-상품","10053","신세계경기","위탁","25N","DXCP5015N","ORS","56","출고완료","1","1","0","1","장윤희(YHJANG)","2026-05-07","2026-05-08","2026-05-08 17:49:03","2026-05-08 17:49:03","2026-05-08 17:49:03","2026-05-09 01:03:29","X202605000556347","Y",""
"XDIST202605060004973614","MD요청-상품","50052","동해(대-위)","위탁","26S","DXTR7C063","BKS","100","출고완료","2","2","0","2","권현정(KHJEONG)","2026-05-06","2026-05-06","2026-05-06 17:27:04","2026-05-06 17:27:04","2026-05-06 17:27:04","2026-05-07 01:02:24","X202605000364317","Y",""
"XDIST202605060004973614","MD요청-상품","30052","스타필드수원(직)","위탁","26S","DXTR7C063","BKS","100","출고완료","2","2","0","2","권현정(KHJEONG)","2026-05-06","2026-05-06","2026-05-06 17:26:09","2026-05-06 17:26:09","2026-05-06 17:26:09","2026-05-07 01:05:10","X202605000364318","Y",""
"XDIST202605060004973614","MD요청-상품","50119","보령(대-위)","위탁","26S","DXTR7C063","BKS","95","출고완료","1","1","0","1","권현정(KHJEONG)","2026-05-06","2026-05-06","2026-05-06 17:31:05","2026-05-06 17:31:05","2026-05-06 17:31:05","2026-05-07 01:04:02","X202605000364330","Y",""
"XDIST202605070004990849","MD요청-상품","31006","명동점(직)","위탁","25N","DXCP5015N","BGS","58","출고완료","9","9","0","9","장윤희(YHJANG)","2026-05-07","2026-05-08","2026-05-08 17:33:03","2026-05-08 17:33:03","2026-05-08 17:33:03","2026-05-09 13:23:01","X202605000553283","Y",""
"XDIST202605070004984929","MD요청-상품","31001","K_롯데아울렛수완(직)","위탁","26S","DKAZ22063","WHS","150","출고완료","1","1","0","1","김소진(SOJIN1027)","2026-05-07","2026-05-07","2026-05-07 17:07:08","2026-05-07 17:07:08","2026-05-07 17:07:08","2026-05-08 01:02:39","X202605000487174","Y",""
"XDIST202605070004984929","MD요청-상품","50041","홍성점(대-위)","위탁","26S","DKAZ22063","WHS","150","출고완료","1","1","0","1","김소진(SOJIN1027)","2026-05-07","2026-05-07","2026-05-07 16:54:08","2026-05-07 16:54:08","2026-05-07 16:54:08","2026-05-08 01:02:31","X202605000487175","Y",""
"XDIST202605070004984929","MD요청-상품","50120","춘천(대-위)","위탁","26S","DKAZ22063","WHS","140","출고완료","1","1","0","1","김소진(SOJIN1027)","2026-05-07","2026-05-07","2026-05-07 17:07:08","2026-05-07 17:07:08","2026-05-07 17:07:08","2026-05-08 01:02:24","X202605000487177","Y",""
"XDIST202605070004984929","MD요청-상품","30030","스타필드고양(직)","위탁","26S","DKAZ22063","WHS","150","출고완료","1","1","0","1","김소진(SOJIN1027)","2026-05-07","2026-05-07","2026-05-07 16:54:08","2026-05-07 16:54:08","2026-05-07 16:54:08","2026-05-08 01:03:43","X202605000487178","Y",""
"XDIST202605070004984929","MD요청-상품","50001","목포하당(대-위)","위탁","26S","DKAZ22063","WHS","140","출고완료","1","1","0","1","김소진(SOJIN1027)","2026-05-07","2026-05-07","2026-05-07 16:54:08","2026-05-07 16:54:08","2026-05-07 16:54:08","2026-05-08 01:02:21","X202605000487180","Y",""
"XDIST202605070004984929","MD요청-상품","50201","문경(대-위)","위탁","26S","DKAZ22063","WHS","130","출고완료","1","1","0","1","김소진(SOJIN1027)","2026-05-07","2026-05-07","2026-05-07 17:07:08","2026-05-07 17:07:08","2026-05-07 17:07:08","2026-05-08 01:02:27","X202605000487184","Y",""
"XDIST202605070004984929","MD요청-상품","50096","LF스퀘어양주(대-위)","위탁","26S","DKAZ22063","WHS","150","출고완료","1","1","0","1","김소진(SOJIN1027)","2026-05-07","2026-05-07","2026-05-07 17:07:08","2026-05-07 17:07:08","2026-05-07 17:07:08","2026-05-08 01:03:56","X202605000487196","Y",""
"XDIST202605070004984929","MD요청-상품","50178","태백(대-위)","위탁","26S","DKAZ22063","WHS","150","출고완료","1","1","0","1","김소진(SOJIN1027)","2026-05-07","2026-05-07","2026-05-07 16:54:08","2026-05-07 16:54:08","2026-05-07 16:54:08","2026-05-08 01:02:40","X202605000487201","Y",""
"XDIST202605070004984929","MD요청-상품","50059","신제주(대-위)","위탁","26S","DKAZ22063","WHS","130","출고완료","1","1","0","1","김소진(SOJIN1027)","2026-05-07","2026-05-07","2026-05-07 16:54:08","2026-05-07 16:54:08","2026-05-07 16:54:08","2026-05-08 01:02:42","X202605000487204","Y",""
"XDIST202605070004984929","MD요청-상품","50019","경주(대-위)","위탁","26S","DKAZ22063","WHS","150","출고완료","1","1","0","1","김소진(SOJIN1027)","2026-05-07","2026-05-07","2026-05-07 17:07:08","2026-05-07 17:07:08","2026-05-07 17:07:08","2026-05-08 01:02:38","X202605000487207","Y",""
"XDIST202605070004984929","MD요청-상품","11005","K_신세계의정부","위탁","26S","DKAZ22063","WHS","140","출고완료","1","1","0","1","김소진(SOJIN1027)","2026-05-07","2026-05-07","2026-05-07 17:07:08","2026-05-07 17:07:08","2026-05-07 17:07:08","2026-05-08 01:03:42","X202605000487208","Y",""
"XDIST202605070004984929","MD요청-상품","50182","금왕(대-위)","위탁","26S","DKAZ22063","WHS","140","출고완료","1","1","0","1","김소진(SOJIN1027)","2026-05-07","2026-05-07","2026-05-07 16:54:08","2026-05-07 16:54:08","2026-05-07 16:54:08","2026-05-08 01:02:44","X202605000487210","Y",""
"XDIST202605070004984929","MD요청-상품","50181","경산(대-위)","위탁","26S","DKAZ22063","WHS","130","출고완료","1","1","0","1","김소진(SOJIN1027)","2026-05-07","2026-05-07","2026-05-07 16:54:08","2026-05-07 16:54:08","2026-05-07 16:54:08","2026-05-08 01:02:15","X202605000487211","Y",""
"XDIST202605070004984929","MD요청-상품","11018","K_LF스퀘어광양","위탁","26S","DKAZ22063","WHS","150","출고완료","1","1","0","1","김소진(SOJIN1027)","2026-05-07","2026-05-07","2026-05-07 17:07:08","2026-05-07 17:07:08","2026-05-07 17:07:08","2026-05-08 01:02:22","X202605000487212","Y",""
"XDIST202605070004984929","MD요청-상품","50140","에버랜드용인(대-위)","위탁","26S","DKAZ22063","WHS","150","출고완료","1","1","0","1","김소진(SOJIN1027)","2026-05-07","2026-05-07","2026-05-07 16:54:08","2026-05-07 16:54:08","2026-05-07 16:54:08","2026-05-08 01:04:23","X202605000487214","Y",""
"XDIST202605070004984929","MD요청-상품","50140","에버랜드용인(대-위)","위탁","26S","DKAZ22063","WHS","140","출고완료","1","1","0","1","김소진(SOJIN1027)","2026-05-07","2026-05-07","2026-05-07 16:54:08","2026-05-07 16:54:08","2026-05-07 16:54:08","2026-05-08 01:04:23","X202605000487214","Y",""
"XDIST202605070004984929","MD요청-상품","50186","영광(대-위)","위탁","26S","DKAZ22063","WHS","130","출고완료","1","1","0","1","김소진(SOJIN1027)","2026-05-07","2026-05-07","2026-05-07 16:54:08","2026-05-07 16:54:08","2026-05-07 16:54:08","2026-05-08 01:02:27","X202605000487216","Y",""
"XDIST202605070004991696","MD요청-상품","50140","에버랜드용인(대-위)","위탁","25N","DXCP6015N","NYD","60","출고완료","3","3","0","3","장윤희(YHJANG)","2026-05-07","2026-05-08","2026-05-08 17:33:04","2026-05-08 17:33:04","2026-05-08 17:33:04","2026-05-08 19:53:00","X202605000556474","Y",""
"XDIST202605070004991696","MD요청-상품","50210","해남(대-위)","위탁","25N","DXCP6015N","NYD","56","출고완료","3","3","0","3","장윤희(YHJANG)","2026-05-07","2026-05-08","2026-05-08 17:49:04","2026-05-08 17:49:04","2026-05-08 17:49:04","2026-05-09 01:02:50","X202605000556479","Y",""
"XDIST202605070004991696","MD요청-상품","50089","퍼스트빌리지(대-위)","위탁","25N","DXCP6015N","NYD","58","출고완료","3","3","0","3","장윤희(YHJANG)","2026-05-07","2026-05-08","2026-05-08 17:49:04","2026-05-08 17:49:04","2026-05-08 17:49:04","2026-05-09 01:01:40","X202605000556480","Y",""
"XDIST202605070004984929","MD요청-상품","50069","신포(대-위)","위탁","26S","DKAZ22063","WHS","150","출고완료","1","1","0","1","김소진(SOJIN1027)","2026-05-07","2026-05-07","2026-05-07 17:07:08","2026-05-07 17:07:08","2026-05-07 17:07:08","2026-05-08 01:04:32","X202605000487224","Y",""
"XDIST202605070004984929","MD요청-상품","11011","K_롯데건대","위탁","26S","DKAZ22063","WHS","150","출고완료","1","1","0","1","김소진(SOJIN1027)","2026-05-07","2026-05-07","2026-05-07 17:07:08","2026-05-07 17:07:08","2026-05-07 17:07:08","2026-05-08 01:03:31","X202605000487226","Y",""
"XDIST202605070004984929","MD요청-상품","30015","타임스퀘어영등포(직)","위탁","26S","DKAZ22063","WHS","150","출고완료","1","1","0","1","김소진(SOJIN1027)","2026-05-07","2026-05-07","2026-05-07 17:08:01","2026-05-07 17:08:01","2026-05-07 17:08:01","2026-05-08 01:04:30","X202605000487235","Y",""
"XDIST202605070004984929","MD요청-상품","11017","K_롯데광복","위탁","26S","DKAZ22063","WHS","150","출고완료","1","1","0","1","김소진(SOJIN1027)","2026-05-07","2026-05-07","2026-05-07 17:07:08","2026-05-07 17:07:08","2026-05-07 17:07:08","2026-05-08 01:03:03","X202605000487237","Y",""
"XDIST202605070004984929","MD요청-상품","50193","화순(대-위)","위탁","26S","DKAZ22063","WHS","150","출고완료","1","1","0","1","김소진(SOJIN1027)","2026-05-07","2026-05-07","2026-05-07 16:54:08","2026-05-07 16:54:08","2026-05-07 16:54:08","2026-05-08 01:02:45","X202605000487241","Y",""
"XDIST202605070004984929","MD요청-상품","50073","거제고현(대-위)","위탁","26S","DKAZ22063","WHS","130","출고완료","1","1","0","1","김소진(SOJIN1027)","2026-05-07","2026-05-07","2026-05-07 17:07:08","2026-05-07 17:07:08","2026-05-07 17:07:08","2026-05-08 01:03:01","X202605000487243","Y",""
"XDIST202605070004984929","MD요청-상품","50199","거창(대-위)","위탁","26S","DKAZ22063","WHS","150","출고완료","1","1","0","1","김소진(SOJIN1027)","2026-05-07","2026-05-07","2026-05-07 17:07:08","2026-05-07 17:07:08","2026-05-07 17:07:08","2026-05-08 01:02:28","X202605000487246","Y",""
"XDIST202605070004984929","MD요청-상품","11022","K_갤러리아센터시티","위탁","26S","DKAZ22063","WHS","140","출고완료","1","1","0","1","김소진(SOJIN1027)","2026-05-07","2026-05-07","2026-05-07 17:07:08","2026-05-07 17:07:08","2026-05-07 17:07:08","2026-05-08 01:02:38","X202605000487248","Y",""
"XDIST202605070004984929","MD요청-상품","11023","K_신세계마산","위탁","26S","DKAZ22063","WHS","150","출고완료","1","1","0","1","김소진(SOJIN1027)","2026-05-07","2026-05-07","2026-05-07 17:07:08","2026-05-07 17:07:08","2026-05-07 17:07:08","2026-05-08 01:02:52","X202605000487252","Y",""
"XDIST202605070004984929","MD요청-상품","50117","아이즈빌부평(대-위)","위탁","26S","DKAZ22063","WHS","150","출고완료","1","1","0","1","김소진(SOJIN1027)","2026-05-07","2026-05-07","2026-05-07 16:54:08","2026-05-07 16:54:08","2026-05-07 16:54:08","2026-05-08 01:03:57","X202605000487253","Y",""
"XDIST202605070004984929","MD요청-상품","50116","오산(대-위)","위탁","26S","DKAZ22063","WHS","140","출고완료","1","1","0","1","김소진(SOJIN1027)","2026-05-07","2026-05-07","2026-05-07 17:08:01","2026-05-07 17:08:01","2026-05-07 17:08:01","2026-05-08 01:02:33","X202605000487254","Y",""
"XDIST202605070004984929","MD요청-상품","11025","K_현대천호","위탁","26S","DKAZ22063","WHS","140","출고완료","1","1","0","1","김소진(SOJIN1027)","2026-05-07","2026-05-07","2026-05-07 17:08:01","2026-05-07 17:08:01","2026-05-07 17:08:01","2026-05-08 10:24:19","X202605000487255","Y",""
"XDIST202605070004984929","MD요청-상품","50118","서산(대-위)","위탁","26S","DKAZ22063","WHS","130","출고완료","1","1","0","1","김소진(SOJIN1027)","2026-05-07","2026-05-07","2026-05-07 17:07:08","2026-05-07 17:07:08","2026-05-07 17:07:08","2026-05-08 01:02:14","X202605000487256","Y",""
"XDIST202605070004990043","엑셀수기배분","10097","신세계대전","위탁","26S","DMTS7Q063","IVD","110","출고완료","4","4","0","4","김주형(RLAWNGUD14)","2026-05-07","2026-05-08","2026-05-08 17:33:03","2026-05-08 17:33:03","2026-05-08 17:33:03","2026-05-09 01:01:42","X202605000550894","Y",""
"XDIST202605070004990647","MD요청-상품","50193","화순(대-위)","위탁","25N","DXCP5025N","NYD","58","출고완료","3","3","0","3","장윤희(YHJANG)","2026-05-07","2026-05-08","2026-05-08 17:33:03","2026-05-08 17:33:03","2026-05-08 17:33:03","2026-05-09 01:01:47","X202605000552467","Y",""
"XDIST202605060004974216","MD요청-상품","50140","에버랜드용인(대-위)","위탁","26S","DWRS8J063","IVS","90","출고완료","1","1","0","1","권현정(KHJEONG)","2026-05-06","2026-05-06","2026-05-06 17:30:17","2026-05-06 17:30:17","2026-05-06 17:30:17","2026-05-07 01:05:59","X202605000364955","Y",""
"XDIST202605060004974216","MD요청-상품","50145","성남신흥(대-위)","위탁","26S","DWRS8J063","IVS","95","출고완료","1","1","0","1","권현정(KHJEONG)","2026-05-06","2026-05-06","2026-05-06 17:31:05","2026-05-06 17:31:05","2026-05-06 17:31:05","2026-05-07 01:04:06","X202605000364965","Y",""
"XDIST202605060004975243","엑셀수기배분","11018","K_LF스퀘어광양","위탁","26S","DMPT77063","DGS","32","출고완료","1","1","0","1","이훈희(LEEHH1149)","2026-05-06","2026-05-07","2026-05-07 17:07:00","2026-05-07 17:07:00","2026-05-07 17:07:00","2026-05-08 01:02:22","X202605000366747","Y",""
"XDIST202605070004990843","MD요청-상품","50178","태백(대-위)","위탁","25N","DXCP5015N","BES","58","출고완료","2","2","0","2","장윤희(YHJANG)","2026-05-07","2026-05-08","2026-05-08 17:33:03","2026-05-08 17:33:03","2026-05-08 17:33:03","2026-05-09 01:01:49","X202605000553212","Y",""
"XDIST202605070004990843","MD요청-상품","10005","롯데대전","위탁","25N","DXCP5015N","BES","56","출고완료","1","1","0","1","장윤희(YHJANG)","2026-05-07","2026-05-08","2026-05-08 17:49:03","2026-05-08 17:49:03","2026-05-08 17:49:03","2026-05-09 01:02:13","X202605000553220","Y",""
"XDIST202605070004990843","MD요청-상품","10038","롯데창원","위탁","25N","DXCP5015N","BES","56","출고완료","1","1","0","1","장윤희(YHJANG)","2026-05-07","2026-05-08","2026-05-08 17:49:03","2026-05-08 17:49:03","2026-05-08 17:49:03","2026-05-09 01:03:04","X202605000553221","Y",""
"XDIST202605060004973820","MD요청-상품","30052","스타필드수원(직)","위탁","26S","DXRS5G063","PCS","105","출고완료","1","1","0","1","권현정(KHJEONG)","2026-05-06","2026-05-06","2026-05-06 17:26:09","2026-05-06 17:26:09","2026-05-06 17:26:09","2026-05-07 01:05:10","X202605000364520","Y",""
"XDIST202605080004995773","엑셀수기배분","90019","EC-온라인물류","위탁","25F","DMDJ5K056","BKS","100","출고완료","10","10","0","10","허새흰(HEEN1)","2026-05-08","2026-05-08","2026-05-08 15:39:00","2026-05-08 15:39:00","2026-05-08 15:39:00","2026-05-09 01:01:18","X202605000653138","Y",""
"XDIST202605080004995773","엑셀수기배분","90019","EC-온라인물류","위탁","25F","DMDJ5K056","BKS","110","출고완료","10","10","0","10","허새흰(HEEN1)","2026-05-08","2026-05-08","2026-05-08 15:39:00","2026-05-08 15:39:00","2026-05-08 15:39:00","2026-05-09 01:01:17","X202605000653138","Y",""
"XDIST202605080004995773","엑셀수기배분","90019","EC-온라인물류","위탁","25F","DMDJ63056","BRD","105","출고완료","5","5","0","5","허새흰(HEEN1)","2026-05-08","2026-05-08","2026-05-08 15:39:00","2026-05-08 15:39:00","2026-05-08 15:39:00","2026-05-09 01:01:33","X202605000653138","Y",""
"XDIST202605080004995773","엑셀수기배분","90019","EC-온라인물류","위탁","25F","DWDJ5L056","BKS","95","출고완료","5","5","0","5","허새흰(HEEN1)","2026-05-08","2026-05-08","2026-05-08 15:39:00","2026-05-08 15:39:00","2026-05-08 15:39:00","2026-05-09 01:01:33","X202605000653138","Y",""
"XDIST202605080004995773","엑셀수기배분","90019","EC-온라인물류","위탁","25F","DWDJ62056","BGS","95","출고완료","5","5","0","5","허새흰(HEEN1)","2026-05-08","2026-05-08","2026-05-08 15:39:00","2026-05-08 15:39:00","2026-05-08 15:39:00","2026-05-09 01:01:20","X202605000653138","Y",""
"XDIST202605080004995773","엑셀수기배분","90019","EC-온라인물류","위탁","25F","DWDJ64056","BKS","100","출고완료","5","5","0","5","허새흰(HEEN1)","2026-05-08","2026-05-08","2026-05-08 15:39:00","2026-05-08 15:39:00","2026-05-08 15:39:00","2026-05-09 01:01:17","X202605000653138","Y",""
"XDIST202605080004995773","엑셀수기배분","90019","EC-온라인물류","위탁","25F","DWDJ68056","DGS","95","출고완료","5","5","0","5","허새흰(HEEN1)","2026-05-08","2026-05-08","2026-05-08 15:39:00","2026-05-08 15:39:00","2026-05-08 15:39:00","2026-05-09 01:01:20","X202605000653138","Y",""
"XDIST202605080004995773","엑셀수기배분","90019","EC-온라인물류","위탁","25F","DWDJ8D056","TQN","100","출고완료","5","5","0","5","허새흰(HEEN1)","2026-05-08","2026-05-08","2026-05-08 15:39:00","2026-05-08 15:39:00","2026-05-08 15:39:00","2026-05-09 01:01:30","X202605000653138","Y",""
"XDIST202605080004995773","엑셀수기배분","90019","EC-온라인물류","위탁","25F","DWDJ94056","CRS","95","출고완료","5","5","0","5","허새흰(HEEN1)","2026-05-08","2026-05-08","2026-05-08 15:39:00","2026-05-08 15:39:00","2026-05-08 15:39:00","2026-05-09 01:01:21","X202605000653138","Y",""
"XDIST202605080004995773","엑셀수기배분","90019","EC-온라인물류","위탁","25F","DWDJ9A056","BGD","85","출고완료","5","5","0","5","허새흰(HEEN1)","2026-05-08","2026-05-08","2026-05-08 15:39:01","2026-05-08 15:39:01","2026-05-08 15:39:01","2026-05-09 01:01:19","X202605000653138","Y",""
"XDIST202605080004995773","엑셀수기배분","90019","EC-온라인물류","위탁","25F","DKDJ80056","BKS","130","출고완료","5","5","0","5","허새흰(HEEN1)","2026-05-08","2026-05-08","2026-05-08 15:39:01","2026-05-08 15:39:01","2026-05-08 15:39:01","2026-05-09 01:01:30","X202605000653139","Y",""
"XDIST202605080004995773","엑셀수기배분","90019","EC-온라인물류","위탁","25F","DKDJ80056","TQD","160","출고완료","5","5","0","5","허새흰(HEEN1)","2026-05-08","2026-05-08","2026-05-08 15:39:01","2026-05-08 15:39:01","2026-05-08 15:39:01","2026-05-09 01:01:30","X202605000653139","Y",""
"XDIST202605080004995773","엑셀수기배분","90019","EC-온라인물류","위탁","25F","DKDJ54056","BGS","140","출고완료","5","5","0","5","허새흰(HEEN1)","2026-05-08","2026-05-08","2026-05-08 15:39:01","2026-05-08 15:39:01","2026-05-08 15:39:01","2026-05-09 01:01:33","X202605000653139","Y",""
"XDIST202605080004995773","엑셀수기배분","90019","EC-온라인물류","위탁","25F","DKDJ61056","BKS","150","출고완료","5","5","0","5","허새흰(HEEN1)","2026-05-08","2026-05-08","2026-05-08 15:39:01","2026-05-08 15:39:01","2026-05-08 15:39:01","2026-05-09 01:01:30","X202605000653139","Y",""
"XDIST202605080004995773","엑셀수기배분","90019","EC-온라인물류","위탁","25F","DKDJ61056","LKS","120","출고완료","5","5","0","5","허새흰(HEEN1)","2026-05-08","2026-05-08","2026-05-08 15:39:01","2026-05-08 15:39:01","2026-05-08 15:39:01","2026-05-09 01:01:31","X202605000653139","Y",""
"XDIST202605080004995773","엑셀수기배분","90019","EC-온라인물류","위탁","25F","DKDJ61056","BGL","130","출고완료","5","5","0","5","허새흰(HEEN1)","2026-05-08","2026-05-08","2026-05-08 15:39:01","2026-05-08 15:39:01","2026-05-08 15:39:01","2026-05-09 01:01:31","X202605000653139","Y",""
"XDIST202605080004995773","엑셀수기배분","90019","EC-온라인물류","위탁","25F","DKDJ61056","BKS","120","출고완료","5","5","0","5","허새흰(HEEN1)","2026-05-08","2026-05-08","2026-05-08 15:39:01","2026-05-08 15:39:01","2026-05-08 15:39:01","2026-05-09 01:01:32","X202605000653139","Y",""
"XDIST202605080004995773","엑셀수기배분","90019","EC-온라인물류","위탁","25F","DKDJ80056","BES","130","출고완료","5","5","0","5","허새흰(HEEN1)","2026-05-08","2026-05-08","2026-05-08 15:39:01","2026-05-08 15:39:01","2026-05-08 15:39:01","2026-05-09 01:01:30","X202605000653139","Y",""
"XDIST202605080004995773","엑셀수기배분","90019","EC-온라인물류","위탁","25F","DMDJ5K056","OLD","95","출고완료","10","10","0","10","허새흰(HEEN1)","2026-05-08","2026-05-08","2026-05-08 15:39:01","2026-05-08 15:39:01","2026-05-08 15:39:01","2026-05-09 01:01:19","X202605000653140","Y",""
"XDIST202605080004995773","엑셀수기배분","90019","EC-온라인물류","위탁","25F","DWDJ5L056","BGL","100","출고완료","5","5","0","5","허새흰(HEEN1)","2026-05-08","2026-05-08","2026-05-08 15:39:01","2026-05-08 15:39:01","2026-05-08 15:39:01","2026-05-09 01:01:19","X202605000653140","Y",""
"XDIST202605080004995773","엑셀수기배분","90019","EC-온라인물류","위탁","25F","DWDJ8D056","BKL","100","출고완료","5","5","0","5","허새흰(HEEN1)","2026-05-08","2026-05-08","2026-05-08 15:39:01","2026-05-08 15:39:01","2026-05-08 15:39:01","2026-05-09 01:01:18","X202605000653140","Y",""
"XDIST202605080004995773","엑셀수기배분","90019","EC-온라인물류","위탁","25F","DWDJ8D056","OLL","95","출고완료","5","5","0","5","허새흰(HEEN1)","2026-05-08","2026-05-08","2026-05-08 15:39:01","2026-05-08 15:39:01","2026-05-08 15:39:01","2026-05-09 01:01:17","X202605000653140","Y",""
"XDIST202605080004995773","엑셀수기배분","90019","EC-온라인물류","위탁","25F","DWDJ94056","LWS","100","출고완료","1","1","0","0","허새흰(HEEN1)","2026-05-08","2026-05-08","2026-05-08 15:39:01","2026-05-08 15:39:01","2026-05-08 15:39:01","","X202605000653140","Y",""
"XDIST202605060004973820","MD요청-상품","50200","홍천(대-위)","위탁","26S","DXRS5G063","PCS","105","출고완료","1","1","0","1","권현정(KHJEONG)","2026-05-06","2026-05-06","2026-05-06 17:26:09","2026-05-06 17:26:09","2026-05-06 17:26:09","2026-05-07 01:03:45","X202605000364526","Y",""
"XDIST202605060004973820","MD요청-상품","50131","시화(대-위)","위탁","26S","DXRS5G063","PCS","100","출고완료","1","1","0","1","권현정(KHJEONG)","2026-05-06","2026-05-06","2026-05-06 17:31:05","2026-05-06 17:31:05","2026-05-06 17:31:05","2026-05-07 01:03:58","X202605000364535","Y",""
"XDIST202605060004973820","MD요청-상품","50156","익산영등(대-위)","위탁","26S","DXRS5G063","PCS","105","출고완료","1","1","0","1","권현정(KHJEONG)","2026-05-06","2026-05-06","2026-05-06 17:30:16","2026-05-06 17:30:16","2026-05-06 17:30:16","2026-05-07 01:04:08","X202605000364537","Y",""
"XDIST202605060004973820","MD요청-상품","50116","오산(대-위)","위탁","26S","DXRS5G063","PCS","100","출고완료","1","1","0","1","권현정(KHJEONG)","2026-05-06","2026-05-06","2026-05-06 17:26:09","2026-05-06 17:26:09","2026-05-06 17:26:09","2026-05-07 01:04:20","X202605000364541","Y",""
"XDIST202605070004989147","엑셀수기배분","90019","EC-온라인물류","위탁","26S","DWSWB4063","WHS","M","출고완료","10","10","0","10","박정민(PJM1003)","2026-05-07","2026-05-08","2026-05-08 17:49:01","2026-05-08 17:49:01","2026-05-08 17:49:01","2026-05-09 01:03:52","X202605000547521","Y",""
"XDIST202605060004974319","MD요청-상품","10073","신세계마산","위탁","26S","DWRS9N063","LDL","90","출고완료","1","1","0","1","권현정(KHJEONG)","2026-05-06","2026-05-06","2026-05-06 17:30:17","2026-05-06 17:30:17","2026-05-06 17:30:17","2026-05-07 01:02:28","X202605000365177","Y",""
"XDIST202605060004979832","엑셀수기배분","30051","신세계아울렛여주(직)","위탁","24S","DMPT57043","GRD","34","출고완료","5","5","0","5","이훈희(LEEHH1149)","2026-05-06","2026-05-07","2026-05-07 16:51:01","2026-05-07 16:51:01","2026-05-07 16:51:01","2026-05-08 01:03:04","X202605000385216","Y",""
"XDIST202605060004979832","엑셀수기배분","30051","신세계아울렛여주(직)","위탁","24S","DMPT57043","NBD","28","출고완료","3","3","0","3","이훈희(LEEHH1149)","2026-05-06","2026-05-07","2026-05-07 16:51:01","2026-05-07 16:51:01","2026-05-07 16:51:01","2026-05-08 01:03:04","X202605000385216","Y",""
"XDIST202605060004979832","엑셀수기배분","30051","신세계아울렛여주(직)","위탁","24S","DMPT57043","NBD","32","출고완료","5","5","0","5","이훈희(LEEHH1149)","2026-05-06","2026-05-07","2026-05-07 16:51:01","2026-05-07 16:51:01","2026-05-07 16:51:01","2026-05-08 01:03:03","X202605000385216","Y",""
"XDIST202605060004979832","엑셀수기배분","30051","신세계아울렛여주(직)","위탁","24S","DMPT7A043","DMS","30","출고완료","5","5","0","5","이훈희(LEEHH1149)","2026-05-06","2026-05-07","2026-05-07 16:51:01","2026-05-07 16:51:01","2026-05-07 16:51:01","2026-05-08 01:03:06","X202605000385216","Y",""
"XDIST202605060004979832","엑셀수기배분","30051","신세계아울렛여주(직)","위탁","24S","DMPT7C043","GRD","32","출고완료","5","5","0","5","이훈희(LEEHH1149)","2026-05-06","2026-05-07","2026-05-07 16:51:01","2026-05-07 16:51:01","2026-05-07 16:51:01","2026-05-08 01:03:06","X202605000385216","Y",""
"XDIST202605060004979832","엑셀수기배분","30051","신세계아울렛여주(직)","위탁","24S","DMTB61043","INS","30","출고완료","5","5","0","5","이훈희(LEEHH1149)","2026-05-06","2026-05-07","2026-05-07 16:51:01","2026-05-07 16:51:01","2026-05-07 16:51:01","2026-05-08 01:03:07","X202605000385217","Y",""
"XDIST202605060004979832","엑셀수기배분","30051","신세계아울렛여주(직)","위탁","24S","DMTP67043","GRS","34","출고완료","5","5","0","5","이훈희(LEEHH1149)","2026-05-06","2026-05-07","2026-05-07 16:51:01","2026-05-07 16:51:01","2026-05-07 16:51:01","2026-05-08 01:03:04","X202605000385218","Y",""
"XDIST202605060004979832","엑셀수기배분","30051","신세계아울렛여주(직)","위탁","24S","DWTP68043","BKS","25","출고완료","5","5","0","5","이훈희(LEEHH1149)","2026-05-06","2026-05-07","2026-05-07 16:51:01","2026-05-07 16:51:01","2026-05-07 16:51:01","2026-05-08 01:03:07","X202605000385218","Y",""
"XDIST202605060004979832","엑셀수기배분","30051","신세계아울렛여주(직)","위탁","24S","DMTR51043","GNS","105","출고완료","5","5","0","5","이훈희(LEEHH1149)","2026-05-06","2026-05-07","2026-05-07 16:51:01","2026-05-07 16:51:01","2026-05-07 16:51:01","2026-05-08 01:03:06","X202605000385219","Y",""
"XDIST202605060004979832","엑셀수기배분","30051","신세계아울렛여주(직)","위탁","24S","DXTR6E043","BKS","110","출고완료","5","5","0","5","이훈희(LEEHH1149)","2026-05-06","2026-05-07","2026-05-07 16:51:01","2026-05-07 16:51:01","2026-05-07 16:51:01","2026-05-08 01:03:06","X202605000385219","Y",""
"XDIST202605060004979832","엑셀수기배분","30051","신세계아울렛여주(직)","위탁","24S","DXTR75043","BRD","100","출고완료","5","5","0","5","이훈희(LEEHH1149)","2026-05-06","2026-05-07","2026-05-07 16:51:01","2026-05-07 16:51:01","2026-05-07 16:51:01","2026-05-08 01:03:06","X202605000385219","Y",""
"XDIST202605060004979832","엑셀수기배분","30051","신세계아울렛여주(직)","위탁","24S","DXTR76043","BRD","85","출고완료","5","5","0","5","이훈희(LEEHH1149)","2026-05-06","2026-05-07","2026-05-07 16:51:01","2026-05-07 16:51:01","2026-05-07 16:51:01","2026-05-08 01:03:07","X202605000385219","Y",""
"XDIST202605060004979832","엑셀수기배분","30051","신세계아울렛여주(직)","위탁","24S","DMTS73043","CRS","115","출고완료","5","5","0","5","이훈희(LEEHH1149)","2026-05-06","2026-05-07","2026-05-07 16:51:01","2026-05-07 16:51:01","2026-05-07 16:51:01","2026-05-08 01:03:07","X202605000385220","Y",""
"XDIST202605060004979832","엑셀수기배분","30051","신세계아울렛여주(직)","위탁","24S","DMTSG3043","CAS","100","출고완료","5","5","0","5","이훈희(LEEHH1149)","2026-05-06","2026-05-07","2026-05-07 16:51:01","2026-05-07 16:51:01","2026-05-07 16:51:01","2026-05-08 01:03:08","X202605000385220","Y",""
"XDIST202605060004979832","엑셀수기배분","30051","신세계아울렛여주(직)","위탁","24S","DMTSG3043","CRS","110","출고완료","5","5","0","5","이훈희(LEEHH1149)","2026-05-06","2026-05-07","2026-05-07 16:51:01","2026-05-07 16:51:01","2026-05-07 16:51:01","2026-05-08 01:03:08","X202605000385220","Y",""
"XDIST202605060004979832","엑셀수기배분","30051","신세계아울렛여주(직)","위탁","24S","DMTSGE043","DBS","110","출고완료","4","4","0","4","이훈희(LEEHH1149)","2026-05-06","2026-05-07","2026-05-07 16:51:01","2026-05-07 16:51:01","2026-05-07 16:51:01","2026-05-08 01:03:03","X202605000385220","Y",""
"XDIST202605060004979832","엑셀수기배분","30051","신세계아울렛여주(직)","위탁","24S","DMTSGI043","CRS","100","출고완료","5","5","0","5","이훈희(LEEHH1149)","2026-05-06","2026-05-07","2026-05-07 16:51:01","2026-05-07 16:51:01","2026-05-07 16:51:01","2026-05-08 01:03:05","X202605000385220","Y",""
"XDIST202605060004979832","엑셀수기배분","30051","신세계아울렛여주(직)","위탁","24S","DMTSGI043","NYD","100","출고완료","5","5","0","5","이훈희(LEEHH1149)","2026-05-06","2026-05-07","2026-05-07 16:51:01","2026-05-07 16:51:01","2026-05-07 16:51:01","2026-05-08 01:03:05","X202605000385220","Y",""
"XDIST202605060004979832","엑셀수기배분","30051","신세계아울렛여주(직)","위탁","24S","DMTSGQ043","CAS","105","출고완료","5","5","0","5","이훈희(LEEHH1149)","2026-05-06","2026-05-07","2026-05-07 16:51:01","2026-05-07 16:51:01","2026-05-07 16:51:01","2026-05-08 01:03:05","X202605000385220","Y",""
"XDIST202605060004979832","엑셀수기배분","30051","신세계아울렛여주(직)","위탁","24S","DMTSGQ043","CAS","110","출고완료","5","5","0","5","이훈희(LEEHH1149)","2026-05-06","2026-05-07","2026-05-07 16:51:01","2026-05-07 16:51:01","2026-05-07 16:51:01","2026-05-08 01:03:08","X202605000385220","Y",""
"XDIST202605060004979832","엑셀수기배분","30051","신세계아울렛여주(직)","위탁","24S","DMTSGQ043","CAS","95","출고완료","5","5","0","5","이훈희(LEEHH1149)","2026-05-06","2026-05-07","2026-05-07 16:51:01","2026-05-07 16:51:01","2026-05-07 16:51:01","2026-05-08 01:03:07","X202605000385220","Y",""
"XDIST202605060004979832","엑셀수기배분","30051","신세계아울렛여주(직)","위탁","24S","DMTSGQ043","DBS","95","출고완료","5","5","0","5","이훈희(LEEHH1149)","2026-05-06","2026-05-07","2026-05-07 16:51:01","2026-05-07 16:51:01","2026-05-07 16:51:01","2026-05-08 01:03:08","X202605000385220","Y",""
"XDIST202605060004979832","엑셀수기배분","30051","신세계아울렛여주(직)","위탁","24S","DWTS56043","YEL","100","출고완료","5","5","0","5","이훈희(LEEHH1149)","2026-05-06","2026-05-07","2026-05-07 16:51:01","2026-05-07 16:51:01","2026-05-07 16:51:01","2026-05-08 01:03:07","X202605000385220","Y",""
"XDIST202605060004979832","엑셀수기배분","30051","신세계아울렛여주(직)","위탁","24S","DMWJ63043","BKS","95","출고완료","5","5","0","5","이훈희(LEEHH1149)","2026-05-06","2026-05-07","2026-05-07 16:51:01","2026-05-07 16:51:01","2026-05-07 16:51:01","2026-05-08 01:03:06","X202605000385221","Y",""
"XDIST202605060004979832","엑셀수기배분","30051","신세계아울렛여주(직)","위탁","24S","DWWJ62043","LVD","105","출고완료","2","2","0","2","이훈희(LEEHH1149)","2026-05-06","2026-05-07","2026-05-07 16:51:01","2026-05-07 16:51:01","2026-05-07 16:51:01","2026-05-08 01:03:04","X202605000385221","Y",""
"XDIST202605060004979832","엑셀수기배분","30051","신세계아울렛여주(직)","위탁","24S","DXRS6A043","CBL","105","출고완료","5","5","0","5","이훈희(LEEHH1149)","2026-05-06","2026-05-07","2026-05-07 16:51:01","2026-05-07 16:51:01","2026-05-07 16:51:01","2026-05-08 01:03:07","X202605000385222","Y",""
"XDIST202605060004979832","엑셀수기배분","30051","신세계아울렛여주(직)","위탁","24S","DXRS6A043","CBL","95","출고완료","5","5","0","5","이훈희(LEEHH1149)","2026-05-06","2026-05-07","2026-05-07 16:51:01","2026-05-07 16:51:01","2026-05-07 16:51:01","2026-05-08 01:03:07","X202605000385222","Y",""
"XDIST202605060004979832","엑셀수기배분","30051","신세계아울렛여주(직)","위탁","24S","DXRS79043","BLD","105","출고완료","5","5","0","5","이훈희(LEEHH1149)","2026-05-06","2026-05-07","2026-05-07 16:51:01","2026-05-07 16:51:01","2026-05-07 16:51:01","2026-05-08 01:03:06","X202605000385222","Y",""
"XDIST202605060004979832","엑셀수기배분","30051","신세계아울렛여주(직)","위탁","24S","DXRS79043","BLD","115","출고완료","5","5","0","5","이훈희(LEEHH1149)","2026-05-06","2026-05-07","2026-05-07 16:51:01","2026-05-07 16:51:01","2026-05-07 16:51:01","2026-05-08 01:03:03","X202605000385222","Y",""
"XDIST202605060004979832","엑셀수기배분","30051","신세계아울렛여주(직)","위탁","24S","DXRS7C043","GNN","110","출고완료","3","3","0","3","이훈희(LEEHH1149)","2026-05-06","2026-05-07","2026-05-07 16:51:01","2026-05-07 16:51:01","2026-05-07 16:51:01","2026-05-08 01:03:03","X202605000385222","Y",""
"XDIST202605060004979832","엑셀수기배분","30051","신세계아울렛여주(직)","위탁","24S","DXRS7C043","GNN","95","출고완료","5","5","0","5","이훈희(LEEHH1149)","2026-05-06","2026-05-07","2026-05-07 16:51:01","2026-05-07 16:51:01","2026-05-07 16:51:01","2026-05-08 01:03:07","X202605000385222","Y",""
"XDIST202605070004991245","MD요청-상품","31006","명동점(직)","위탁","25N","DXCP5015N","DMS","58","출고완료","2","2","0","2","장윤희(YHJANG)","2026-05-07","2026-05-08","2026-05-08 17:33:04","2026-05-08 17:33:04","2026-05-08 17:33:04","2026-05-09 13:23:01","X202605000555249","Y",""
"XDIST202605070004989571","MD요청-상품","50182","금왕(대-위)","위탁","25N","DXCP5025N","BGS","58","출고완료","2","2","0","2","장윤희(YHJANG)","2026-05-07","2026-05-08","2026-05-08 17:33:03","2026-05-08 17:33:03","2026-05-08 17:33:03","2026-05-09 01:01:52","X202605000549545","Y",""
"XDIST202605070004989571","MD요청-상품","50089","퍼스트빌리지(대-위)","위탁","25N","DXCP5025N","BGS","58","출고완료","5","5","0","5","장윤희(YHJANG)","2026-05-07","2026-05-08","2026-05-08 17:49:02","2026-05-08 17:49:02","2026-05-08 17:49:02","2026-05-09 01:01:40","X202605000549549","Y",""
"XDIST202605070004989571","MD요청-상품","31006","명동점(직)","위탁","25N","DXCP5025N","BGS","58","출고완료","5","5","0","5","장윤희(YHJANG)","2026-05-07","2026-05-08","2026-05-08 17:33:03","2026-05-08 17:33:03","2026-05-08 17:33:03","2026-05-09 13:23:00","X202605000549555","Y",""
"XDIST202605070004990843","MD요청-상품","50189","양산(대-위)","위탁","25N","DXCP5015N","BES","56","출고완료","1","1","0","1","장윤희(YHJANG)","2026-05-07","2026-05-08","2026-05-08 17:33:03","2026-05-08 17:33:03","2026-05-08 17:33:03","2026-05-09 01:02:54","X202605000553211","Y",""
"XDIST202605080004993353","엑셀수기배분","90019","EC-온라인물류","위탁","24N","DKCP2074N","ORD","56","출고완료","1","1","0","0","허새흰(HEEN1)","2026-05-08","2026-05-08","2026-05-08 17:30:03","2026-05-08 17:30:03","2026-05-08 17:30:03","","X202605000616236","Y",""
"XDIST202605080004993353","엑셀수기배분","90019","EC-온라인물류","위탁","25N","DXCP5075N","BKS","60","출고완료","3","3","0","3","허새흰(HEEN1)","2026-05-08","2026-05-08","2026-05-08 17:30:03","2026-05-08 17:30:03","2026-05-08 17:30:03","2026-05-09 01:01:22","X202605000616237","Y",""
"XDIST202605080004993353","엑셀수기배분","90019","EC-온라인물류","위탁","24N","DXSH4714N","RDD","280","출고완료","1","1","0","1","허새흰(HEEN1)","2026-05-08","2026-05-08","2026-05-08 17:30:03","2026-05-08 17:30:03","2026-05-08 17:30:03","2026-05-09 01:01:29","X202605000616243","Y",""
"XDIST202605080004993353","엑셀수기배분","90019","EC-온라인물류","위탁","23N","DXSH4513N","WHS","260","출고완료","1","1","0","1","허새흰(HEEN1)","2026-05-08","2026-05-08","2026-05-08 17:30:03","2026-05-08 17:30:03","2026-05-08 17:30:03","2026-05-09 01:01:29","X202605000616244","Y",""
"XDIST202605080004993353","엑셀수기배분","90019","EC-온라인물류","위탁","25S","DKSB51053","BKS","150","출고완료","2","2","0","2","허새흰(HEEN1)","2026-05-08","2026-05-08","2026-05-08 17:30:03","2026-05-08 17:30:03","2026-05-08 17:30:03","2026-05-09 01:01:21","X202605000616248","Y",""
"XDIST202605080004993353","엑셀수기배분","90019","EC-온라인물류","위탁","25S","DKSW55053","BLS","140","출고완료","6","6","0","6","허새흰(HEEN1)","2026-05-08","2026-05-08","2026-05-08 17:30:03","2026-05-08 17:30:03","2026-05-08 17:30:03","2026-05-09 01:01:20","X202605000616249","Y",""
"XDIST202605080004993353","엑셀수기배분","90019","EC-온라인물류","위탁","25S","DKWJ31051","BGD","150","출고완료","2","2","0","2","허새흰(HEEN1)","2026-05-08","2026-05-08","2026-05-08 17:30:03","2026-05-08 17:30:03","2026-05-08 17:30:03","2026-05-09 01:01:21","X202605000616250","Y",""
"XDIST202605080004993353","엑셀수기배분","90019","EC-온라인물류","위탁","25S","DMPT65053","BGD","30","출고완료","7","7","0","7","허새흰(HEEN1)","2026-05-08","2026-05-08","2026-05-08 17:30:03","2026-05-08 17:30:03","2026-05-08 17:30:03","2026-05-09 01:01:22","X202605000616252","Y",""
"XDIST202605080004993353","엑셀수기배분","90019","EC-온라인물류","위탁","25S","DMPT7G053","BRS","32","출고완료","2","2","0","2","허새흰(HEEN1)","2026-05-08","2026-05-08","2026-05-08 17:30:03","2026-05-08 17:30:03","2026-05-08 17:30:03","2026-05-09 01:01:22","X202605000616252","Y",""
"XDIST202605080004993353","엑셀수기배분","90019","EC-온라인물류","위탁","25S","DMPT7Q053","DGS","32","출고완료","2","2","0","2","허새흰(HEEN1)","2026-05-08","2026-05-08","2026-05-08 17:30:03","2026-05-08 17:30:03","2026-05-08 17:30:03","2026-05-09 01:01:22","X202605000616252","Y",""
"XDIST202605080004993353","엑셀수기배분","90019","EC-온라인물류","위탁","25S","DXRS83053","BKS","110","출고완료","6","6","0","6","허새흰(HEEN1)","2026-05-08","2026-05-08","2026-05-08 17:30:04","2026-05-08 17:30:04","2026-05-08 17:30:04","2026-05-09 01:01:23","X202605000616253","Y",""
"XDIST202605080004993353","엑셀수기배분","90019","EC-온라인물류","위탁","25S","DXRS87053","MTL","90","출고완료","1","1","0","1","허새흰(HEEN1)","2026-05-08","2026-05-08","2026-05-08 17:30:04","2026-05-08 17:30:04","2026-05-08 17:30:04","2026-05-09 01:01:22","X202605000616253","Y",""
"XDIST202605080004993353","엑셀수기배분","90019","EC-온라인물류","위탁","25S","DMSL71053","BKS","110","출고완료","2","2","0","2","허새흰(HEEN1)","2026-05-08","2026-05-08","2026-05-08 17:30:04","2026-05-08 17:30:04","2026-05-08 17:30:04","2026-05-09 01:01:27","X202605000616255","Y",""
"XDIST202605080004993353","엑셀수기배분","90019","EC-온라인물류","위탁","25S","DMSL71053","WHS","100","출고완료","3","3","0","3","허새흰(HEEN1)","2026-05-08","2026-05-08","2026-05-08 17:30:04","2026-05-08 17:30:04","2026-05-08 17:30:04","2026-05-09 01:01:22","X202605000616255","Y",""
"XDIST202605080004993353","엑셀수기배분","90019","EC-온라인물류","위탁","25S","DMSP77053","BGD","32","출고완료","2","2","0","2","허새흰(HEEN1)","2026-05-08","2026-05-08","2026-05-08 17:30:04","2026-05-08 17:30:04","2026-05-08 17:30:04","2026-05-09 01:01:27","X202605000616256","Y",""
"XDIST202605080004993353","엑셀수기배분","90019","EC-온라인물류","위탁","25S","DWSW94053","WHS","90","출고완료","9","9","0","9","허새흰(HEEN1)","2026-05-08","2026-05-08","2026-05-08 17:30:04","2026-05-08 17:30:04","2026-05-08 17:30:04","2026-05-09 01:01:28","X202605000616257","Y",""
"XDIST202605080004993353","엑셀수기배분","90019","EC-온라인물류","위탁","25S","DXSW71053","BKS","95","출고완료","5","5","0","5","허새흰(HEEN1)","2026-05-08","2026-05-08","2026-05-08 17:30:04","2026-05-08 17:30:04","2026-05-08 17:30:04","2026-05-09 01:01:23","X202605000616257","Y",""
"XDIST202605080004993353","엑셀수기배분","90019","EC-온라인물류","위탁","25S","DMTS65053","GRD","105","출고완료","1","1","0","1","허새흰(HEEN1)","2026-05-08","2026-05-08","2026-05-08 17:30:04","2026-05-08 17:30:04","2026-05-08 17:30:04","2026-05-09 01:01:27","X202605000616261","Y",""
"XDIST202605080004993353","엑셀수기배분","90019","EC-온라인물류","위탁","25S","DMTS77053","DGS","95","출고완료","2","2","0","2","허새흰(HEEN1)","2026-05-08","2026-05-08","2026-05-08 17:30:04","2026-05-08 17:30:04","2026-05-08 17:30:04","2026-05-09 01:01:22","X202605000616261","Y",""
"XDIST202605080004993353","엑셀수기배분","90019","EC-온라인물류","위탁","25S","DWWJ94053","WHS","90","출고완료","3","3","0","0","허새흰(HEEN1)","2026-05-08","2026-05-08","2026-05-08 17:30:04","2026-05-08 17:30:04","2026-05-08 17:30:04","","X202605000616263","Y",""
"XDIST202605080004993353","엑셀수기배분","90019","EC-온라인물류","위탁","25S","DWWJ9C053","BKS","105","출고완료","9","9","0","9","허새흰(HEEN1)","2026-05-08","2026-05-08","2026-05-08 17:30:04","2026-05-08 17:30:04","2026-05-08 17:30:04","2026-05-09 01:01:21","X202605000616263","Y",""
"XDIST202605080004993353","엑셀수기배분","90019","EC-온라인물류","위탁","25S","DWBR41051","BKS","L","출고완료","5","5","0","5","허새흰(HEEN1)","2026-05-08","2026-05-08","2026-05-08 17:30:04","2026-05-08 17:30:04","2026-05-08 17:30:04","2026-05-09 01:01:22","X202605000616264","Y",""
"XDIST202605080004993353","엑셀수기배분","90019","EC-온라인물류","위탁","24N","DXML7134N","GRS","XL","출고완료","1","1","0","1","허새흰(HEEN1)","2026-05-08","2026-05-08","2026-05-08 17:30:04","2026-05-08 17:30:04","2026-05-08 17:30:04","2026-05-09 01:01:22","X202605000616269","Y",""
"XDIST202605080004993353","엑셀수기배분","90019","EC-온라인물류","위탁","24N","DXML7134N","GRS","L","출고완료","1","1","0","1","허새흰(HEEN1)","2026-05-08","2026-05-08","2026-05-08 17:30:04","2026-05-08 17:30:04","2026-05-08 17:30:04","2026-05-09 01:01:22","X202605000616269","Y",""
"XDIST202605060004980366","엑셀수기배분","10063","롯데전주","위탁","26S","DWTR91063","IVD","100","출고완료","1","1","0","1","권현정(KHJEONG)","2026-05-06","2026-05-07","2026-05-07 17:07:01","2026-05-07 17:07:01","2026-05-07 17:07:01","2026-05-08 01:02:24","X202605000388690","Y",""
"XDIST202605060004980366","엑셀수기배분","10078","신세계김해","위탁","26S","DWTR91063","IVD","100","출고완료","1","1","0","1","권현정(KHJEONG)","2026-05-06","2026-05-07","2026-05-07 16:54:01","2026-05-07 16:54:01","2026-05-07 16:54:01","2026-05-08 01:02:23","X202605000388692","Y",""
"XDIST202605060004980366","엑셀수기배분","50063","스퀘어원(대-위)","위탁","26S","DMTR71063","DGS","95","출고완료","1","1","0","1","권현정(KHJEONG)","2026-05-06","2026-05-07","2026-05-07 16:54:01","2026-05-07 16:54:01","2026-05-07 16:54:01","2026-05-08 01:04:24","X202605000388698","Y",""
"XDIST202605060004980366","엑셀수기배분","50106","세정광주(대-위)","위탁","26S","DWTR91063","LVL","90","출고완료","1","1","0","1","권현정(KHJEONG)","2026-05-06","2026-05-07","2026-05-07 16:54:01","2026-05-07 16:54:01","2026-05-07 16:54:01","2026-05-08 01:02:47","X202605000388702","Y",""
"XDIST202605060004980366","엑셀수기배분","50106","세정광주(대-위)","위탁","26S","DWTR91063","IVD","100","출고완료","1","1","0","1","권현정(KHJEONG)","2026-05-06","2026-05-07","2026-05-07 16:54:01","2026-05-07 16:54:01","2026-05-07 16:54:01","2026-05-08 01:02:47","X202605000388702","Y",""
"XDIST202605060004980366","엑셀수기배분","50134","광명점(대-위)","위탁","26S","DWTR91063","BKS","85","출고완료","1","1","0","1","권현정(KHJEONG)","2026-05-06","2026-05-07","2026-05-07 16:54:01","2026-05-07 16:54:01","2026-05-07 16:54:01","2026-05-08 01:04:23","X202605000388706","Y",""
"XDIST202605060004980366","엑셀수기배분","50145","성남신흥(대-위)","위탁","26S","DWTR91063","IVD","100","출고완료","1","1","0","1","권현정(KHJEONG)","2026-05-06","2026-05-07","2026-05-07 16:54:01","2026-05-07 16:54:01","2026-05-07 16:54:01","2026-05-08 01:02:21","X202605000388710","Y",""
"XDIST202605060004980366","엑셀수기배분","50168","모다김제(대-위)","위탁","26S","DXTB3A061","BKS","30","출고완료","1","1","0","1","권현정(KHJEONG)","2026-05-06","2026-05-07","2026-05-07 16:54:01","2026-05-07 16:54:01","2026-05-07 16:54:01","2026-05-08 01:02:27","X202605000388713","Y",""
"XDIST202605060004980366","엑셀수기배분","50175","공주(대-위)","위탁","26S","DXTB3A061","MGS","30","출고완료","1","1","0","1","권현정(KHJEONG)","2026-05-06","2026-05-07","2026-05-07 16:54:01","2026-05-07 16:54:01","2026-05-07 16:54:01","2026-05-08 01:02:48","X202605000388714","Y",""
"XDIST202605060004980366","엑셀수기배분","50187","인천계산(대-위)","위탁","26S","DWTR91063","IVD","100","출고완료","1","1","0","1","권현정(KHJEONG)","2026-05-06","2026-05-07","2026-05-07 16:54:01","2026-05-07 16:54:01","2026-05-07 16:54:01","2026-05-08 01:02:25","X202605000388717","Y",""
"XDIST202605060004980366","엑셀수기배분","50201","문경(대-위)","위탁","26S","DWTR91063","BKS","90","출고완료","1","1","0","1","권현정(KHJEONG)","2026-05-06","2026-05-07","2026-05-07 17:07:01","2026-05-07 17:07:01","2026-05-07 17:07:01","2026-05-08 01:02:27","X202605000388719","Y",""
"XDIST202605040004960123","엑셀수기배분","90019","EC-온라인물류","위탁","25N","DXSO7035N","IVS","26","출고완료","5","5","0","5","허새흰(HEEN1)","2026-05-04","2026-05-04","2026-05-04 18:18:03","2026-05-04 18:18:03","2026-05-04 18:18:03","2026-05-05 01:02:12","X202605000179391","Y",""
"XDIST202605040004960123","엑셀수기배분","90019","EC-온라인물류","위탁","25S","DMMT37051","BKS","110","출고완료","2","2","0","0","허새흰(HEEN1)","2026-05-04","2026-05-04","2026-05-04 18:18:03","2026-05-04 18:18:03","2026-05-04 18:18:03","","X202605000179392","Y",""
"XDIST202605040004960123","엑셀수기배분","90019","EC-온라인물류","위탁","25S","DMRS6A053","BKS","105","출고완료","2","2","0","2","허새흰(HEEN1)","2026-05-04","2026-05-04","2026-05-04 18:18:03","2026-05-04 18:18:03","2026-05-04 18:18:03","2026-05-05 01:02:03","X202605000179394","Y",""
"XDIST202605040004960123","엑셀수기배분","90019","EC-온라인물류","위탁","25S","DMRS7K053","PKD","110","출고완료","1","1","0","1","허새흰(HEEN1)","2026-05-04","2026-05-04","2026-05-04 18:18:03","2026-05-04 18:18:03","2026-05-04 18:18:03","2026-05-05 01:02:06","X202605000179394","Y",""
"XDIST202605040004960123","엑셀수기배분","90019","EC-온라인물류","위탁","25S","DXRS8G053","BKS","90","출고완료","7","7","0","7","허새흰(HEEN1)","2026-05-04","2026-05-04","2026-05-04 18:18:03","2026-05-04 18:18:03","2026-05-04 18:18:03","2026-05-05 01:02:11","X202605000179394","Y",""
"XDIST202605040004960123","엑셀수기배분","90019","EC-온라인물류","위탁","25S","DXSW71053","SBL","100","출고완료","3","3","0","3","허새흰(HEEN1)","2026-05-04","2026-05-04","2026-05-04 18:18:03","2026-05-04 18:18:03","2026-05-04 18:18:03","2026-05-05 01:02:02","X202605000179397","Y",""
"XDIST202605040004960123","엑셀수기배분","90019","EC-온라인물류","위탁","25S","DWTR92053","BKS","85","출고완료","3","3","0","3","허새흰(HEEN1)","2026-05-04","2026-05-04","2026-05-04 18:18:03","2026-05-04 18:18:03","2026-05-04 18:18:03","2026-05-05 01:02:06","X202605000179406","Y",""
"XDIST202605040004968544","엑셀수기배분","90019","EC-온라인물류","위탁","26S","DMSP78063","BKS","34","출고완료","10","10","0","10","박정민(PJM1003)","2026-05-04","2026-05-06","2026-05-06 17:19:00","2026-05-06 17:19:00","2026-05-06 17:19:00","2026-05-07 01:01:54","X202605000199977","Y",""
"XDIST202605040004968544","엑셀수기배분","90019","EC-온라인물류","위탁","26S","DMSW7D063","CBL","95","출고완료","5","5","0","5","박정민(PJM1003)","2026-05-04","2026-05-06","2026-05-06 17:19:00","2026-05-06 17:19:00","2026-05-06 17:19:00","2026-05-07 01:01:55","X202605000199978","Y",""
"XDIST202605040004968544","엑셀수기배분","90019","EC-온라인물류","위탁","26S","DWSW96063","WHS","95","출고완료","10","10","0","10","박정민(PJM1003)","2026-05-04","2026-05-06","2026-05-06 17:19:00","2026-05-06 17:19:00","2026-05-06 17:19:00","2026-05-07 01:01:53","X202605000199978","Y",""
"XDIST202605040004968544","엑셀수기배분","90019","EC-온라인물류","위탁","26S","DWRS9M063","MGL","90","출고완료","10","10","0","10","박정민(PJM1003)","2026-05-04","2026-05-06","2026-05-06 17:19:01","2026-05-06 17:19:01","2026-05-06 17:19:01","2026-05-07 01:01:57","X202605000199979","Y",""
"XDIST202605040004968544","엑셀수기배분","90019","EC-온라인물류","위탁","26S","DWRS9M063","WHS","100","출고완료","10","10","0","10","박정민(PJM1003)","2026-05-04","2026-05-06","2026-05-06 17:19:01","2026-05-06 17:19:01","2026-05-06 17:19:01","2026-05-07 01:01:57","X202605000199979","Y",""
"XDIST202605040004968544","엑셀수기배분","90019","EC-온라인물류","위탁","26S","DWRS9M063","WHS","85","출고완료","10","10","0","10","박정민(PJM1003)","2026-05-04","2026-05-06","2026-05-06 17:19:01","2026-05-06 17:19:01","2026-05-06 17:19:01","2026-05-07 01:01:57","X202605000199979","Y",""
"XDIST202605040004968544","엑셀수기배분","90019","EC-온라인물류","위탁","26S","DWRS9M063","WHS","95","출고완료","10","10","0","10","박정민(PJM1003)","2026-05-04","2026-05-06","2026-05-06 17:19:01","2026-05-06 17:19:01","2026-05-06 17:19:01","2026-05-07 01:01:57","X202605000199979","Y",""
"XDIST202605040004968544","엑셀수기배분","90019","EC-온라인물류","위탁","26S","DWSBB2063","INS","26","출고완료","5","5","0","5","박정민(PJM1003)","2026-05-04","2026-05-06","2026-05-06 17:19:01","2026-05-06 17:19:01","2026-05-06 17:19:01","2026-05-07 01:01:53","X202605000199980","Y",""
"XDIST202605060004979188","엑셀수기배분","90019","EC-온라인물류","위탁","26N","DXSH7536N","BES","240","출고완료","2","2","0","2","박정민(PJM1003)","2026-05-06","2026-05-06","2026-05-07 16:51:00","2026-05-07 16:51:00","2026-05-07 16:51:00","2026-05-08 01:01:01","X202605000380957","Y",""
"XDIST202605060004979188","엑셀수기배분","90019","EC-온라인물류","위탁","24N","DXSH7244N","BKS","280","출고완료","6","6","0","6","박정민(PJM1003)","2026-05-06","2026-05-06","2026-05-07 16:51:00","2026-05-07 16:51:00","2026-05-07 16:51:00","2026-05-08 01:01:00","X202605000380959","Y",""
"XDIST202605060004979188","엑셀수기배분","90019","EC-온라인물류","위탁","21N","DXSH2111N","IVS","260","출고완료","13","13","0","13","박정민(PJM1003)","2026-05-06","2026-05-06","2026-05-07 16:51:00","2026-05-07 16:51:00","2026-05-07 16:51:00","2026-05-08 01:01:02","X202605000380960","Y",""
"XDIST202605060004979188","엑셀수기배분","90019","EC-온라인물류","위탁","21N","DXSH2111N","WHS","240","출고완료","13","13","0","13","박정민(PJM1003)","2026-05-06","2026-05-06","2026-05-07 16:51:00","2026-05-07 16:51:00","2026-05-07 16:51:00","2026-05-08 01:01:01","X202605000380960","Y",""
"XDIST202605060004979188","엑셀수기배분","90019","EC-온라인물류","위탁","26S","DMTP31061","BGS","34","출고완료","2","2","0","2","박정민(PJM1003)","2026-05-06","2026-05-06","2026-05-07 16:51:00","2026-05-07 16:51:00","2026-05-07 16:51:00","2026-05-08 01:01:01","X202605000380964","Y",""
"XDIST202605060004979188","엑셀수기배분","90019","EC-온라인물류","위탁","26S","DMTS71063","NYD","95","출고완료","23","23","0","23","박정민(PJM1003)","2026-05-06","2026-05-06","2026-05-07 16:51:01","2026-05-07 16:51:01","2026-05-07 16:51:01","2026-05-08 01:01:02","X202605000380965","Y",""
"XDIST202605060004979188","엑셀수기배분","90019","EC-온라인물류","위탁","26S","DWTS91063","PKL","85","출고완료","3","3","0","3","박정민(PJM1003)","2026-05-06","2026-05-06","2026-05-07 16:51:01","2026-05-07 16:51:01","2026-05-07 16:51:01","2026-05-08 01:01:02","X202605000380965","Y",""
"XDIST202605060004979188","엑셀수기배분","90019","EC-온라인물류","위탁","26S","DWOP96063","BES","90","출고완료","3","3","0","3","박정민(PJM1003)","2026-05-06","2026-05-06","2026-05-07 16:51:01","2026-05-07 16:51:01","2026-05-07 16:51:01","2026-05-08 01:01:02","X202605000380967","Y",""
"XDIST202605060004979188","엑셀수기배분","90019","EC-온라인물류","위탁","26S","DXRS7K063","BKS","115","출고완료","12","12","0","12","박정민(PJM1003)","2026-05-06","2026-05-06","2026-05-07 16:51:01","2026-05-07 16:51:01","2026-05-07 16:51:01","2026-05-08 01:01:01","X202605000380969","Y",""
"XDIST202605060004979188","엑셀수기배분","90019","EC-온라인물류","위탁","26S","DXRS7K063","WHS","115","출고완료","30","30","0","30","박정민(PJM1003)","2026-05-06","2026-05-06","2026-05-07 16:51:01","2026-05-07 16:51:01","2026-05-07 16:51:01","2026-05-08 01:01:01","X202605000380969","Y",""
"XDIST202605060004973610","MD요청-상품","50058","모다대전(대-위)","위탁","26S","DXTB7A063","BKS","26","출고완료","1","1","0","1","권현정(KHJEONG)","2026-05-06","2026-05-06","2026-05-06 17:26:09","2026-05-06 17:26:09","2026-05-06 17:26:09","2026-05-07 01:03:43","X202605000364209","Y",""
"XDIST202605060004973610","MD요청-상품","50063","스퀘어원(대-위)","위탁","26S","DXTB7A063","BKS","32","출고완료","2","2","0","2","권현정(KHJEONG)","2026-05-06","2026-05-06","2026-05-06 17:31:05","2026-05-06 17:31:05","2026-05-06 17:31:05","2026-05-07 01:05:57","X202605000364220","Y",""
"XDIST202605060004973610","MD요청-상품","50183","대전은행(대-위)","위탁","26S","DXTB7A063","BKS","34","출고완료","1","1","0","1","권현정(KHJEONG)","2026-05-06","2026-05-06","2026-05-06 17:27:04","2026-05-06 17:27:04","2026-05-06 17:27:04","2026-05-07 01:02:59","X202605000364222","Y",""
"XDIST202605060004973610","MD요청-상품","50064","포천송우(대-위)","위탁","26S","DXTB7A063","BKS","26","출고완료","1","1","0","1","권현정(KHJEONG)","2026-05-06","2026-05-06","2026-05-06 17:26:09","2026-05-06 17:26:09","2026-05-06 17:26:09","2026-05-07 01:02:46","X202605000364223","Y",""
"XDIST202605060004973610","MD요청-상품","50102","일산덕이(대-위)","위탁","26S","DXTB7A063","BKS","34","출고완료","2","2","0","2","권현정(KHJEONG)","2026-05-06","2026-05-06","2026-05-06 17:30:16","2026-05-06 17:30:16","2026-05-06 17:30:16","2026-05-07 01:04:27","X202605000364226","Y",""
"XDIST202605060004973610","MD요청-상품","50195","수원남문(대-위)","위탁","26S","DXTB7A063","BKS","34","출고완료","1","1","0","1","권현정(KHJEONG)","2026-05-06","2026-05-06","2026-05-06 17:31:05","2026-05-06 17:31:05","2026-05-06 17:31:05","2026-05-07 01:03:52","X202605000364241","Y",""
"XDIST202605060004973610","MD요청-상품","50199","거창(대-위)","위탁","26S","DXTB7A063","BKS","34","출고완료","1","1","0","1","권현정(KHJEONG)","2026-05-06","2026-05-06","2026-05-06 17:26:09","2026-05-06 17:26:09","2026-05-06 17:26:09","2026-05-07 01:02:36","X202605000364244","Y",""
"XDIST202605060004973610","MD요청-상품","50198","세종(대-위)","위탁","26S","DXTB7A063","BKS","26","출고완료","1","1","0","1","권현정(KHJEONG)","2026-05-06","2026-05-06","2026-05-06 17:31:05","2026-05-06 17:31:05","2026-05-06 17:31:05","2026-05-07 01:03:50","X202605000364246","Y",""
"XDIST202605060004973610","MD요청-상품","10014","롯데중동","위탁","26S","DXTB7A063","BKS","34","출고완료","1","1","0","1","권현정(KHJEONG)","2026-05-06","2026-05-06","2026-05-06 17:26:09","2026-05-06 17:26:09","2026-05-06 17:26:09","2026-05-07 01:04:51","X202605000364252","Y",""
"XDIST202605070004990138","엑셀수기배분","10044","롯데구리","위탁","25S","DXRS7Q053","WHS","90","출고완료","6","6","0","0","김주형(RLAWNGUD14)","2026-05-07","2026-05-08","2026-05-08 17:49:02","2026-05-08 17:49:02","2026-05-08 17:49:02","","X202605000551372","Y",""
"XDIST202605070004990138","엑셀수기배분","10007","롯데부산","위탁","24N","DXSH3214N","OWS","245","출고완료","3","3","0","3","김주형(RLAWNGUD14)","2026-05-07","2026-05-08","2026-05-08 17:49:02","2026-05-08 17:49:02","2026-05-08 17:49:02","2026-05-09 01:01:42","X202605000551380","Y",""
"XDIST202605060004973610","MD요청-상품","50122","상주(대-위)","위탁","26S","DXTB7A063","BKS","34","출고완료","1","1","0","1","권현정(KHJEONG)","2026-05-06","2026-05-06","2026-05-06 17:27:04","2026-05-06 17:27:04","2026-05-06 17:27:04","2026-05-07 01:03:53","X202605000364261","Y",""
"XDIST202605060004973610","MD요청-상품","10067","현대울산동구","위탁","26S","DXTB7A063","BKS","34","출고완료","1","1","0","1","권현정(KHJEONG)","2026-05-06","2026-05-06","2026-05-06 17:26:09","2026-05-06 17:26:09","2026-05-06 17:26:09","2026-05-07 01:03:42","X202605000364264","Y",""
"XDIST202605060004973610","MD요청-상품","50005","여수(대-위)","위탁","26S","DXTB7A063","BKS","34","출고완료","2","2","0","2","권현정(KHJEONG)","2026-05-06","2026-05-06","2026-05-06 17:27:04","2026-05-06 17:27:04","2026-05-06 17:27:04","2026-05-07 01:04:07","X202605000364265","Y",""
"XDIST202605060004973610","MD요청-상품","50125","엔터6상봉(대-위)","위탁","26S","DXTB7A063","BKS","34","출고완료","1","1","0","1","권현정(KHJEONG)","2026-05-06","2026-05-06","2026-05-06 17:26:09","2026-05-06 17:26:09","2026-05-06 17:26:09","2026-05-07 01:05:30","X202605000364266","Y",""
"XDIST202605060004973610","MD요청-상품","10073","신세계마산","위탁","26S","DXTB7A063","BKS","34","출고완료","1","1","0","1","권현정(KHJEONG)","2026-05-06","2026-05-06","2026-05-06 17:30:16","2026-05-06 17:30:16","2026-05-06 17:30:16","2026-05-07 01:02:28","X202605000364269","Y",""
"XDIST202605060004973610","MD요청-상품","50098","울산무거(대-위)","위탁","26S","DXTB7A063","BKS","34","출고완료","1","1","0","1","권현정(KHJEONG)","2026-05-06","2026-05-06","2026-05-06 17:27:04","2026-05-06 17:27:04","2026-05-06 17:27:04","2026-05-07 01:03:41","X202605000364272","Y",""
"XDIST202605060004973610","MD요청-상품","50099","안양(대-위)","위탁","26S","DXTB7A063","BKS","34","출고완료","1","1","0","1","권현정(KHJEONG)","2026-05-06","2026-05-06","2026-05-06 17:31:05","2026-05-06 17:31:05","2026-05-06 17:31:05","2026-05-07 01:03:39","X202605000364275","Y",""
"XDIST202605060004973610","MD요청-상품","50140","에버랜드용인(대-위)","위탁","26S","DXTB7A063","BKS","34","출고완료","1","1","0","1","권현정(KHJEONG)","2026-05-06","2026-05-06","2026-05-06 17:30:16","2026-05-06 17:30:16","2026-05-06 17:30:16","2026-05-07 01:05:56","X202605000364285","Y",""
"XDIST202605060004973610","MD요청-상품","50145","성남신흥(대-위)","위탁","26S","DXTB7A063","BKS","34","출고완료","1","1","0","1","권현정(KHJEONG)","2026-05-06","2026-05-06","2026-05-06 17:31:05","2026-05-06 17:31:05","2026-05-06 17:31:05","2026-05-07 01:03:08","X202605000364289","Y",""
"XDIST202605060004973610","MD요청-상품","10045","롯데관악","위탁","26S","DXTB7A063","BKS","34","출고완료","2","2","0","2","권현정(KHJEONG)","2026-05-06","2026-05-06","2026-05-06 17:26:09","2026-05-06 17:26:09","2026-05-06 17:26:09","2026-05-07 01:04:47","X202605000364290","Y",""
"XDIST202605060004973610","MD요청-상품","10046","갤러리아센터시티","위탁","26S","DXTB7A063","BKS","34","출고완료","1","1","0","1","권현정(KHJEONG)","2026-05-06","2026-05-06","2026-05-06 17:26:09","2026-05-06 17:26:09","2026-05-06 17:26:09","2026-05-07 01:02:58","X202605000364296","Y",""
"XDIST202605060004973610","MD요청-상품","50157","충주(대-위)","위탁","26S","DXTB7A063","BKS","34","출고완료","1","1","0","1","권현정(KHJEONG)","2026-05-06","2026-05-06","2026-05-06 17:30:16","2026-05-06 17:30:16","2026-05-06 17:30:16","2026-05-07 01:04:20","X202605000364304","Y",""
"XDIST202605060004973610","MD요청-상품","10053","신세계경기","위탁","26S","DXTB7A063","BKS","34","출고완료","1","1","0","1","권현정(KHJEONG)","2026-05-06","2026-05-06","2026-05-06 17:27:04","2026-05-06 17:27:04","2026-05-06 17:27:04","2026-05-07 01:05:08","X202605000364305","Y",""
"XDIST202605060004973610","MD요청-상품","50159","용인(대-위)","위탁","26S","DXTB7A063","BKS","30","출고완료","2","2","0","2","권현정(KHJEONG)","2026-05-06","2026-05-06","2026-05-06 17:30:16","2026-05-06 17:30:16","2026-05-06 17:30:16","2026-05-07 01:02:31","X202605000364307","Y",""
"XDIST202605060004973610","MD요청-상품","10059","현대대구","위탁","26S","DXTB7A063","BKS","34","출고완료","1","1","0","1","권현정(KHJEONG)","2026-05-06","2026-05-06","2026-05-06 17:30:16","2026-05-06 17:30:16","2026-05-06 17:30:16","2026-05-07 01:03:23","X202605000364311","Y",""
"XDIST202605060004975357","엑셀수기배분","30010","롯데아울렛봉무(직)","위탁","24S","DWSW68043","BKS","95","출고완료","10","10","0","10","이훈희(LEEHH1149)","2026-05-06","2026-05-19","2026-05-19 16:09:01","2026-05-19 16:09:01","2026-05-19 16:09:01","2026-05-20 01:00:50","X202605000367548","Y",""
"XDIST202605060004975357","엑셀수기배분","30012","롯데아울렛고양(직)","위탁","24S","DMSW65043","BKS","100","출고완료","22","22","0","22","이훈희(LEEHH1149)","2026-05-06","2026-05-19","2026-05-19 16:09:01","2026-05-19 16:09:01","2026-05-19 16:09:01","2026-05-20 01:02:29","X202605000367550","Y",""
"XDIST202605060004975357","엑셀수기배분","30012","롯데아울렛고양(직)","위탁","24S","DWSW68043","BKS","95","출고완료","10","10","0","10","이훈희(LEEHH1149)","2026-05-06","2026-05-19","2026-05-19 16:09:01","2026-05-19 16:09:01","2026-05-19 16:09:01","2026-05-20 01:02:29","X202605000367550","Y",""
"XDIST202605060004975357","엑셀수기배분","30013","롯데아울렛광명(직)","위탁","24S","DMSW65043","BKS","110","출고완료","3","3","0","3","이훈희(LEEHH1149)","2026-05-06","2026-05-19","2026-05-19 16:09:01","2026-05-19 16:09:01","2026-05-19 16:09:01","2026-05-20 01:02:26","X202605000367551","Y",""
"XDIST202605060004975357","엑셀수기배분","30016","롯데아울렛동부산(직)","위탁","24S","DWSW68043","BKS","90","출고완료","15","15","0","15","이훈희(LEEHH1149)","2026-05-06","2026-05-19","2026-05-19 16:09:01","2026-05-19 16:09:01","2026-05-19 16:09:01","2026-05-20 01:00:50","X202605000367552","Y",""
"XDIST202605060004975357","엑셀수기배분","30019","롯데아울렛김해(직)","위탁","24S","DMSW65043","BKS","105","출고완료","16","16","0","16","이훈희(LEEHH1149)","2026-05-06","2026-05-19","2026-05-19 16:09:01","2026-05-19 16:09:01","2026-05-19 16:09:01","2026-05-20 01:00:50","X202605000367553","Y",""
"XDIST202605060004975357","엑셀수기배분","30019","롯데아울렛김해(직)","위탁","24S","DWSW68043","BKS","90","출고완료","15","15","0","15","이훈희(LEEHH1149)","2026-05-06","2026-05-19","2026-05-19 16:09:01","2026-05-19 16:09:01","2026-05-19 16:09:01","2026-05-20 01:00:50","X202605000367553","Y",""
"XDIST202605060004975357","엑셀수기배분","30019","롯데아울렛김해(직)","위탁","24S","DWSW68043","BKS","95","출고완료","10","10","0","10","이훈희(LEEHH1149)","2026-05-06","2026-05-19","2026-05-19 16:09:01","2026-05-19 16:09:01","2026-05-19 16:09:01","2026-05-20 01:00:50","X202605000367553","Y",""
"XDIST202605060004975357","엑셀수기배분","30020","롯데아울렛청주(직)","위탁","24S","DMSW65043","BKS","100","출고완료","22","22","0","22","이훈희(LEEHH1149)","2026-05-06","2026-05-19","2026-05-19 16:09:01","2026-05-19 16:09:01","2026-05-19 16:09:01","2026-05-20 01:00:51","X202605000367554","Y",""
"XDIST202605060004975357","엑셀수기배분","30020","롯데아울렛청주(직)","위탁","24S","DWSW68043","BKS","90","출고완료","14","14","0","14","이훈희(LEEHH1149)","2026-05-06","2026-05-19","2026-05-19 16:09:01","2026-05-19 16:09:01","2026-05-19 16:09:01","2026-05-20 01:00:51","X202605000367554","Y",""
"XDIST202605060004975357","엑셀수기배분","30022","롯데아울렛진주(직)","위탁","24S","DMSW65043","BKS","95","출고완료","3","3","0","3","이훈희(LEEHH1149)","2026-05-06","2026-05-19","2026-05-19 16:09:01","2026-05-19 16:09:01","2026-05-19 16:09:01","2026-05-20 01:00:52","X202605000367556","Y",""
"XDIST202605060004975357","엑셀수기배분","30024","롯데아울렛부여(직)","위탁","24S","DWSW68043","BKS","90","출고완료","14","14","0","14","이훈희(LEEHH1149)","2026-05-06","2026-05-19","2026-05-19 16:09:01","2026-05-19 16:09:01","2026-05-19 16:09:01","2026-05-20 01:00:50","X202605000367558","Y",""
"XDIST202605060004975357","엑셀수기배분","30024","롯데아울렛부여(직)","위탁","24S","DWSW68043","BKS","95","출고완료","10","10","0","10","이훈희(LEEHH1149)","2026-05-06","2026-05-19","2026-05-19 16:09:01","2026-05-19 16:09:01","2026-05-19 16:09:01","2026-05-20 01:00:50","X202605000367558","Y",""
"XDIST202605060004975357","엑셀수기배분","30037","롯데아울렛율하(직)","위탁","24S","DMSW65043","BKS","100","출고완료","22","22","0","22","이훈희(LEEHH1149)","2026-05-06","2026-05-19","2026-05-19 16:09:01","2026-05-19 16:09:01","2026-05-19 16:09:01","2026-05-20 01:00:50","X202605000367561","Y",""
"XDIST202605060004975357","엑셀수기배분","30053","롯데아울렛남악(직)","위탁","24S","DMSW65043","BKS","95","출고완료","3","3","0","3","이훈희(LEEHH1149)","2026-05-06","2026-05-19","2026-05-19 16:09:01","2026-05-19 16:09:01","2026-05-19 16:09:01","2026-05-20 01:00:51","X202605000367564","Y",""
"XDIST202605060004975357","엑셀수기배분","30056","롯데아울렛은평(직)","위탁","24S","DMSW65043","BKS","110","출고완료","3","3","0","3","이훈희(LEEHH1149)","2026-05-06","2026-05-19","2026-05-19 16:09:01","2026-05-19 16:09:01","2026-05-19 16:09:01","2026-05-20 15:13:01","X202605000367566","Y",""
"XDIST202605060004974321","MD요청-상품","50160","정읍(대-위)","위탁","26S","DMRS8I063","IVS","115","출고완료","1","1","0","1","권현정(KHJEONG)","2026-05-06","2026-05-06","2026-05-06 17:31:06","2026-05-06 17:31:06","2026-05-06 17:31:06","2026-05-07 01:04:30","X202605000365189","Y",""
"XDIST202605060004974321","MD요청-상품","50089","퍼스트빌리지(대-위)","위탁","26S","DMRS8I063","IVS","115","출고완료","1","1","0","1","권현정(KHJEONG)","2026-05-06","2026-05-06","2026-05-06 17:27:05","2026-05-06 17:27:05","2026-05-06 17:27:05","2026-05-07 01:02:47","X202605000365191","Y",""
"XDIST202605060004974321","MD요청-상품","50200","홍천(대-위)","위탁","26S","DMRS8I063","IVS","115","출고완료","1","1","0","1","권현정(KHJEONG)","2026-05-06","2026-05-06","2026-05-06 17:26:09","2026-05-06 17:26:09","2026-05-06 17:26:09","2026-05-07 01:03:19","X202605000365195","Y",""
"XDIST202605060004974321","MD요청-상품","50005","여수(대-위)","위탁","26S","DMRS8I063","IVS","115","출고완료","1","1","0","1","권현정(KHJEONG)","2026-05-06","2026-05-06","2026-05-06 17:27:05","2026-05-06 17:27:05","2026-05-06 17:27:05","2026-05-07 01:04:07","X202605000365197","Y",""
"XDIST202605060004974321","MD요청-상품","50126","강릉(대-위)","위탁","26S","DMRS8I063","IVS","115","출고완료","1","1","0","1","권현정(KHJEONG)","2026-05-06","2026-05-06","2026-05-06 17:31:06","2026-05-06 17:31:06","2026-05-06 17:31:06","2026-05-07 01:04:16","X202605000365198","Y",""
"XDIST202605060004974321","MD요청-상품","31006","명동점(직)","위탁","26S","DMRS8I063","IVS","115","출고완료","1","1","0","1","권현정(KHJEONG)","2026-05-06","2026-05-06","2026-05-06 17:30:17","2026-05-06 17:30:17","2026-05-06 17:30:17","2026-05-07 11:53:15","X202605000365202","Y",""
"XDIST202605060004974321","MD요청-상품","50180","동광양(대-위)","위탁","26S","DMRS8I063","IVS","115","출고완료","1","1","0","1","권현정(KHJEONG)","2026-05-06","2026-05-06","2026-05-06 17:30:17","2026-05-06 17:30:17","2026-05-06 17:30:17","2026-05-07 01:04:28","X202605000365224","Y",""
"XDIST202605060004974321","MD요청-상품","50188","논산(대-위)","위탁","26S","DMRS8I063","IVS","115","출고완료","1","1","0","1","권현정(KHJEONG)","2026-05-06","2026-05-06","2026-05-06 17:30:17","2026-05-06 17:30:17","2026-05-06 17:30:17","2026-05-07 01:04:33","X202605000365230","Y",""
"XDIST202605060004974321","MD요청-상품","50023","순천연향(대-위)","위탁","26S","DMRS8I063","IVS","115","출고완료","1","1","0","1","권현정(KHJEONG)","2026-05-06","2026-05-06","2026-05-06 17:26:10","2026-05-06 17:26:10","2026-05-06 17:26:10","2026-05-07 01:02:29","X202605000365232","Y",""
"XDIST202605060004974321","MD요청-상품","50152","부산덕천(대-위)","위탁","26S","DMRS8I063","IVS","115","출고완료","1","1","0","1","권현정(KHJEONG)","2026-05-06","2026-05-06","2026-05-06 17:31:06","2026-05-06 17:31:06","2026-05-06 17:31:06","2026-05-07 01:04:30","X202605000365248","Y",""
"XDIST202605070004991172","MD요청-상품","10003","롯데광복","위탁","25N","DXCP5015N","BLL","58","출고완료","1","1","0","1","장윤희(YHJANG)","2026-05-07","2026-05-08","2026-05-08 17:33:04","2026-05-08 17:33:04","2026-05-08 17:33:04","2026-05-09 01:01:59","X202605000554987","Y",""
"XDIST202605070004991172","MD요청-상품","10093","AK평택","위탁","25N","DXCP5015N","BLL","56","출고완료","1","1","0","1","장윤희(YHJANG)","2026-05-07","2026-05-08","2026-05-08 17:49:03","2026-05-08 17:49:03","2026-05-08 17:49:03","2026-05-09 01:03:06","X202605000554993","Y",""
"XDIST202605070004991172","MD요청-상품","10019","롯데대구","위탁","25N","DXCP5015N","BLL","58","출고완료","1","1","0","1","장윤희(YHJANG)","2026-05-07","2026-05-08","2026-05-08 17:33:04","2026-05-08 17:33:04","2026-05-08 17:33:04","2026-05-09 01:02:43","X202605000555001","Y",""
"XDIST202605070004991172","MD요청-상품","10099","NC대전유성","위탁","25N","DXCP5015N","BLL","58","출고완료","1","1","0","1","장윤희(YHJANG)","2026-05-07","2026-05-08","2026-05-08 17:33:04","2026-05-08 17:33:04","2026-05-08 17:33:04","2026-05-09 01:02:16","X202605000555010","Y",""
"XDIST202605070004991172","MD요청-상품","10063","롯데전주","위탁","25N","DXCP5015N","BLL","56","출고완료","1","1","0","1","장윤희(YHJANG)","2026-05-07","2026-05-08","2026-05-08 17:49:03","2026-05-08 17:49:03","2026-05-08 17:49:03","2026-05-09 01:03:03","X202605000555020","Y",""
"XDIST202605070004991172","MD요청-상품","50001","목포하당(대-위)","위탁","25N","DXCP5015N","BLL","58","출고완료","1","1","0","1","장윤희(YHJANG)","2026-05-07","2026-05-08","2026-05-08 17:33:04","2026-05-08 17:33:04","2026-05-08 17:33:04","2026-05-09 01:01:53","X202605000555023","Y",""
"XDIST202605070004991172","MD요청-상품","50089","퍼스트빌리지(대-위)","위탁","25N","DXCP5015N","BLL","58","출고완료","1","1","0","1","장윤희(YHJANG)","2026-05-07","2026-05-08","2026-05-08 17:49:03","2026-05-08 17:49:03","2026-05-08 17:49:03","2026-05-09 01:01:40","X202605000555024","Y",""
"XDIST202605070004991172","MD요청-상품","50125","엔터6상봉(대-위)","위탁","25N","DXCP5015N","BLL","58","출고완료","1","1","0","1","장윤희(YHJANG)","2026-05-07","2026-05-08","2026-05-08 17:49:03","2026-05-08 17:49:03","2026-05-08 17:49:03","2026-05-09 01:03:42","X202605000555031","Y",""
"XDIST202605060004974322","MD요청-상품","50191","타임테라스동탄(대-위)","위탁","26S","DMRS8I063","KAD","100","출고완료","1","1","0","1","권현정(KHJEONG)","2026-05-06","2026-05-06","2026-05-06 17:26:10","2026-05-06 17:26:10","2026-05-06 17:26:10","2026-05-07 01:03:50","X202605000365272","Y",""
"XDIST202605060004974322","MD요청-상품","30047","스타필드하남(직)","위탁","26S","DMRS8I063","KAD","100","출고완료","1","1","0","1","권현정(KHJEONG)","2026-05-06","2026-05-06","2026-05-06 17:30:17","2026-05-06 17:30:17","2026-05-06 17:30:17","2026-05-07 01:05:12","X202605000365273","Y",""
"XDIST202605060004974322","MD요청-상품","50174","구미중앙(대-위)","위탁","26S","DMRS8I063","KAD","100","출고완료","1","1","0","1","권현정(KHJEONG)","2026-05-06","2026-05-06","2026-05-06 17:30:17","2026-05-06 17:30:17","2026-05-06 17:30:17","2026-05-07 01:03:33","X202605000365275","Y",""
"XDIST202605070004991172","MD요청-상품","50135","현대시티대구(대-위)","위탁","25N","DXCP5015N","BLL","56","출고완료","1","1","0","1","장윤희(YHJANG)","2026-05-07","2026-05-08","2026-05-08 17:49:03","2026-05-08 17:49:03","2026-05-08 17:49:03","2026-05-09 01:02:41","X202605000555045","Y",""
"XDIST202605070004991172","MD요청-상품","50015","군산수송(대-위)","위탁","25N","DXCP5015N","BLL","56","출고완료","1","1","0","1","장윤희(YHJANG)","2026-05-07","2026-05-08","2026-05-08 17:33:04","2026-05-08 17:33:04","2026-05-08 17:33:04","2026-05-09 01:02:48","X202605000555050","Y",""
"XDIST202605070004991172","MD요청-상품","50138","현대시티동대문(대-위)","위탁","25N","DXCP5015N","BLL","56","출고완료","2","2","0","2","장윤희(YHJANG)","2026-05-07","2026-05-08","2026-05-08 17:49:03","2026-05-08 17:49:03","2026-05-08 17:49:03","2026-05-09 01:03:48","X202605000555053","Y",""
"XDIST202605070004991172","MD요청-상품","50149","NC불광(대-위)","위탁","25N","DXCP5015N","BLL","58","출고완료","1","1","0","1","장윤희(YHJANG)","2026-05-07","2026-05-08","2026-05-08 17:33:04","2026-05-08 17:33:04","2026-05-08 17:33:04","2026-05-09 01:03:34","X202605000555072","Y",""
"XDIST202605070004991172","MD요청-상품","10048","아이파크용산","위탁","25N","DXCP5015N","BLL","56","출고완료","1","1","0","1","장윤희(YHJANG)","2026-05-07","2026-05-08","2026-05-08 17:49:03","2026-05-08 17:49:03","2026-05-08 17:49:03","2026-05-09 01:03:23","X202605000555074","Y",""
"XDIST202605070004991172","MD요청-상품","50152","부산덕천(대-위)","위탁","25N","DXCP5015N","BLL","58","출고완료","1","1","0","1","장윤희(YHJANG)","2026-05-07","2026-05-08","2026-05-08 17:33:04","2026-05-08 17:33:04","2026-05-08 17:33:04","2026-05-09 01:01:54","X202605000555080","Y",""
"XDIST202605070004991172","MD요청-상품","10053","신세계경기","위탁","25N","DXCP5015N","BLL","58","출고완료","1","1","0","1","장윤희(YHJANG)","2026-05-07","2026-05-08","2026-05-08 17:49:03","2026-05-08 17:49:03","2026-05-08 17:49:03","2026-05-09 01:03:29","X202605000555085","Y",""
"XDIST202605040004968716","엑셀수기배분","90019","EC-온라인물류","위탁","26S","DWPT7F063","DWS","25","출고완료","15","15","0","15","박정민(PJM1003)","2026-05-04","2026-05-06","2026-05-06 17:19:01","2026-05-06 17:19:01","2026-05-06 17:19:01","2026-05-07 01:01:55","X202605000201525","Y",""
"XDIST202605040004968716","엑셀수기배분","90019","EC-온라인물류","위탁","26S","DWPT7F063","BES","27","출고완료","10","10","0","10","박정민(PJM1003)","2026-05-04","2026-05-06","2026-05-06 17:19:01","2026-05-06 17:19:01","2026-05-06 17:19:01","2026-05-07 01:01:55","X202605000201525","Y",""
"XDIST202605040004968716","엑셀수기배분","90019","EC-온라인물류","위탁","26S","DWPT7F063","BGN","26","출고완료","5","5","0","5","박정민(PJM1003)","2026-05-04","2026-05-06","2026-05-06 17:19:01","2026-05-06 17:19:01","2026-05-06 17:19:01","2026-05-07 01:01:53","X202605000201525","Y",""
"XDIST202605040004968716","엑셀수기배분","90019","EC-온라인물류","위탁","26S","DWPT7F063","BKS","26","출고완료","5","5","0","5","박정민(PJM1003)","2026-05-04","2026-05-06","2026-05-06 17:19:01","2026-05-06 17:19:01","2026-05-06 17:19:01","2026-05-07 01:01:57","X202605000201525","Y",""
"XDIST202605040004968716","엑셀수기배분","90019","EC-온라인물류","위탁","26S","DWRS94063","WHS","100","출고완료","10","10","0","10","박정민(PJM1003)","2026-05-04","2026-05-06","2026-05-06 17:19:01","2026-05-06 17:19:01","2026-05-06 17:19:01","2026-05-07 01:01:55","X202605000201526","Y",""
"XDIST202605040004968716","엑셀수기배분","90019","EC-온라인물류","위탁","26S","DWRS94063","WHS","85","출고완료","10","10","0","10","박정민(PJM1003)","2026-05-04","2026-05-06","2026-05-06 17:19:01","2026-05-06 17:19:01","2026-05-06 17:19:01","2026-05-07 01:01:57","X202605000201526","Y",""
"XDIST202605040004968716","엑셀수기배분","90019","EC-온라인물류","위탁","26S","DWSBB2063","DWS","26","출고완료","15","15","0","15","박정민(PJM1003)","2026-05-04","2026-05-06","2026-05-06 17:19:01","2026-05-06 17:19:01","2026-05-06 17:19:01","2026-05-07 01:01:57","X202605000201527","Y",""
"XDIST202605040004968716","엑셀수기배분","90019","EC-온라인물류","위탁","26S","DWWJR2063","BKS","100","출고완료","15","15","0","15","박정민(PJM1003)","2026-05-04","2026-05-06","2026-05-06 17:19:01","2026-05-06 17:19:01","2026-05-06 17:19:01","2026-05-07 01:01:53","X202605000201529","Y",""
"XDIST202605070004991172","MD요청-상품","10058","현대울산","위탁","25N","DXCP5015N","BLL","58","출고완료","1","1","0","1","장윤희(YHJANG)","2026-05-07","2026-05-08","2026-05-08 17:33:04","2026-05-08 17:33:04","2026-05-08 17:33:04","2026-05-09 01:02:22","X202605000555091","Y",""
"XDIST202605070004989715","MD요청-상품","50065","화성봉담(대-위)","위탁","25N","DXCP5025N","BKS","56","출고완료","5","5","0","5","장윤희(YHJANG)","2026-05-07","2026-05-08","2026-05-08 17:49:02","2026-05-08 17:49:02","2026-05-08 17:49:02","2026-05-09 01:01:39","X202605000549978","Y",""
"XDIST202605070004989715","MD요청-상품","50101","김포(대-위)","위탁","25N","DXCP5025N","BKS","56","출고완료","2","2","0","2","장윤희(YHJANG)","2026-05-07","2026-05-08","2026-05-08 17:49:02","2026-05-08 17:49:02","2026-05-08 17:49:02","2026-05-09 01:01:45","X202605000549984","Y",""
"XDIST202605070004989715","MD요청-상품","50207","전주평화점(대-위)","위탁","25N","DXCP5025N","BKS","58","출고완료","5","5","0","5","장윤희(YHJANG)","2026-05-07","2026-05-08","2026-05-08 17:49:02","2026-05-08 17:49:02","2026-05-08 17:49:02","2026-05-09 01:01:35","X202605000549986","Y",""
"XDIST202605060004974160","MD요청-상품","50185","모다경주(대-위)","위탁","26S","DWRS97063","IVD","95","출고완료","1","1","0","1","권현정(KHJEONG)","2026-05-06","2026-05-06","2026-05-06 17:27:04","2026-05-06 17:27:04","2026-05-06 17:27:04","2026-05-07 01:04:01","X202605000364875","Y",""
"XDIST202605070004988721","엑셀수기배분","X0015","쇼룸(기획MD)","위탁","26S","DKSZ63063","ABS","130","출고완료","1","1","0","1","김소진(SOJIN1027)","2026-05-07","2026-05-07","2026-05-08 17:29:05","2026-05-08 17:29:05","2026-05-08 17:29:05","2026-05-09 01:01:26","X202605000543367","Y",""
"XDIST202605070004990118","엑셀수기배분","10011","롯데미아","위탁","25S","DWPD34051","BKS","90","출고완료","1","1","0","0","김주형(RLAWNGUD14)","2026-05-07","2026-05-08","2026-05-08 17:33:03","2026-05-08 17:33:03","2026-05-08 17:33:03","","X202605000551332","Y",""
"XDIST202605070004990118","엑셀수기배분","10043","롯데울산","위탁","24N","DXCR3504N","BES","F","출고완료","2","2","0","2","김주형(RLAWNGUD14)","2026-05-07","2026-05-08","2026-05-08 17:49:02","2026-05-08 17:49:02","2026-05-08 17:49:02","2026-05-09 01:01:40","X202605000551334","Y",""
"XDIST202605070004990118","엑셀수기배분","10011","롯데미아","위탁","25S","DWSP7F053","DKS","25","출고완료","1","1","0","1","김주형(RLAWNGUD14)","2026-05-07","2026-05-08","2026-05-08 17:33:03","2026-05-08 17:33:03","2026-05-08 17:33:03","2026-05-09 01:03:15","X202605000551337","Y",""
"XDIST202605080004993589","엑셀수기배분","90019","EC-온라인물류","위탁","25S","DWSP7D053","BGD","28","출고완료","5","5","0","5","허새흰(HEEN1)","2026-05-08","2026-05-08","2026-05-08 17:30:04","2026-05-08 17:30:04","2026-05-08 17:30:04","2026-05-09 01:01:27","X202605000617711","Y",""
"XDIST202605080004993589","엑셀수기배분","90019","EC-온라인물류","위탁","25S","DWSP92053","BKS","25","출고완료","5","5","0","5","허새흰(HEEN1)","2026-05-08","2026-05-08","2026-05-08 17:30:04","2026-05-08 17:30:04","2026-05-08 17:30:04","2026-05-09 01:01:27","X202605000617711","Y",""
"XDIST202605070004991172","MD요청-상품","50162","영주(대-위)","위탁","25N","DXCP5015N","BLL","58","출고완료","1","1","0","1","장윤희(YHJANG)","2026-05-07","2026-05-08","2026-05-08 17:33:03","2026-05-08 17:33:03","2026-05-08 17:33:03","2026-05-09 01:02:16","X202605000554913","Y",""
"XDIST202605070004991172","MD요청-상품","50166","진영(대-위)","위탁","25N","DXCP5015N","BLL","56","출고완료","1","1","0","1","장윤희(YHJANG)","2026-05-07","2026-05-08","2026-05-08 17:33:03","2026-05-08 17:33:03","2026-05-08 17:33:03","2026-05-09 01:02:44","X202605000554917","Y",""
"XDIST202605070004991172","MD요청-상품","50168","모다김제(대-위)","위탁","25N","DXCP5015N","BLL","58","출고완료","1","1","0","1","장윤희(YHJANG)","2026-05-07","2026-05-08","2026-05-08 17:33:03","2026-05-08 17:33:03","2026-05-08 17:33:03","2026-05-09 01:02:53","X202605000554921","Y",""
"XDIST202605070004991172","MD요청-상품","50200","홍천(대-위)","위탁","25N","DXCP5015N","BLL","58","출고완료","1","1","0","1","장윤희(YHJANG)","2026-05-07","2026-05-08","2026-05-08 17:49:03","2026-05-08 17:49:03","2026-05-08 17:49:03","2026-05-09 01:03:01","X202605000554923","Y",""
"XDIST202605070004991172","MD요청-상품","50206","부산녹산(대-위)","위탁","25N","DXCP5015N","BLL","58","출고완료","1","1","0","1","장윤희(YHJANG)","2026-05-07","2026-05-08","2026-05-08 17:49:03","2026-05-08 17:49:03","2026-05-08 17:49:03","2026-05-09 01:03:09","X202605000554935","Y",""
"XDIST202605070004991172","MD요청-상품","50208","전주신도시(대-위)","위탁","25N","DXCP5015N","BLL","58","출고완료","1","1","0","1","장윤희(YHJANG)","2026-05-07","2026-05-08","2026-05-08 17:33:03","2026-05-08 17:33:03","2026-05-08 17:33:03","2026-05-09 01:02:18","X202605000554938","Y",""
"XDIST202605070004991172","MD요청-상품","10039","AK원주","위탁","25N","DXCP5015N","BLL","58","출고완료","1","1","0","1","장윤희(YHJANG)","2026-05-07","2026-05-08","2026-05-08 17:49:03","2026-05-08 17:49:03","2026-05-08 17:49:03","2026-05-09 01:02:14","X202605000554940","Y",""
"XDIST202605070004991172","MD요청-상품","50174","구미중앙(대-위)","위탁","25N","DXCP5015N","BLL","58","출고완료","1","1","0","1","장윤희(YHJANG)","2026-05-07","2026-05-08","2026-05-08 17:33:03","2026-05-08 17:33:03","2026-05-08 17:33:03","2026-05-09 01:02:37","X202605000554945","Y",""
"XDIST202605070004991172","MD요청-상품","10033","현대중동","위탁","25N","DXCP5015N","BLL","58","출고완료","1","1","0","1","장윤희(YHJANG)","2026-05-07","2026-05-08","2026-05-08 17:49:03","2026-05-08 17:49:03","2026-05-08 17:49:03","2026-05-09 01:03:22","X202605000554955","Y",""
"XDIST202605070004991172","MD요청-상품","50182","금왕(대-위)","위탁","25N","DXCP5015N","BLL","56","출고완료","1","1","0","1","장윤희(YHJANG)","2026-05-07","2026-05-08","2026-05-08 17:33:03","2026-05-08 17:33:03","2026-05-08 17:33:03","2026-05-09 01:01:52","X202605000554963","Y",""
"XDIST202605070004991172","MD요청-상품","50189","양산(대-위)","위탁","25N","DXCP5015N","BLL","56","출고완료","1","1","0","1","장윤희(YHJANG)","2026-05-07","2026-05-08","2026-05-08 17:33:04","2026-05-08 17:33:04","2026-05-08 17:33:04","2026-05-09 01:02:54","X202605000554982","Y",""
"XDIST202605060004981672","엑셀수기배분","30024","롯데아울렛부여(직)","위탁","24S","DMPT7A043","BKS","32","출고완료","4","4","0","4","이훈희(LEEHH1149)","2026-05-06","2026-05-07","2026-05-07 17:07:01","2026-05-07 17:07:01","2026-05-07 17:07:01","2026-05-08 01:02:48","X202605000399036","Y",""
"XDIST202605060004981672","엑셀수기배분","30024","롯데아울렛부여(직)","위탁","24S","DMPT7A043","BKS","34","출고완료","3","3","0","3","이훈희(LEEHH1149)","2026-05-06","2026-05-07","2026-05-07 17:07:01","2026-05-07 17:07:01","2026-05-07 17:07:01","2026-05-08 01:02:48","X202605000399036","Y",""
"XDIST202605060004981672","엑셀수기배분","30024","롯데아울렛부여(직)","위탁","24S","DMPT7C043","GRD","32","출고완료","3","3","0","3","이훈희(LEEHH1149)","2026-05-06","2026-05-07","2026-05-07 17:07:01","2026-05-07 17:07:01","2026-05-07 17:07:01","2026-05-08 01:02:53","X202605000399036","Y",""
"XDIST202605060004981672","엑셀수기배분","30024","롯데아울렛부여(직)","위탁","24S","DMTB61043","INS","36","출고완료","2","2","0","2","이훈희(LEEHH1149)","2026-05-06","2026-05-07","2026-05-07 17:07:01","2026-05-07 17:07:01","2026-05-07 17:07:01","2026-05-08 01:02:32","X202605000399037","Y",""
"XDIST202605060004981672","엑셀수기배분","30024","롯데아울렛부여(직)","위탁","24S","DMTR51043","CRD","105","출고완료","3","3","0","3","이훈희(LEEHH1149)","2026-05-06","2026-05-07","2026-05-07 17:07:02","2026-05-07 17:07:02","2026-05-07 17:07:02","2026-05-08 01:02:48","X202605000399039","Y",""
"XDIST202605060004981672","엑셀수기배분","30024","롯데아울렛부여(직)","위탁","24S","DMTR51043","GNS","95","출고완료","2","2","0","2","이훈희(LEEHH1149)","2026-05-06","2026-05-07","2026-05-07 17:07:02","2026-05-07 17:07:02","2026-05-07 17:07:02","2026-05-08 01:02:48","X202605000399039","Y",""
"XDIST202605060004981672","엑셀수기배분","30024","롯데아울렛부여(직)","위탁","24S","DMTR61043","INS","95","출고완료","2","2","0","2","이훈희(LEEHH1149)","2026-05-06","2026-05-07","2026-05-07 17:07:02","2026-05-07 17:07:02","2026-05-07 17:07:02","2026-05-08 01:02:16","X202605000399039","Y",""
"XDIST202605060004981672","엑셀수기배분","30024","롯데아울렛부여(직)","위탁","24S","DMTR78043","BKS","105","출고완료","3","3","0","3","이훈희(LEEHH1149)","2026-05-06","2026-05-07","2026-05-07 17:07:02","2026-05-07 17:07:02","2026-05-07 17:07:02","2026-05-08 01:02:15","X202605000399039","Y",""
"XDIST202605060004981672","엑셀수기배분","30024","롯데아울렛부여(직)","위탁","24S","DWTR52043","BKS","90","출고완료","2","2","0","2","이훈희(LEEHH1149)","2026-05-06","2026-05-07","2026-05-07 17:07:02","2026-05-07 17:07:02","2026-05-07 17:07:02","2026-05-08 01:02:37","X202605000399039","Y",""
"XDIST202605060004981672","엑셀수기배분","30024","롯데아울렛부여(직)","위탁","24S","DXTR76043","BRD","115","출고완료","2","2","0","2","이훈희(LEEHH1149)","2026-05-06","2026-05-07","2026-05-07 17:07:02","2026-05-07 17:07:02","2026-05-07 17:07:02","2026-05-08 01:02:53","X202605000399039","Y",""
"XDIST202605060004981672","엑셀수기배분","30024","롯데아울렛부여(직)","위탁","24S","DMTS55043","WHS","105","출고완료","2","2","0","2","이훈희(LEEHH1149)","2026-05-06","2026-05-07","2026-05-07 17:07:02","2026-05-07 17:07:02","2026-05-07 17:07:02","2026-05-08 01:02:12","X202605000399040","Y",""
"XDIST202605060004981672","엑셀수기배분","30024","롯데아울렛부여(직)","위탁","24S","DMTS55043","WHS","95","출고완료","3","3","0","3","이훈희(LEEHH1149)","2026-05-06","2026-05-07","2026-05-07 17:07:02","2026-05-07 17:07:02","2026-05-07 17:07:02","2026-05-08 01:02:12","X202605000399040","Y",""
"XDIST202605060004981672","엑셀수기배분","30024","롯데아울렛부여(직)","위탁","24S","DMTSG3043","CRS","110","출고완료","3","3","0","3","이훈희(LEEHH1149)","2026-05-06","2026-05-07","2026-05-07 17:07:02","2026-05-07 17:07:02","2026-05-07 17:07:02","2026-05-08 01:02:15","X202605000399040","Y",""
"XDIST202605060004981672","엑셀수기배분","30024","롯데아울렛부여(직)","위탁","24S","DMTSGU043","CBL","110","출고완료","2","2","0","2","이훈희(LEEHH1149)","2026-05-06","2026-05-07","2026-05-07 17:07:02","2026-05-07 17:07:02","2026-05-07 17:07:02","2026-05-08 01:02:17","X202605000399040","Y",""
"XDIST202605060004981672","엑셀수기배분","30024","롯데아울렛부여(직)","위탁","24S","DMWJ61043","BKS","105","출고완료","4","4","0","4","이훈희(LEEHH1149)","2026-05-06","2026-05-07","2026-05-07 17:07:02","2026-05-07 17:07:02","2026-05-07 17:07:02","2026-05-08 01:02:16","X202605000399041","Y",""
"XDIST202605060004981672","엑셀수기배분","30024","롯데아울렛부여(직)","위탁","24S","DMWJ61043","CBD","110","출고완료","2","2","0","2","이훈희(LEEHH1149)","2026-05-06","2026-05-07","2026-05-07 17:07:02","2026-05-07 17:07:02","2026-05-07 17:07:02","2026-05-08 01:02:17","X202605000399041","Y",""
"XDIST202605060004981672","엑셀수기배분","30024","롯데아울렛부여(직)","위탁","24S","DWWJ62043","BKS","100","출고완료","3","3","0","3","이훈희(LEEHH1149)","2026-05-06","2026-05-07","2026-05-07 17:07:02","2026-05-07 17:07:02","2026-05-07 17:07:02","2026-05-08 01:02:16","X202605000399041","Y",""
"XDIST202605060004981672","엑셀수기배분","30024","롯데아울렛부여(직)","위탁","24S","DWWJ95043","BKS","95","출고완료","10","10","0","10","이훈희(LEEHH1149)","2026-05-06","2026-05-07","2026-05-07 17:07:02","2026-05-07 17:07:02","2026-05-07 17:07:02","2026-05-08 01:02:15","X202605000399041","Y",""
"XDIST202605060004981672","엑셀수기배분","30024","롯데아울렛부여(직)","위탁","24S","DWWJ95043","NYD","95","출고완료","10","10","0","10","이훈희(LEEHH1149)","2026-05-06","2026-05-07","2026-05-07 17:07:02","2026-05-07 17:07:02","2026-05-07 17:07:02","2026-05-08 01:02:17","X202605000399041","Y",""
"XDIST202605060004981672","엑셀수기배분","30024","롯데아울렛부여(직)","위탁","24S","DXRS6A043","CBL","110","출고완료","3","3","0","3","이훈희(LEEHH1149)","2026-05-06","2026-05-07","2026-05-07 17:07:02","2026-05-07 17:07:02","2026-05-07 17:07:02","2026-05-08 01:02:41","X202605000399042","Y",""
"XDIST202605060004981672","엑셀수기배분","30024","롯데아울렛부여(직)","위탁","24S","DXRS7G043","ORD","90","출고완료","2","2","0","2","이훈희(LEEHH1149)","2026-05-06","2026-05-07","2026-05-07 17:07:02","2026-05-07 17:07:02","2026-05-07 17:07:02","2026-05-08 01:02:41","X202605000399042","Y",""
"XDIST202605060004981672","엑셀수기배분","30024","롯데아울렛부여(직)","위탁","24S","DXRS7K043","BLL","105","출고완료","3","3","0","3","이훈희(LEEHH1149)","2026-05-06","2026-05-07","2026-05-07 17:07:02","2026-05-07 17:07:02","2026-05-07 17:07:02","2026-05-08 01:02:15","X202605000399042","Y",""
"XDIST202605070004990173","MD요청-상품","50144","당진(대-위)","위탁","25N","DXCP5025N","GRD","58","출고완료","2","2","0","2","장윤희(YHJANG)","2026-05-07","2026-05-08","2026-05-08 17:49:02","2026-05-08 17:49:02","2026-05-08 17:49:02","2026-05-09 01:02:23","X202605000551559","Y",""
"XDIST202605060004974318","MD요청-상품","50064","포천송우(대-위)","위탁","26S","DWRS9N063","CRS","90","출고완료","1","1","0","1","권현정(KHJEONG)","2026-05-06","2026-05-06","2026-05-06 17:26:09","2026-05-06 17:26:09","2026-05-06 17:26:09","2026-05-07 01:03:41","X202605000365171","Y",""
"XDIST202605060004974318","MD요청-상품","50053","전주송천(대-위)","위탁","26S","DWRS9N063","CRS","95","출고완료","1","1","0","1","권현정(KHJEONG)","2026-05-06","2026-05-06","2026-05-06 17:26:09","2026-05-06 17:26:09","2026-05-06 17:26:09","2026-05-07 01:03:12","X202605000365172","Y",""
"XDIST202605070004991710","MD요청-상품","50140","에버랜드용인(대-위)","위탁","25N","DXCP6015N","WHS","60","출고완료","2","2","0","2","장윤희(YHJANG)","2026-05-07","2026-05-08","2026-05-08 17:33:05","2026-05-08 17:33:05","2026-05-08 17:33:05","2026-05-08 19:53:00","X202605000556541","Y",""
"XDIST202605070004991710","MD요청-상품","50210","해남(대-위)","위탁","25N","DXCP6015N","WHS","56","출고완료","3","3","0","3","장윤희(YHJANG)","2026-05-07","2026-05-08","2026-05-08 17:49:04","2026-05-08 17:49:04","2026-05-08 17:49:04","2026-05-09 01:02:50","X202605000556544","Y",""
"XDIST202605070004991710","MD요청-상품","50058","모다대전(대-위)","위탁","25N","DXCP6015N","WHS","60","출고완료","2","2","0","2","장윤희(YHJANG)","2026-05-07","2026-05-08","2026-05-08 17:49:04","2026-05-08 17:49:04","2026-05-08 17:49:04","2026-05-09 01:03:04","X202605000556546","Y",""
"XDIST202605070004991545","MD요청-상품","10030","롯데센텀","위탁","25N","DXCP5015N","LVS","56","출고완료","1","1","0","1","장윤희(YHJANG)","2026-05-07","2026-05-08","2026-05-08 17:49:03","2026-05-08 17:49:03","2026-05-08 17:49:03","2026-05-09 01:02:25","X202605000555832","Y",""
"XDIST202605070004991545","MD요청-상품","50069","신포(대-위)","위탁","25N","DXCP5015N","LVS","56","출고완료","1","1","0","1","장윤희(YHJANG)","2026-05-07","2026-05-08","2026-05-08 17:49:03","2026-05-08 17:49:03","2026-05-08 17:49:03","2026-05-09 01:03:54","X202605000555860","Y",""
"XDIST202605070004991545","MD요청-상품","50077","서수원(대-위)","위탁","25N","DXCP5015N","LVS","58","출고완료","1","1","0","1","장윤희(YHJANG)","2026-05-07","2026-05-08","2026-05-08 17:49:03","2026-05-08 17:49:03","2026-05-08 17:49:03","2026-05-09 01:02:18","X202605000555875","Y",""
"XDIST202605070004991639","MD요청-상품","50166","진영(대-위)","위탁","25N","DXCP5015N","ORS","56","출고완료","1","1","0","1","장윤희(YHJANG)","2026-05-07","2026-05-08","2026-05-08 17:33:04","2026-05-08 17:33:04","2026-05-08 17:33:04","2026-05-09 01:02:44","X202605000556239","Y",""
"XDIST202605070004991639","MD요청-상품","31006","명동점(직)","위탁","25N","DXCP5015N","ORS","56","출고완료","1","1","0","1","장윤희(YHJANG)","2026-05-07","2026-05-08","2026-05-08 17:33:04","2026-05-08 17:33:04","2026-05-08 17:33:04","2026-05-09 13:23:02","X202605000556247","Y",""
"XDIST202605070004991639","MD요청-상품","31006","명동점(직)","위탁","25N","DXCP5015N","ORS","58","출고완료","1","1","0","1","장윤희(YHJANG)","2026-05-07","2026-05-08","2026-05-08 17:33:04","2026-05-08 17:33:04","2026-05-08 17:33:04","2026-05-09 13:23:00","X202605000556247","Y",""
"XDIST202605070004991639","MD요청-상품","10026","롯데김포","위탁","25N","DXCP5015N","ORS","56","출고완료","1","1","0","1","장윤희(YHJANG)","2026-05-07","2026-05-08","2026-05-08 17:49:03","2026-05-08 17:49:03","2026-05-08 17:49:03","2026-05-09 01:03:18","X202605000556251","Y",""
"XDIST202605070004991639","MD요청-상품","50172","안성(대-위)","위탁","25N","DXCP5015N","ORS","56","출고완료","1","1","0","1","장윤희(YHJANG)","2026-05-07","2026-05-08","2026-05-08 17:33:04","2026-05-08 17:33:04","2026-05-08 17:33:04","2026-05-09 01:02:28","X202605000556254","Y",""
"XDIST202605070004991639","MD요청-상품","50175","공주(대-위)","위탁","25N","DXCP5015N","ORS","56","출고완료","1","1","0","1","장윤희(YHJANG)","2026-05-07","2026-05-08","2026-05-08 17:33:04","2026-05-08 17:33:04","2026-05-08 17:33:04","2026-05-09 01:02:33","X202605000556255","Y",""
"XDIST202605070004991639","MD요청-상품","50059","신제주(대-위)","위탁","25N","DXCP5015N","ORS","58","출고완료","2","2","0","2","장윤희(YHJANG)","2026-05-07","2026-05-08","2026-05-08 17:33:04","2026-05-08 17:33:04","2026-05-08 17:33:04","2026-05-09 01:02:03","X202605000556265","Y",""
"XDIST202605070004991639","MD요청-상품","10009","현대신촌","위탁","25N","DXCP5015N","ORS","56","출고완료","1","1","0","1","장윤희(YHJANG)","2026-05-07","2026-05-08","2026-05-08 17:49:03","2026-05-08 17:49:03","2026-05-08 17:49:03","2026-05-09 01:03:21","X202605000556271","Y",""
"XDIST202605070004991639","MD요청-상품","50188","논산(대-위)","위탁","25N","DXCP5015N","ORS","56","출고완료","1","1","0","1","장윤희(YHJANG)","2026-05-07","2026-05-08","2026-05-08 17:33:04","2026-05-08 17:33:04","2026-05-08 17:33:04","2026-05-09 01:02:17","X202605000556277","Y",""
"XDIST202605070004991639","MD요청-상품","10087","롯데인천","위탁","25N","DXCP5015N","ORS","56","출고완료","1","1","0","1","장윤희(YHJANG)","2026-05-07","2026-05-08","2026-05-08 17:49:03","2026-05-08 17:49:03","2026-05-08 17:49:03","2026-05-09 01:03:52","X202605000556278","Y",""
"XDIST202605070004991639","MD요청-상품","10004","롯데영등포","위탁","25N","DXCP5015N","ORS","56","출고완료","1","1","0","1","장윤희(YHJANG)","2026-05-07","2026-05-08","2026-05-08 17:49:03","2026-05-08 17:49:03","2026-05-08 17:49:03","2026-05-09 01:03:12","X202605000556285","Y",""
"XDIST202605040004958986","엑셀수기배분","11023","K_신세계마산","위탁","26S","DKTB16063","SBL","130","출고완료","1","1","0","1","김소진(SOJIN1027)","2026-05-04","2026-05-04","2026-05-04 18:58:14","2026-05-04 18:58:14","2026-05-04 18:58:14","2026-05-05 01:05:47","X202605000175456","Y",""
"XDIST202605040004958986","엑셀수기배분","11024","K_롯데잠실","위탁","26S","DKTB16063","SBL","130","출고완료","1","1","0","1","김소진(SOJIN1027)","2026-05-04","2026-05-04","2026-05-04 18:59:02","2026-05-04 18:59:02","2026-05-04 18:59:02","2026-05-05 08:33:00","X202605000175459","Y",""
"XDIST202605040004958986","엑셀수기배분","11024","K_롯데잠실","위탁","26S","DKTB16063","SBL","140","출고완료","1","1","0","1","김소진(SOJIN1027)","2026-05-04","2026-05-04","2026-05-04 18:59:02","2026-05-04 18:59:02","2026-05-04 18:59:02","2026-05-05 08:33:00","X202605000175459","Y",""
"XDIST202605040004958986","엑셀수기배분","50053","전주송천(대-위)","위탁","26S","DKRS94063","IND","140","출고완료","1","1","0","1","김소진(SOJIN1027)","2026-05-04","2026-05-04","2026-05-04 18:58:14","2026-05-04 18:58:14","2026-05-04 18:58:14","2026-05-05 01:06:34","X202605000175467","Y",""
"XDIST202605040004958986","엑셀수기배분","50181","경산(대-위)","위탁","26S","DKAZ22063","WHS","150","출고완료","1","1","0","1","김소진(SOJIN1027)","2026-05-04","2026-05-04","2026-05-04 18:35:16","2026-05-04 18:35:16","2026-05-04 18:35:16","2026-05-05 01:05:45","X202605000175471","Y",""
"XDIST202605040004958986","엑셀수기배분","50181","경산(대-위)","위탁","26S","DKPT15063","BKS","160","출고완료","1","1","0","1","김소진(SOJIN1027)","2026-05-04","2026-05-04","2026-05-04 18:35:16","2026-05-04 18:35:16","2026-05-04 18:35:16","2026-05-05 01:06:49","X202605000175473","Y",""
"XDIST202605040004958986","엑셀수기배분","50181","경산(대-위)","위탁","26S","DKRS77063","PPS","140","출고완료","1","1","0","1","김소진(SOJIN1027)","2026-05-04","2026-05-04","2026-05-04 18:35:16","2026-05-04 18:35:16","2026-05-04 18:35:16","2026-05-05 01:04:49","X202605000175474","Y",""
"XDIST202605040004958986","엑셀수기배분","50181","경산(대-위)","위탁","26S","DKRS83063","LDN","130","출고완료","1","1","0","1","김소진(SOJIN1027)","2026-05-04","2026-05-04","2026-05-04 18:35:16","2026-05-04 18:35:16","2026-05-04 18:35:16","2026-05-05 01:06:49","X202605000175474","Y",""
"XDIST202605040004958986","엑셀수기배분","50181","경산(대-위)","위탁","26S","DKTR21063","BKS","160","출고완료","1","1","0","1","김소진(SOJIN1027)","2026-05-04","2026-05-04","2026-05-04 18:35:16","2026-05-04 18:35:16","2026-05-04 18:35:16","2026-05-05 01:06:49","X202605000175476","Y",""
"XDIST202605070004991545","MD요청-상품","10015","롯데포항","위탁","25N","DXCP5015N","LVS","56","출고완료","1","1","0","1","장윤희(YHJANG)","2026-05-07","2026-05-08","2026-05-08 17:49:03","2026-05-08 17:49:03","2026-05-08 17:49:03","2026-05-09 01:02:28","X202605000555883","Y",""
"XDIST202605070004991545","MD요청-상품","10063","롯데전주","위탁","25N","DXCP5015N","LVS","56","출고완료","1","1","0","1","장윤희(YHJANG)","2026-05-07","2026-05-08","2026-05-08 17:49:03","2026-05-08 17:49:03","2026-05-08 17:49:03","2026-05-09 01:03:03","X202605000555884","Y",""
"XDIST202605070004991545","MD요청-상품","50126","강릉(대-위)","위탁","25N","DXCP5015N","LVS","58","출고완료","1","1","0","1","장윤희(YHJANG)","2026-05-07","2026-05-08","2026-05-08 17:33:04","2026-05-08 17:33:04","2026-05-08 17:33:04","2026-05-09 01:01:53","X202605000555888","Y",""
"XDIST202605070004991545","MD요청-상품","50098","울산무거(대-위)","위탁","25N","DXCP5015N","LVS","58","출고완료","1","1","0","1","장윤희(YHJANG)","2026-05-07","2026-05-08","2026-05-08 17:49:03","2026-05-08 17:49:03","2026-05-08 17:49:03","2026-05-09 01:03:02","X202605000555897","Y",""
"XDIST202605070004991545","MD요청-상품","50098","울산무거(대-위)","위탁","25N","DXCP5015N","LVS","56","출고완료","1","1","0","1","장윤희(YHJANG)","2026-05-07","2026-05-08","2026-05-08 17:49:03","2026-05-08 17:49:03","2026-05-08 17:49:03","2026-05-09 01:03:02","X202605000555897","Y",""
"XDIST202605070004991545","MD요청-상품","50135","현대시티대구(대-위)","위탁","25N","DXCP5015N","LVS","56","출고완료","1","1","0","1","장윤희(YHJANG)","2026-05-07","2026-05-08","2026-05-08 17:49:03","2026-05-08 17:49:03","2026-05-08 17:49:03","2026-05-09 01:02:41","X202605000555899","Y",""
"XDIST202605070004991545","MD요청-상품","10076","현대미아","위탁","25N","DXCP5015N","LVS","56","출고완료","1","1","0","1","장윤희(YHJANG)","2026-05-07","2026-05-08","2026-05-08 17:49:03","2026-05-08 17:49:03","2026-05-08 17:49:03","2026-05-09 01:03:23","X202605000555900","Y",""
"XDIST202605070004991545","MD요청-상품","50015","군산수송(대-위)","위탁","25N","DXCP5015N","LVS","56","출고완료","1","1","0","1","장윤희(YHJANG)","2026-05-07","2026-05-08","2026-05-08 17:33:04","2026-05-08 17:33:04","2026-05-08 17:33:04","2026-05-09 01:02:48","X202605000555903","Y",""
"XDIST202605070004991545","MD요청-상품","10056","갤러리아진주","위탁","25N","DXCP5015N","LVS","56","출고완료","1","1","0","1","장윤희(YHJANG)","2026-05-07","2026-05-08","2026-05-08 17:33:04","2026-05-08 17:33:04","2026-05-08 17:33:04","2026-05-09 01:02:21","X202605000555928","Y",""
"XDIST202605070004991639","MD요청-상품","50193","화순(대-위)","위탁","25N","DXCP5015N","ORS","56","출고완료","1","1","0","1","장윤희(YHJANG)","2026-05-07","2026-05-08","2026-05-08 17:33:04","2026-05-08 17:33:04","2026-05-08 17:33:04","2026-05-09 01:02:15","X202605000556291","Y",""
"XDIST202605070004991639","MD요청-상품","10018","롯데잠실","위탁","25N","DXCP5015N","ORS","58","출고완료","1","1","0","1","장윤희(YHJANG)","2026-05-07","2026-05-08","2026-05-08 17:49:03","2026-05-08 17:49:03","2026-05-08 17:49:03","2026-05-09 01:03:11","X202605000556292","Y",""
"XDIST202605070004991639","MD요청-상품","50074","모다인천(대-위)","위탁","25N","DXCP5015N","ORS","58","출고완료","1","1","0","1","장윤희(YHJANG)","2026-05-07","2026-05-08","2026-05-08 17:49:03","2026-05-08 17:49:03","2026-05-08 17:49:03","2026-05-09 01:01:38","X202605000556293","Y",""
"XDIST202605070004991639","MD요청-상품","50118","서산(대-위)","위탁","25N","DXCP5015N","ORS","56","출고완료","1","1","0","1","장윤희(YHJANG)","2026-05-07","2026-05-08","2026-05-08 17:49:03","2026-05-08 17:49:03","2026-05-08 17:49:03","2026-05-09 01:01:35","X202605000556304","Y",""
"XDIST202605070004991639","MD요청-상품","50118","서산(대-위)","위탁","25N","DXCP5015N","ORS","58","출고완료","1","1","0","1","장윤희(YHJANG)","2026-05-07","2026-05-08","2026-05-08 17:49:03","2026-05-08 17:49:03","2026-05-08 17:49:03","2026-05-09 01:01:35","X202605000556304","Y",""
"XDIST202605070004991639","MD요청-상품","50120","춘천(대-위)","위탁","25N","DXCP5015N","ORS","56","출고완료","1","1","0","1","장윤희(YHJANG)","2026-05-07","2026-05-08","2026-05-08 17:49:03","2026-05-08 17:49:03","2026-05-08 17:49:03","2026-05-09 01:01:34","X202605000556307","Y",""
"XDIST202605070004991639","MD요청-상품","50001","목포하당(대-위)","위탁","25N","DXCP5015N","ORS","58","출고완료","1","1","0","1","장윤희(YHJANG)","2026-05-07","2026-05-08","2026-05-08 17:33:04","2026-05-08 17:33:04","2026-05-08 17:33:04","2026-05-09 01:01:53","X202605000556309","Y",""
"XDIST202605070004991639","MD요청-상품","50125","엔터6상봉(대-위)","위탁","25N","DXCP5015N","ORS","56","출고완료","1","1","0","1","장윤희(YHJANG)","2026-05-07","2026-05-08","2026-05-08 17:49:03","2026-05-08 17:49:03","2026-05-08 17:49:03","2026-05-09 01:03:42","X202605000556315","Y",""
"XDIST202605070004991639","MD요청-상품","50019","경주(대-위)","위탁","25N","DXCP5015N","ORS","56","출고완료","1","1","0","1","장윤희(YHJANG)","2026-05-07","2026-05-08","2026-05-08 17:49:03","2026-05-08 17:49:03","2026-05-08 17:49:03","2026-05-09 01:02:20","X202605000556328","Y",""
"XDIST202605070004991639","MD요청-상품","30052","스타필드수원(직)","위탁","25N","DXCP5015N","ORS","58","출고완료","1","1","0","1","장윤희(YHJANG)","2026-05-07","2026-05-08","2026-05-08 17:49:03","2026-05-08 17:49:03","2026-05-08 17:49:03","2026-05-09 01:03:30","X202605000556330","Y",""
"XDIST202605080004993823","엑셀수기배분","90019","EC-온라인물류","위탁","26N","DXSH7346N","BLS","230","출고완료","10","10","0","10","박정민(PJM1003)","2026-05-08","2026-05-08","2026-05-08 17:30:04","2026-05-08 17:30:04","2026-05-08 17:30:04","2026-05-09 01:01:34","X202605000618977","Y",""
"XDIST202605080004993592","엑셀수기배분","30028","광주상무(직)","위탁","25S","DKRS51053","BKS","160","출고완료","2","2","0","2","김주형(RLAWNGUD14)","2026-05-08","2026-05-08","2026-05-08 17:46:01","2026-05-08 17:46:01","2026-05-08 17:46:01","2026-05-09 01:02:09","X202605000617763","Y",""
"XDIST202605080004993592","엑셀수기배분","30028","광주상무(직)","위탁","25S","DKRS61053","BKS","160","출고완료","2","2","0","2","김주형(RLAWNGUD14)","2026-05-08","2026-05-08","2026-05-08 17:46:01","2026-05-08 17:46:01","2026-05-08 17:46:01","2026-05-09 01:01:56","X202605000617763","Y",""
"XDIST202605080004993592","엑셀수기배분","30028","광주상무(직)","위탁","25S","DKTB73053","BKS","160","출고완료","2","2","0","2","김주형(RLAWNGUD14)","2026-05-08","2026-05-08","2026-05-08 17:46:01","2026-05-08 17:46:01","2026-05-08 17:46:01","2026-05-09 01:01:56","X202605000617764","Y",""
"XDIST202605080004993592","엑셀수기배분","30028","광주상무(직)","위탁","25S","DKTB73053","NBD","130","출고완료","2","2","0","2","김주형(RLAWNGUD14)","2026-05-08","2026-05-08","2026-05-08 17:46:01","2026-05-08 17:46:01","2026-05-08 17:46:01","2026-05-09 01:02:09","X202605000617764","Y",""
"XDIST202605080004993592","엑셀수기배분","30028","광주상무(직)","위탁","25S","DKTB75053","BKS","150","출고완료","2","2","0","2","김주형(RLAWNGUD14)","2026-05-08","2026-05-08","2026-05-08 17:46:01","2026-05-08 17:46:01","2026-05-08 17:46:01","2026-05-09 01:02:09","X202605000617764","Y",""
"XDIST202605080004993592","엑셀수기배분","30028","광주상무(직)","위탁","25S","DMRS81053","MTL","100","출고완료","2","2","0","2","김주형(RLAWNGUD14)","2026-05-08","2026-05-08","2026-05-08 17:46:01","2026-05-08 17:46:01","2026-05-08 17:46:01","2026-05-09 01:01:52","X202605000617765","Y",""
"XDIST202605080004993592","엑셀수기배분","30028","광주상무(직)","위탁","25S","DMRS85053","GRD","95","출고완료","2","2","0","2","김주형(RLAWNGUD14)","2026-05-08","2026-05-08","2026-05-08 17:46:01","2026-05-08 17:46:01","2026-05-08 17:46:01","2026-05-09 01:01:56","X202605000617765","Y",""
"XDIST202605080004993592","엑셀수기배분","30028","광주상무(직)","위탁","25S","DMRS85053","GRD","110","출고완료","1","1","0","1","김주형(RLAWNGUD14)","2026-05-08","2026-05-08","2026-05-08 17:46:01","2026-05-08 17:46:01","2026-05-08 17:46:01","2026-05-09 01:01:54","X202605000617765","Y",""
"XDIST202605080004993592","엑셀수기배분","30028","광주상무(직)","위탁","25S","DMRS85053","LKS","95","출고완료","1","1","0","1","김주형(RLAWNGUD14)","2026-05-08","2026-05-08","2026-05-08 17:46:01","2026-05-08 17:46:01","2026-05-08 17:46:01","2026-05-09 01:01:56","X202605000617765","Y",""
"XDIST202605080004993592","엑셀수기배분","30028","광주상무(직)","위탁","25S","DMRS8W053","KAD","100","출고완료","1","1","0","1","김주형(RLAWNGUD14)","2026-05-08","2026-05-08","2026-05-08 17:46:01","2026-05-08 17:46:01","2026-05-08 17:46:01","2026-05-09 01:01:54","X202605000617765","Y",""
"XDIST202605080004993592","엑셀수기배분","30028","광주상무(직)","위탁","25S","DWRS64053","BKS","100","출고완료","2","2","0","2","김주형(RLAWNGUD14)","2026-05-08","2026-05-08","2026-05-08 17:46:01","2026-05-08 17:46:01","2026-05-08 17:46:01","2026-05-09 01:01:43","X202605000617765","Y",""
"XDIST202605080004993592","엑셀수기배분","30028","광주상무(직)","위탁","25S","DWRS9A053","IVD","90","출고완료","1","1","0","1","김주형(RLAWNGUD14)","2026-05-08","2026-05-08","2026-05-08 17:46:01","2026-05-08 17:46:01","2026-05-08 17:46:01","2026-05-09 01:01:43","X202605000617765","Y",""
"XDIST202605080004993592","엑셀수기배분","30028","광주상무(직)","위탁","25S","DXRS8R053","MTL","100","출고완료","2","2","0","2","김주형(RLAWNGUD14)","2026-05-08","2026-05-08","2026-05-08 17:46:01","2026-05-08 17:46:01","2026-05-08 17:46:01","2026-05-09 01:01:43","X202605000617765","Y",""
"XDIST202605080004993592","엑셀수기배분","30028","광주상무(직)","위탁","25S","DXRS8R053","WHS","95","출고완료","2","2","0","2","김주형(RLAWNGUD14)","2026-05-08","2026-05-08","2026-05-08 17:46:01","2026-05-08 17:46:01","2026-05-08 17:46:01","2026-05-09 01:01:47","X202605000617765","Y",""
"XDIST202605080004993592","엑셀수기배분","30028","광주상무(직)","위탁","25S","DXRS8T053","WHS","95","출고완료","2","2","0","2","김주형(RLAWNGUD14)","2026-05-08","2026-05-08","2026-05-08 17:46:01","2026-05-08 17:46:01","2026-05-08 17:46:01","2026-05-09 01:01:43","X202605000617765","Y",""
"XDIST202605080004993592","엑셀수기배분","30028","광주상무(직)","위탁","25S","DMRS6A053","BKS","100","출고완료","2","2","0","2","김주형(RLAWNGUD14)","2026-05-08","2026-05-08","2026-05-08 17:46:01","2026-05-08 17:46:01","2026-05-08 17:46:01","2026-05-09 01:01:43","X202605000617765","Y",""
"XDIST202605080004993592","엑셀수기배분","30028","광주상무(직)","위탁","25S","DMRS6H053","BKS","100","출고완료","2","2","0","2","김주형(RLAWNGUD14)","2026-05-08","2026-05-08","2026-05-08 17:46:01","2026-05-08 17:46:01","2026-05-08 17:46:01","2026-05-09 01:01:46","X202605000617765","Y",""
"XDIST202605080004993592","엑셀수기배분","30028","광주상무(직)","위탁","25S","DMRS81053","BKS","95","출고완료","2","2","0","2","김주형(RLAWNGUD14)","2026-05-08","2026-05-08","2026-05-08 17:46:01","2026-05-08 17:46:01","2026-05-08 17:46:01","2026-05-09 01:01:52","X202605000617765","Y",""
"XDIST202605080004993592","엑셀수기배분","30028","광주상무(직)","위탁","25S","DMRS81053","BKS","105","출고완료","2","2","0","2","김주형(RLAWNGUD14)","2026-05-08","2026-05-08","2026-05-08 17:46:01","2026-05-08 17:46:01","2026-05-08 17:46:01","2026-05-09 01:01:54","X202605000617765","Y",""
"XDIST202605080004993592","엑셀수기배분","30028","광주상무(직)","위탁","25S","DMTB67053","BKS","30","출고완료","1","1","0","1","김주형(RLAWNGUD14)","2026-05-08","2026-05-08","2026-05-08 17:46:01","2026-05-08 17:46:01","2026-05-08 17:46:01","2026-05-09 01:01:43","X202605000617766","Y",""
"XDIST202605080004993592","엑셀수기배분","30028","광주상무(직)","위탁","25S","DWTB66053","NBD","26","출고완료","2","2","0","2","김주형(RLAWNGUD14)","2026-05-08","2026-05-08","2026-05-08 17:46:01","2026-05-08 17:46:01","2026-05-08 17:46:01","2026-05-09 01:01:46","X202605000617766","Y",""
"XDIST202605080004993592","엑셀수기배분","30028","광주상무(직)","위탁","25S","DWTB94053","BKS","28","출고완료","2","2","0","2","김주형(RLAWNGUD14)","2026-05-08","2026-05-08","2026-05-08 17:46:01","2026-05-08 17:46:01","2026-05-08 17:46:01","2026-05-09 01:01:56","X202605000617766","Y",""
"XDIST202605080004993592","엑셀수기배분","30028","광주상무(직)","위탁","25S","DXTB7A053","BGL","26","출고완료","1","1","0","1","김주형(RLAWNGUD14)","2026-05-08","2026-05-08","2026-05-08 17:46:01","2026-05-08 17:46:01","2026-05-08 17:46:01","2026-05-09 01:01:43","X202605000617766","Y",""
"XDIST202605080004993592","엑셀수기배분","30028","광주상무(직)","위탁","25S","DXTB7A053","BKS","34","출고완료","1","1","0","1","김주형(RLAWNGUD14)","2026-05-08","2026-05-08","2026-05-08 17:46:01","2026-05-08 17:46:01","2026-05-08 17:46:01","2026-05-09 01:01:52","X202605000617766","Y",""
"XDIST202605080004993592","엑셀수기배분","30028","광주상무(직)","위탁","25S","DXTB7A053","BKS","36","출고완료","1","1","0","1","김주형(RLAWNGUD14)","2026-05-08","2026-05-08","2026-05-08 17:46:01","2026-05-08 17:46:01","2026-05-08 17:46:01","2026-05-09 01:01:52","X202605000617766","Y",""
"XDIST202605080004993592","엑셀수기배분","30028","광주상무(직)","위탁","25S","DMTP73053","BKS","32","출고완료","1","1","0","1","김주형(RLAWNGUD14)","2026-05-08","2026-05-08","2026-05-08 17:46:02","2026-05-08 17:46:02","2026-05-08 17:46:02","2026-05-09 01:01:46","X202605000617767","Y",""
"XDIST202605080004993592","엑셀수기배분","30028","광주상무(직)","위탁","25S","DMTP73053","BKS","36","출고완료","1","1","0","1","김주형(RLAWNGUD14)","2026-05-08","2026-05-08","2026-05-08 17:46:02","2026-05-08 17:46:02","2026-05-08 17:46:02","2026-05-09 01:01:43","X202605000617767","Y",""
"XDIST202605080004993592","엑셀수기배분","30028","광주상무(직)","위탁","25S","DWTP74053","BKS","26","출고완료","1","1","0","1","김주형(RLAWNGUD14)","2026-05-08","2026-05-08","2026-05-08 17:46:02","2026-05-08 17:46:02","2026-05-08 17:46:02","2026-05-09 01:01:46","X202605000617767","Y",""
"XDIST202605080004993592","엑셀수기배분","30028","광주상무(직)","위탁","25S","DWTP74053","BKS","27","출고완료","1","1","0","1","김주형(RLAWNGUD14)","2026-05-08","2026-05-08","2026-05-08 17:46:02","2026-05-08 17:46:02","2026-05-08 17:46:02","2026-05-09 01:01:46","X202605000617767","Y",""
"XDIST202605080004993592","엑셀수기배분","30028","광주상무(직)","위탁","25S","DXTR7A053","BKS","95","출고완료","1","1","0","1","김주형(RLAWNGUD14)","2026-05-08","2026-05-08","2026-05-08 17:46:02","2026-05-08 17:46:02","2026-05-08 17:46:02","2026-05-09 01:01:56","X202605000617768","Y",""
"XDIST202605080004993592","엑셀수기배분","30028","광주상무(직)","위탁","25S","DXTR7A053","GRD","105","출고완료","1","1","0","1","김주형(RLAWNGUD14)","2026-05-08","2026-05-08","2026-05-08 17:46:02","2026-05-08 17:46:02","2026-05-08 17:46:02","2026-05-09 01:01:56","X202605000617768","Y",""
"XDIST202605080004993592","엑셀수기배분","30028","광주상무(직)","위탁","25S","DXTR7E053","BGS","110","출고완료","1","1","0","1","김주형(RLAWNGUD14)","2026-05-08","2026-05-08","2026-05-08 17:46:02","2026-05-08 17:46:02","2026-05-08 17:46:02","2026-05-09 01:01:52","X202605000617768","Y",""
"XDIST202605080004993592","엑셀수기배분","30028","광주상무(직)","위탁","25S","DXTR7E053","BKS","100","출고완료","1","1","0","1","김주형(RLAWNGUD14)","2026-05-08","2026-05-08","2026-05-08 17:46:02","2026-05-08 17:46:02","2026-05-08 17:46:02","2026-05-09 01:01:43","X202605000617768","Y",""
"XDIST202605080004993592","엑셀수기배분","30028","광주상무(직)","위탁","25S","DMTS6L053","DGS","100","출고완료","1","1","0","1","김주형(RLAWNGUD14)","2026-05-08","2026-05-08","2026-05-08 17:46:02","2026-05-08 17:46:02","2026-05-08 17:46:02","2026-05-09 01:01:37","X202605000617769","Y",""
"XDIST202605080004993592","엑셀수기배분","50157","충주(대-위)","위탁","25S","DKRS7A053","BKS","140","출고완료","1","1","0","1","김주형(RLAWNGUD14)","2026-05-08","2026-05-08","2026-05-08 17:32:01","2026-05-08 17:32:01","2026-05-08 17:32:01","2026-05-09 01:02:26","X202605000617770","Y",""
"XDIST202605080004993592","엑셀수기배분","50157","충주(대-위)","위탁","25S","DKRS7A053","WHS","150","출고완료","1","1","0","1","김주형(RLAWNGUD14)","2026-05-08","2026-05-08","2026-05-08 17:32:01","2026-05-08 17:32:01","2026-05-08 17:32:01","2026-05-09 01:02:26","X202605000617770","Y",""
"XDIST202605080004993592","엑셀수기배분","50157","충주(대-위)","위탁","25S","DKTB73053","NBD","140","출고완료","1","1","0","1","김주형(RLAWNGUD14)","2026-05-08","2026-05-08","2026-05-08 17:32:01","2026-05-08 17:32:01","2026-05-08 17:32:01","2026-05-09 01:02:26","X202605000617771","Y",""
"XDIST202605080004993592","엑셀수기배분","50157","충주(대-위)","위탁","25S","DKTB75053","BKS","140","출고완료","1","1","0","1","김주형(RLAWNGUD14)","2026-05-08","2026-05-08","2026-05-08 17:32:01","2026-05-08 17:32:01","2026-05-08 17:32:01","2026-05-09 01:02:26","X202605000617771","Y",""
"XDIST202605080004993592","엑셀수기배분","50157","충주(대-위)","위탁","25S","DMRS6H053","ORD","100","출고완료","1","1","0","1","김주형(RLAWNGUD14)","2026-05-08","2026-05-08","2026-05-08 17:32:01","2026-05-08 17:32:01","2026-05-08 17:32:01","2026-05-09 01:02:08","X202605000617772","Y",""
"XDIST202605080004993592","엑셀수기배분","50157","충주(대-위)","위탁","25S","DMRS81053","DGS","95","출고완료","1","1","0","1","김주형(RLAWNGUD14)","2026-05-08","2026-05-08","2026-05-08 17:32:01","2026-05-08 17:32:01","2026-05-08 17:32:01","2026-05-09 01:02:08","X202605000617772","Y",""
"XDIST202605080004993592","엑셀수기배분","50157","충주(대-위)","위탁","25S","DMRS81053","DGS","110","출고완료","1","1","0","1","김주형(RLAWNGUD14)","2026-05-08","2026-05-08","2026-05-08 17:32:01","2026-05-08 17:32:01","2026-05-08 17:32:01","2026-05-09 01:02:01","X202605000617772","Y",""
"XDIST202605080004993592","엑셀수기배분","50157","충주(대-위)","위탁","25S","DMRS81053","DKS","105","출고완료","1","1","0","1","김주형(RLAWNGUD14)","2026-05-08","2026-05-08","2026-05-08 17:32:01","2026-05-08 17:32:01","2026-05-08 17:32:01","2026-05-09 01:02:08","X202605000617772","Y",""
"XDIST202605080004993592","엑셀수기배분","50157","충주(대-위)","위탁","25S","DMRS81053","MTL","105","출고완료","1","1","0","1","김주형(RLAWNGUD14)","2026-05-08","2026-05-08","2026-05-08 17:32:01","2026-05-08 17:32:01","2026-05-08 17:32:01","2026-05-09 01:02:08","X202605000617772","Y",""
"XDIST202605080004993592","엑셀수기배분","50157","충주(대-위)","위탁","25S","DMRS85053","BKS","100","출고완료","2","2","0","2","김주형(RLAWNGUD14)","2026-05-08","2026-05-08","2026-05-08 17:32:01","2026-05-08 17:32:01","2026-05-08 17:32:01","2026-05-09 01:02:08","X202605000617772","Y",""
"XDIST202605080004993592","엑셀수기배분","50157","충주(대-위)","위탁","25S","DMRS85053","LKS","95","출고완료","1","1","0","1","김주형(RLAWNGUD14)","2026-05-08","2026-05-08","2026-05-08 17:32:01","2026-05-08 17:32:01","2026-05-08 17:32:01","2026-05-09 01:02:26","X202605000617772","Y",""
"XDIST202605080004993592","엑셀수기배분","50157","충주(대-위)","위탁","25S","DMRS8W053","BKS","95","출고완료","1","1","0","1","김주형(RLAWNGUD14)","2026-05-08","2026-05-08","2026-05-08 17:32:01","2026-05-08 17:32:01","2026-05-08 17:32:01","2026-05-09 01:02:08","X202605000617772","Y",""
"XDIST202605080004993592","엑셀수기배분","50157","충주(대-위)","위탁","25S","DWRS64053","BKS","90","출고완료","3","3","0","3","김주형(RLAWNGUD14)","2026-05-08","2026-05-08","2026-05-08 17:32:01","2026-05-08 17:32:01","2026-05-08 17:32:01","2026-05-09 01:02:06","X202605000617772","Y",""
"XDIST202605080004993592","엑셀수기배분","50157","충주(대-위)","위탁","25S","DWRS64053","WHS","90","출고완료","3","3","0","3","김주형(RLAWNGUD14)","2026-05-08","2026-05-08","2026-05-08 17:32:01","2026-05-08 17:32:01","2026-05-08 17:32:01","2026-05-09 01:02:06","X202605000617772","Y",""
"XDIST202605080004993592","엑셀수기배분","50157","충주(대-위)","위탁","25S","DWRS82053","BKS","90","출고완료","1","1","0","1","김주형(RLAWNGUD14)","2026-05-08","2026-05-08","2026-05-08 17:32:01","2026-05-08 17:32:01","2026-05-08 17:32:01","2026-05-09 01:02:06","X202605000617772","Y",""
"XDIST202605080004993592","엑셀수기배분","50157","충주(대-위)","위탁","25S","DWRS9A053","GRD","95","출고완료","1","1","0","1","김주형(RLAWNGUD14)","2026-05-08","2026-05-08","2026-05-08 17:32:01","2026-05-08 17:32:01","2026-05-08 17:32:01","2026-05-09 01:02:08","X202605000617772","Y",""
"XDIST202605080004993592","엑셀수기배분","50157","충주(대-위)","위탁","25S","DXRS8R053","BKS","110","출고완료","1","1","0","1","김주형(RLAWNGUD14)","2026-05-08","2026-05-08","2026-05-08 17:32:02","2026-05-08 17:32:02","2026-05-08 17:32:02","2026-05-09 01:02:26","X202605000617772","Y",""
"XDIST202605080004993592","엑셀수기배분","50157","충주(대-위)","위탁","25S","DXRS8R053","MTL","100","출고완료","1","1","0","1","김주형(RLAWNGUD14)","2026-05-08","2026-05-08","2026-05-08 17:32:02","2026-05-08 17:32:02","2026-05-08 17:32:02","2026-05-09 01:01:45","X202605000617772","Y",""
"XDIST202605080004993592","엑셀수기배분","50157","충주(대-위)","위탁","25S","DXRS8R053","WHS","105","출고완료","1","1","0","1","김주형(RLAWNGUD14)","2026-05-08","2026-05-08","2026-05-08 17:32:02","2026-05-08 17:32:02","2026-05-08 17:32:02","2026-05-09 01:02:26","X202605000617772","Y",""
"XDIST202605080004993592","엑셀수기배분","50157","충주(대-위)","위탁","25S","DXRS8T053","WHS","90","출고완료","1","1","0","1","김주형(RLAWNGUD14)","2026-05-08","2026-05-08","2026-05-08 17:32:02","2026-05-08 17:32:02","2026-05-08 17:32:02","2026-05-09 01:02:01","X202605000617772","Y",""
"XDIST202605080004993592","엑셀수기배분","50157","충주(대-위)","위탁","25S","DXRS8T053","WHS","100","출고완료","1","1","0","1","김주형(RLAWNGUD14)","2026-05-08","2026-05-08","2026-05-08 17:32:02","2026-05-08 17:32:02","2026-05-08 17:32:02","2026-05-09 01:01:45","X202605000617772","Y",""
"XDIST202605080004993592","엑셀수기배분","50157","충주(대-위)","위탁","25S","DMTB6A053","BKS","30","출고완료","1","1","0","1","김주형(RLAWNGUD14)","2026-05-08","2026-05-08","2026-05-08 17:32:02","2026-05-08 17:32:02","2026-05-08 17:32:02","2026-05-09 01:02:04","X202605000617773","Y",""
"XDIST202605080004993592","엑셀수기배분","50157","충주(대-위)","위탁","25S","DWTB66053","BKS","28","출고완료","1","1","0","1","김주형(RLAWNGUD14)","2026-05-08","2026-05-08","2026-05-08 17:32:02","2026-05-08 17:32:02","2026-05-08 17:32:02","2026-05-09 01:02:06","X202605000617773","Y",""
"XDIST202605080004993592","엑셀수기배분","50157","충주(대-위)","위탁","25S","DMTP33051","BGD","30","출고완료","1","1","0","1","김주형(RLAWNGUD14)","2026-05-08","2026-05-08","2026-05-08 17:32:02","2026-05-08 17:32:02","2026-05-08 17:32:02","2026-05-09 01:02:04","X202605000617774","Y",""
"XDIST202605080004993592","엑셀수기배분","50157","충주(대-위)","위탁","25S","DMTP73053","BKS","34","출고완료","1","1","0","1","김주형(RLAWNGUD14)","2026-05-08","2026-05-08","2026-05-08 17:32:02","2026-05-08 17:32:02","2026-05-08 17:32:02","2026-05-09 01:02:04","X202605000617774","Y",""
"XDIST202605080004993592","엑셀수기배분","50157","충주(대-위)","위탁","25S","DMTP73053","NBD","32","출고완료","1","1","0","1","김주형(RLAWNGUD14)","2026-05-08","2026-05-08","2026-05-08 17:32:02","2026-05-08 17:32:02","2026-05-08 17:32:02","2026-05-09 01:02:01","X202605000617774","Y",""
"XDIST202605080004993592","엑셀수기배분","50157","충주(대-위)","위탁","25S","DWTP74053","BKS","25","출고완료","1","1","0","1","김주형(RLAWNGUD14)","2026-05-08","2026-05-08","2026-05-08 17:32:02","2026-05-08 17:32:02","2026-05-08 17:32:02","2026-05-09 01:02:06","X202605000617774","Y",""
"XDIST202605080004993592","엑셀수기배분","50157","충주(대-위)","위탁","25S","DXTR7A053","GRD","105","출고완료","1","1","0","1","김주형(RLAWNGUD14)","2026-05-08","2026-05-08","2026-05-08 17:32:02","2026-05-08 17:32:02","2026-05-08 17:32:02","2026-05-09 01:02:26","X202605000617775","Y",""
"XDIST202605080004993592","엑셀수기배분","50157","충주(대-위)","위탁","25S","DXTR7E053","BKS","95","출고완료","1","1","0","1","김주형(RLAWNGUD14)","2026-05-08","2026-05-08","2026-05-08 17:32:02","2026-05-08 17:32:02","2026-05-08 17:32:02","2026-05-09 01:02:08","X202605000617775","Y",""
"XDIST202605080004993592","엑셀수기배분","50157","충주(대-위)","위탁","25S","DXTR7E053","BKS","110","출고완료","1","1","0","1","김주형(RLAWNGUD14)","2026-05-08","2026-05-08","2026-05-08 17:32:02","2026-05-08 17:32:02","2026-05-08 17:32:02","2026-05-09 01:02:08","X202605000617775","Y",""
"XDIST202605080004993592","엑셀수기배분","50157","충주(대-위)","위탁","25S","DMTS73053","BKS","105","출고완료","2","2","0","2","김주형(RLAWNGUD14)","2026-05-08","2026-05-08","2026-05-08 17:32:02","2026-05-08 17:32:02","2026-05-08 17:32:02","2026-05-09 01:02:01","X202605000617776","Y",""
"XDIST202605080004993592","엑셀수기배분","50157","충주(대-위)","위탁","25S","DWTS74053","WHS","100","출고완료","1","1","0","1","김주형(RLAWNGUD14)","2026-05-08","2026-05-08","2026-05-08 17:32:02","2026-05-08 17:32:02","2026-05-08 17:32:02","2026-05-09 01:02:08","X202605000617776","Y",""
"XDIST202605080004993592","엑셀수기배분","50190","아트몰링하단(대-위)","위탁","25S","DXRS8R053","PPS","90","출고완료","1","1","0","1","김주형(RLAWNGUD14)","2026-05-08","2026-05-08","2026-05-08 17:33:10","2026-05-08 17:33:10","2026-05-08 17:33:10","2026-05-09 01:02:03","X202605000617778","Y",""
"XDIST202605080004993592","엑셀수기배분","50190","아트몰링하단(대-위)","위탁","25S","DXRS8T053","WHS","100","출고완료","1","1","0","1","김주형(RLAWNGUD14)","2026-05-08","2026-05-08","2026-05-08 17:33:10","2026-05-08 17:33:10","2026-05-08 17:33:10","2026-05-09 01:02:15","X202605000617778","Y",""
"XDIST202605080004993592","엑셀수기배분","50190","아트몰링하단(대-위)","위탁","25S","DMSB71053","BGS","30","출고완료","1","1","0","1","김주형(RLAWNGUD14)","2026-05-08","2026-05-08","2026-05-08 17:33:10","2026-05-08 17:33:10","2026-05-08 17:33:10","2026-05-09 01:02:02","X202605000617779","Y",""
"XDIST202605080004993592","엑셀수기배분","50190","아트몰링하단(대-위)","위탁","25S","DMSB71053","BGS","34","출고완료","1","1","0","1","김주형(RLAWNGUD14)","2026-05-08","2026-05-08","2026-05-08 17:33:10","2026-05-08 17:33:10","2026-05-08 17:33:10","2026-05-09 01:02:02","X202605000617779","Y",""
"XDIST202605080004993592","엑셀수기배분","50190","아트몰링하단(대-위)","위탁","25S","DMSB71053","DGS","34","출고완료","1","1","0","1","김주형(RLAWNGUD14)","2026-05-08","2026-05-08","2026-05-08 17:33:10","2026-05-08 17:33:10","2026-05-08 17:33:10","2026-05-09 01:02:07","X202605000617779","Y",""
"XDIST202605080004993592","엑셀수기배분","50190","아트몰링하단(대-위)","위탁","25S","DMSB71053","TQS","34","출고완료","1","1","0","1","김주형(RLAWNGUD14)","2026-05-08","2026-05-08","2026-05-08 17:33:10","2026-05-08 17:33:10","2026-05-08 17:33:10","2026-05-09 01:02:06","X202605000617779","Y",""
"XDIST202605080004993592","엑셀수기배분","50190","아트몰링하단(대-위)","위탁","25S","DWSB76053","BKS","27","출고완료","1","1","0","1","김주형(RLAWNGUD14)","2026-05-08","2026-05-08","2026-05-08 17:33:10","2026-05-08 17:33:10","2026-05-08 17:33:10","2026-05-09 01:02:02","X202605000617779","Y",""
"XDIST202605080004993592","엑셀수기배분","50190","아트몰링하단(대-위)","위탁","25S","DWSB76053","CAD","28","출고완료","1","1","0","1","김주형(RLAWNGUD14)","2026-05-08","2026-05-08","2026-05-08 17:33:10","2026-05-08 17:33:10","2026-05-08 17:33:10","2026-05-09 01:02:02","X202605000617779","Y",""
"XDIST202605080004993592","엑셀수기배분","50190","아트몰링하단(대-위)","위탁","25S","DMSP61053","CAD","32","출고완료","1","1","0","1","김주형(RLAWNGUD14)","2026-05-08","2026-05-08","2026-05-08 17:33:10","2026-05-08 17:33:10","2026-05-08 17:33:10","2026-05-09 01:02:03","X202605000617780","Y",""
"XDIST202605080004993592","엑셀수기배분","50190","아트몰링하단(대-위)","위탁","25S","DMSP7C053","BGD","34","출고완료","1","1","0","1","김주형(RLAWNGUD14)","2026-05-08","2026-05-08","2026-05-08 17:33:10","2026-05-08 17:33:10","2026-05-08 17:33:10","2026-05-09 01:02:07","X202605000617780","Y",""
"XDIST202605080004993592","엑셀수기배분","50190","아트몰링하단(대-위)","위탁","25S","DMSW63053","WHS","100","출고완료","1","1","0","1","김주형(RLAWNGUD14)","2026-05-08","2026-05-08","2026-05-08 17:33:11","2026-05-08 17:33:11","2026-05-08 17:33:11","2026-05-09 01:02:03","X202605000617781","Y",""
"XDIST202605080004993592","엑셀수기배분","50190","아트몰링하단(대-위)","위탁","25S","DMSW75053","WHS","95","출고완료","1","1","0","1","김주형(RLAWNGUD14)","2026-05-08","2026-05-08","2026-05-08 17:33:11","2026-05-08 17:33:11","2026-05-08 17:33:11","2026-05-09 01:02:02","X202605000617781","Y",""
"XDIST202605080004993592","엑셀수기배분","50190","아트몰링하단(대-위)","위탁","25S","DMTB65053","OLS","30","출고완료","1","1","0","1","김주형(RLAWNGUD14)","2026-05-08","2026-05-08","2026-05-08 17:33:11","2026-05-08 17:33:11","2026-05-08 17:33:11","2026-05-09 01:02:09","X202605000617782","Y",""
"XDIST202605080004993592","엑셀수기배분","50190","아트몰링하단(대-위)","위탁","25S","DMTB65053","OLS","32","출고완료","1","1","0","1","김주형(RLAWNGUD14)","2026-05-08","2026-05-08","2026-05-08 17:33:11","2026-05-08 17:33:11","2026-05-08 17:33:11","2026-05-09 01:02:03","X202605000617782","Y",""
"XDIST202605080004993592","엑셀수기배분","50190","아트몰링하단(대-위)","위탁","25S","DMTP61053","BKS","32","출고완료","1","1","0","1","김주형(RLAWNGUD14)","2026-05-08","2026-05-08","2026-05-08 17:33:11","2026-05-08 17:33:11","2026-05-08 17:33:11","2026-05-09 01:02:02","X202605000617783","Y",""
"XDIST202605080004993592","엑셀수기배분","50190","아트몰링하단(대-위)","위탁","25S","DWWJ91053","ORD","95","출고완료","1","1","0","1","김주형(RLAWNGUD14)","2026-05-08","2026-05-08","2026-05-08 17:33:11","2026-05-08 17:33:11","2026-05-08 17:33:11","2026-05-09 01:02:02","X202605000617786","Y",""
"XDIST202605080004993592","엑셀수기배분","50190","아트몰링하단(대-위)","위탁","25S","DWLG9D053","BKS","S","출고완료","1","1","0","1","김주형(RLAWNGUD14)","2026-05-08","2026-05-08","2026-05-08 17:33:11","2026-05-08 17:33:11","2026-05-08 17:33:11","2026-05-09 01:02:09","X202605000617787","Y",""
"XDIST202605080004993592","엑셀수기배분","50190","아트몰링하단(대-위)","위탁","25S","DWSK91053","KAL","27","출고완료","1","1","0","1","김주형(RLAWNGUD14)","2026-05-08","2026-05-08","2026-05-08 17:33:11","2026-05-08 17:33:11","2026-05-08 17:33:11","2026-05-09 01:02:06","X202605000617788","Y",""
"XDIST202605080004993592","엑셀수기배분","50190","아트몰링하단(대-위)","위탁","25S","DWSK91053","KAL","28","출고완료","1","1","0","1","김주형(RLAWNGUD14)","2026-05-08","2026-05-08","2026-05-08 17:33:11","2026-05-08 17:33:11","2026-05-08 17:33:11","2026-05-09 01:02:07","X202605000617788","Y",""
"XDIST202605080004993592","엑셀수기배분","50190","아트몰링하단(대-위)","위탁","25S","DWSK91053","OLD","28","출고완료","1","1","0","1","김주형(RLAWNGUD14)","2026-05-08","2026-05-08","2026-05-08 17:33:11","2026-05-08 17:33:11","2026-05-08 17:33:11","2026-05-09 01:02:03","X202605000617788","Y",""
"XDIST202605070004991639","MD요청-상품","50147","경기시흥(대-위)","위탁","25N","DXCP5015N","ORS","56","출고완료","1","1","0","1","장윤희(YHJANG)","2026-05-07","2026-05-08","2026-05-08 17:33:04","2026-05-08 17:33:04","2026-05-08 17:33:04","2026-05-09 01:02:40","X202605000556337","Y",""
"XDIST202605070004991639","MD요청-상품","30047","스타필드하남(직)","위탁","25N","DXCP5015N","ORS","58","출고완료","1","1","0","1","장윤희(YHJANG)","2026-05-07","2026-05-08","2026-05-08 17:33:04","2026-05-08 17:33:04","2026-05-08 17:33:04","2026-05-09 01:03:31","X202605000556341","Y",""
"XDIST202605070004991639","MD요청-상품","10053","신세계경기","위탁","25N","DXCP5015N","ORS","58","출고완료","1","1","0","1","장윤희(YHJANG)","2026-05-07","2026-05-08","2026-05-08 17:49:03","2026-05-08 17:49:03","2026-05-08 17:49:03","2026-05-09 01:03:29","X202605000556347","Y",""
"XDIST202605070004991639","MD요청-상품","10055","신세계광주","위탁","25N","DXCP5015N","ORS","56","출고완료","1","1","0","1","장윤희(YHJANG)","2026-05-07","2026-05-08","2026-05-08 17:33:04","2026-05-08 17:33:04","2026-05-08 17:33:04","2026-05-09 01:02:15","X202605000556350","Y",""
"XDIST202605060004973614","MD요청-상품","10053","신세계경기","위탁","26S","DXTR7C063","BKS","100","출고완료","2","2","0","2","권현정(KHJEONG)","2026-05-06","2026-05-06","2026-05-06 17:27:04","2026-05-06 17:27:04","2026-05-06 17:27:04","2026-05-07 01:05:07","X202605000364326","Y",""
"XDIST202605070004984929","MD요청-상품","50160","정읍(대-위)","위탁","26S","DKAZ22063","WHS","140","출고완료","1","1","0","1","김소진(SOJIN1027)","2026-05-07","2026-05-07","2026-05-07 16:54:08","2026-05-07 16:54:08","2026-05-07 16:54:08","2026-05-08 01:02:34","X202605000487173","Y",""
"XDIST202605070004984929","MD요청-상품","50120","춘천(대-위)","위탁","26S","DKAZ22063","WHS","130","출고완료","1","1","0","1","김소진(SOJIN1027)","2026-05-07","2026-05-07","2026-05-07 17:07:08","2026-05-07 17:07:08","2026-05-07 17:07:08","2026-05-08 01:02:24","X202605000487177","Y",""
"XDIST202605070004984929","MD요청-상품","30030","스타필드고양(직)","위탁","26S","DKAZ22063","WHS","140","출고완료","1","1","0","1","김소진(SOJIN1027)","2026-05-07","2026-05-07","2026-05-07 16:54:08","2026-05-07 16:54:08","2026-05-07 16:54:08","2026-05-08 01:03:43","X202605000487178","Y",""
"XDIST202605070004984929","MD요청-상품","50168","모다김제(대-위)","위탁","26S","DKAZ22063","WHS","140","출고완료","1","1","0","1","김소진(SOJIN1027)","2026-05-07","2026-05-07","2026-05-07 16:54:08","2026-05-07 16:54:08","2026-05-07 16:54:08","2026-05-08 01:02:27","X202605000487182","Y",""
"XDIST202605070004984929","MD요청-상품","50126","강릉(대-위)","위탁","26S","DKAZ22063","WHS","140","출고완료","1","1","0","1","김소진(SOJIN1027)","2026-05-07","2026-05-07","2026-05-07 16:54:08","2026-05-07 16:54:08","2026-05-07 16:54:08","2026-05-08 01:02:49","X202605000487186","Y",""
"XDIST202605070004984929","MD요청-상품","50005","여수(대-위)","위탁","26S","DKAZ22063","WHS","140","출고완료","1","1","0","1","김소진(SOJIN1027)","2026-05-07","2026-05-07","2026-05-07 17:07:08","2026-05-07 17:07:08","2026-05-07 17:07:08","2026-05-08 01:02:32","X202605000487187","Y",""
"XDIST202605070004984929","MD요청-상품","50006","제주(대-위)","위탁","26S","DKAZ22063","WHS","140","출고완료","1","1","0","1","김소진(SOJIN1027)","2026-05-07","2026-05-07","2026-05-07 16:54:08","2026-05-07 16:54:08","2026-05-07 16:54:08","2026-05-08 01:02:45","X202605000487190","Y",""
"XDIST202605070004984929","MD요청-상품","50207","전주평화점(대-위)","위탁","26S","DKAZ22063","WHS","150","출고완료","1","1","0","1","김소진(SOJIN1027)","2026-05-07","2026-05-07","2026-05-07 17:07:08","2026-05-07 17:07:08","2026-05-07 17:07:08","2026-05-08 01:02:57","X202605000487192","Y",""
"XDIST202605070004984929","MD요청-상품","50210","해남(대-위)","위탁","26S","DKAZ22063","WHS","130","출고완료","1","1","0","1","김소진(SOJIN1027)","2026-05-07","2026-05-07","2026-05-07 17:07:08","2026-05-07 17:07:08","2026-05-07 17:07:08","2026-05-08 01:02:56","X202605000487198","Y",""
"XDIST202605070004984929","MD요청-상품","50178","태백(대-위)","위탁","26S","DKAZ22063","WHS","130","출고완료","1","1","0","1","김소진(SOJIN1027)","2026-05-07","2026-05-07","2026-05-07 16:54:08","2026-05-07 16:54:08","2026-05-07 16:54:08","2026-05-08 01:02:40","X202605000487201","Y",""
"XDIST202605070004984929","MD요청-상품","50019","경주(대-위)","위탁","26S","DKAZ22063","WHS","130","출고완료","1","1","0","1","김소진(SOJIN1027)","2026-05-07","2026-05-07","2026-05-07 17:07:08","2026-05-07 17:07:08","2026-05-07 17:07:08","2026-05-08 01:02:38","X202605000487207","Y",""
"XDIST202605070004984929","MD요청-상품","50019","경주(대-위)","위탁","26S","DKAZ22063","WHS","140","출고완료","1","1","0","1","김소진(SOJIN1027)","2026-05-07","2026-05-07","2026-05-07 17:07:08","2026-05-07 17:07:08","2026-05-07 17:07:08","2026-05-08 01:02:38","X202605000487207","Y",""
"XDIST202605070004984929","MD요청-상품","50020","안동(대-위)","위탁","26S","DKAZ22063","WHS","140","출고완료","1","1","0","1","김소진(SOJIN1027)","2026-05-07","2026-05-07","2026-05-07 16:54:08","2026-05-07 16:54:08","2026-05-07 16:54:08","2026-05-08 01:02:29","X202605000487217","Y",""
"XDIST202605070004984929","MD요청-상품","50185","모다경주(대-위)","위탁","26S","DKAZ22063","WHS","150","출고완료","1","1","0","1","김소진(SOJIN1027)","2026-05-07","2026-05-07","2026-05-07 17:07:08","2026-05-07 17:07:08","2026-05-07 17:07:08","2026-05-08 01:02:14","X202605000487218","Y",""
"XDIST202605070004984929","MD요청-상품","50144","당진(대-위)","위탁","26S","DKAZ22063","WHS","130","출고완료","1","1","0","1","김소진(SOJIN1027)","2026-05-07","2026-05-07","2026-05-07 17:07:08","2026-05-07 17:07:08","2026-05-07 17:07:08","2026-05-08 01:02:52","X202605000487219","Y",""
"XDIST202605070004984929","MD요청-상품","50187","인천계산(대-위)","위탁","26S","DKAZ22063","WHS","140","출고완료","1","1","0","1","김소진(SOJIN1027)","2026-05-07","2026-05-07","2026-05-07 16:54:08","2026-05-07 16:54:08","2026-05-07 16:54:08","2026-05-08 01:02:25","X202605000487221","Y",""
"XDIST202605070004991696","MD요청-상품","50140","에버랜드용인(대-위)","위탁","25N","DXCP6015N","NYD","58","출고완료","3","3","0","3","장윤희(YHJANG)","2026-05-07","2026-05-08","2026-05-08 17:33:04","2026-05-08 17:33:04","2026-05-08 17:33:04","2026-05-08 19:53:00","X202605000556474","Y",""
"XDIST202605070004984929","MD요청-상품","50143","통영(대-위)","위탁","26S","DKAZ22063","WHS","150","출고완료","1","1","0","1","김소진(SOJIN1027)","2026-05-07","2026-05-07","2026-05-07 16:54:08","2026-05-07 16:54:08","2026-05-07 16:54:08","2026-05-08 01:02:44","X202605000487222","Y",""
"XDIST202605070004984929","MD요청-상품","11013","K_롯데대구","위탁","26S","DKAZ22063","WHS","140","출고완료","1","1","0","1","김소진(SOJIN1027)","2026-05-07","2026-05-07","2026-05-07 17:07:08","2026-05-07 17:07:08","2026-05-07 17:07:08","2026-05-08 01:02:33","X202605000487230","Y",""
"XDIST202605070004984929","MD요청-상품","50103","광주흑석(대-위)","위탁","26S","DKAZ22063","WHS","150","출고완료","1","1","0","1","김소진(SOJIN1027)","2026-05-07","2026-05-07","2026-05-07 16:54:08","2026-05-07 16:54:08","2026-05-07 16:54:08","2026-05-08 01:02:39","X202605000487231","Y",""
"XDIST202605070004984929","MD요청-상품","50111","패션아일랜드(대-위)","위탁","26S","DKAZ22063","WHS","130","출고완료","1","1","0","1","김소진(SOJIN1027)","2026-05-07","2026-05-07","2026-05-07 17:08:01","2026-05-07 17:08:01","2026-05-07 17:08:01","2026-05-08 01:02:32","X202605000487244","Y",""
"XDIST202605070004984929","MD요청-상품","30043","스타필드안성(직)","위탁","26S","DKAZ22063","WHS","150","출고완료","1","1","0","1","김소진(SOJIN1027)","2026-05-07","2026-05-07","2026-05-07 16:54:08","2026-05-07 16:54:08","2026-05-07 16:54:08","2026-05-08 01:02:29","X202605000487245","Y",""
"XDIST202605070004984929","MD요청-상품","50199","거창(대-위)","위탁","26S","DKAZ22063","WHS","140","출고완료","1","1","0","1","김소진(SOJIN1027)","2026-05-07","2026-05-07","2026-05-07 17:07:08","2026-05-07 17:07:08","2026-05-07 17:07:08","2026-05-08 01:02:28","X202605000487246","Y",""
"XDIST202605070004984929","MD요청-상품","50116","오산(대-위)","위탁","26S","DKAZ22063","WHS","150","출고완료","1","1","0","1","김소진(SOJIN1027)","2026-05-07","2026-05-07","2026-05-07 17:08:01","2026-05-07 17:08:01","2026-05-07 17:08:01","2026-05-08 01:02:33","X202605000487254","Y",""
"XDIST202605070004984929","MD요청-상품","50118","서산(대-위)","위탁","26S","DKAZ22063","WHS","150","출고완료","1","1","0","1","김소진(SOJIN1027)","2026-05-07","2026-05-07","2026-05-07 17:07:08","2026-05-07 17:07:08","2026-05-07 17:07:08","2026-05-08 01:02:14","X202605000487256","Y",""
"XDIST202605070004984929","MD요청-상품","50118","서산(대-위)","위탁","26S","DKAZ22063","WHS","140","출고완료","1","1","0","1","김소진(SOJIN1027)","2026-05-07","2026-05-07","2026-05-07 17:07:08","2026-05-07 17:07:08","2026-05-07 17:07:08","2026-05-08 01:02:14","X202605000487256","Y",""
"XDIST202605060004974215","MD요청-상품","50193","화순(대-위)","위탁","26S","DWRS97063","PCL","95","출고완료","1","1","0","1","권현정(KHJEONG)","2026-05-06","2026-05-06","2026-05-06 17:30:17","2026-05-06 17:30:17","2026-05-06 17:30:17","2026-05-07 01:03:05","X202605000364935","Y",""
"XDIST202605060004974215","MD요청-상품","50144","당진(대-위)","위탁","26S","DWRS97063","PCL","95","출고완료","1","1","0","1","권현정(KHJEONG)","2026-05-06","2026-05-06","2026-05-06 17:27:04","2026-05-06 17:27:04","2026-05-06 17:27:04","2026-05-07 01:04:04","X202605000364938","Y",""
"XDIST202605070004990647","MD요청-상품","50063","스퀘어원(대-위)","위탁","25N","DXCP5025N","NYD","58","출고완료","5","5","0","5","장윤희(YHJANG)","2026-05-07","2026-05-08","2026-05-08 17:33:03","2026-05-08 17:33:03","2026-05-08 17:33:03","2026-05-09 01:03:50","X202605000552469","Y",""
"XDIST202605080004993351","엑셀수기배분","11020","K_신세계영등포","위탁","26S","DKAZ22063","WHS","130","출고완료","1","1","0","1","김소진(SOJIN1027)","2026-05-08","2026-05-08","2026-05-08 17:46:01","2026-05-08 17:46:01","2026-05-08 17:46:01","2026-05-09 01:03:30","X202605000616163","Y",""
"XDIST202605080004993351","엑셀수기배분","11020","K_신세계영등포","위탁","26S","DKAZ22063","YLS","140","출고완료","1","1","0","1","김소진(SOJIN1027)","2026-05-08","2026-05-08","2026-05-08 17:46:01","2026-05-08 17:46:01","2026-05-08 17:46:01","2026-05-09 01:03:30","X202605000616163","Y",""
"XDIST202605080004993351","엑셀수기배분","50047","순천중앙(대-위)","위탁","26S","DKRS61063","EGS","120","출고완료","1","1","0","1","김소진(SOJIN1027)","2026-05-08","2026-05-08","2026-05-08 17:32:01","2026-05-08 17:32:01","2026-05-08 17:32:01","2026-05-09 01:02:30","X202605000616165","Y",""
"XDIST202605080004993351","엑셀수기배분","50181","경산(대-위)","위탁","26S","DKWJ17063","PCL","150","출고완료","1","1","0","1","김소진(SOJIN1027)","2026-05-08","2026-05-08","2026-05-08 17:32:01","2026-05-08 17:32:01","2026-05-08 17:32:01","2026-05-09 01:02:11","X202605000616167","Y",""
"XDIST202605060004974215","MD요청-상품","50211","청주성안(대-위)","위탁","26S","DWRS97063","PCL","95","출고완료","1","1","0","1","권현정(KHJEONG)","2026-05-06","2026-05-06","2026-05-06 17:31:05","2026-05-06 17:31:05","2026-05-06 17:31:05","2026-05-07 10:34:02","X202605000364941","Y",""
"XDIST202605060004974215","MD요청-상품","50126","강릉(대-위)","위탁","26S","DWRS97063","PCL","90","출고완료","1","1","0","1","권현정(KHJEONG)","2026-05-06","2026-05-06","2026-05-06 17:31:05","2026-05-06 17:31:05","2026-05-06 17:31:05","2026-05-07 01:03:16","X202605000364942","Y",""
"XDIST202605060004974216","MD요청-상품","50184","천안쌍용(대-위)","위탁","26S","DWRS8J063","IVS","95","출고완료","1","1","0","1","권현정(KHJEONG)","2026-05-06","2026-05-06","2026-05-06 17:31:05","2026-05-06 17:31:05","2026-05-06 17:31:05","2026-05-07 01:04:26","X202605000364954","Y",""
"XDIST202605060004974216","MD요청-상품","50065","화성봉담(대-위)","위탁","26S","DWRS8J063","IVS","90","출고완료","1","1","0","1","권현정(KHJEONG)","2026-05-06","2026-05-06","2026-05-06 17:26:09","2026-05-06 17:26:09","2026-05-06 17:26:09","2026-05-07 01:03:55","X202605000364957","Y",""
"XDIST202605060004974216","MD요청-상품","10021","신세계천안아산","위탁","26S","DWRS8J063","IVS","95","출고완료","1","1","0","1","권현정(KHJEONG)","2026-05-06","2026-05-06","2026-05-06 17:26:09","2026-05-06 17:26:09","2026-05-06 17:26:09","2026-05-07 01:04:23","X202605000364964","Y",""
"XDIST202605060004975243","엑셀수기배분","11018","K_LF스퀘어광양","위탁","26S","DMPT77063","BES","32","출고완료","1","1","0","1","이훈희(LEEHH1149)","2026-05-06","2026-05-07","2026-05-07 17:07:00","2026-05-07 17:07:00","2026-05-07 17:07:00","2026-05-08 01:02:22","X202605000366745","Y",""
"XDIST202605060004975243","엑셀수기배분","11018","K_LF스퀘어광양","위탁","26S","DXRS5G063","WHS","105","출고완료","1","1","0","1","이훈희(LEEHH1149)","2026-05-06","2026-05-07","2026-05-07 17:07:00","2026-05-07 17:07:00","2026-05-07 17:07:00","2026-05-08 01:02:22","X202605000366749","Y",""
"XDIST202605070004990843","MD요청-상품","50159","용인(대-위)","위탁","25N","DXCP5015N","BES","56","출고완료","2","2","0","2","장윤희(YHJANG)","2026-05-07","2026-05-08","2026-05-08 17:33:03","2026-05-08 17:33:03","2026-05-08 17:33:03","2026-05-09 01:02:17","X202605000553213","Y",""
"XDIST202605070004990843","MD요청-상품","50006","제주(대-위)","위탁","25N","DXCP5015N","BES","56","출고완료","1","1","0","1","장윤희(YHJANG)","2026-05-07","2026-05-08","2026-05-08 17:33:03","2026-05-08 17:33:03","2026-05-08 17:33:03","2026-05-09 01:01:50","X202605000553219","Y",""
"XDIST202605060004973820","MD요청-상품","10008","롯데건대","위탁","26S","DXRS5G063","PCS","90","출고완료","1","1","0","1","권현정(KHJEONG)","2026-05-06","2026-05-06","2026-05-06 17:26:09","2026-05-06 17:26:09","2026-05-06 17:26:09","2026-05-07 01:04:50","X202605000364519","Y",""
"XDIST202605060004973820","MD요청-상품","50143","통영(대-위)","위탁","26S","DXRS5G063","PCS","100","출고완료","1","1","0","1","권현정(KHJEONG)","2026-05-06","2026-05-06","2026-05-06 17:30:16","2026-05-06 17:30:16","2026-05-06 17:30:16","2026-05-07 01:04:22","X202605000364522","Y",""
"XDIST202605080004995773","엑셀수기배분","90019","EC-온라인물류","위탁","25F","DMDJ5K056","OLD","100","출고완료","2","2","0","2","허새흰(HEEN1)","2026-05-08","2026-05-08","2026-05-08 15:39:00","2026-05-08 15:39:00","2026-05-08 15:39:00","2026-05-09 01:01:19","X202605000653138","Y",""
"XDIST202605080004995773","엑셀수기배분","90019","EC-온라인물류","위탁","25F","DMDJ63056","BKS","105","출고완료","5","5","0","5","허새흰(HEEN1)","2026-05-08","2026-05-08","2026-05-08 15:39:00","2026-05-08 15:39:00","2026-05-08 15:39:00","2026-05-09 01:01:27","X202605000653138","Y",""
"XDIST202605080004995773","엑셀수기배분","90019","EC-온라인물류","위탁","25F","DWDJ62056","GRL","95","출고완료","5","5","0","5","허새흰(HEEN1)","2026-05-08","2026-05-08","2026-05-08 15:39:00","2026-05-08 15:39:00","2026-05-08 15:39:00","2026-05-09 01:01:30","X202605000653138","Y",""
"XDIST202605080004995773","엑셀수기배분","90019","EC-온라인물류","위탁","25F","DWDJ64056","BKS","105","출고완료","5","5","0","5","허새흰(HEEN1)","2026-05-08","2026-05-08","2026-05-08 15:39:00","2026-05-08 15:39:00","2026-05-08 15:39:00","2026-05-09 01:01:33","X202605000653138","Y",""
"XDIST202605080004995773","엑셀수기배분","90019","EC-온라인물류","위탁","25F","DWDJ64056","BKS","90","출고완료","5","5","0","5","허새흰(HEEN1)","2026-05-08","2026-05-08","2026-05-08 15:39:00","2026-05-08 15:39:00","2026-05-08 15:39:00","2026-05-09 01:01:33","X202605000653138","Y",""
"XDIST202605080004995773","엑셀수기배분","90019","EC-온라인물류","위탁","25F","DWDJ68056","CRS","100","출고완료","4","4","0","4","허새흰(HEEN1)","2026-05-08","2026-05-08","2026-05-08 15:39:00","2026-05-08 15:39:00","2026-05-08 15:39:00","2026-05-09 01:01:21","X202605000653138","Y",""
"XDIST202605080004995773","엑셀수기배분","90019","EC-온라인물류","위탁","25F","DWDJ68056","BGL","95","출고완료","5","5","0","5","허새흰(HEEN1)","2026-05-08","2026-05-08","2026-05-08 15:39:00","2026-05-08 15:39:00","2026-05-08 15:39:00","2026-05-09 01:01:30","X202605000653138","Y",""
"XDIST202605080004995773","엑셀수기배분","90019","EC-온라인물류","위탁","25F","DWDJ68056","BKS","85","출고완료","5","5","0","5","허새흰(HEEN1)","2026-05-08","2026-05-08","2026-05-08 15:39:00","2026-05-08 15:39:00","2026-05-08 15:39:00","2026-05-09 01:01:19","X202605000653138","Y",""
"XDIST202605080004995773","엑셀수기배분","90019","EC-온라인물류","위탁","25F","DWDJ8D056","BRD","95","출고완료","5","5","0","5","허새흰(HEEN1)","2026-05-08","2026-05-08","2026-05-08 15:39:00","2026-05-08 15:39:00","2026-05-08 15:39:00","2026-05-09 01:01:30","X202605000653138","Y",""
"XDIST202605080004995773","엑셀수기배분","90019","EC-온라인물류","위탁","25F","DWDJ94056","CRN","100","출고완료","5","5","0","5","허새흰(HEEN1)","2026-05-08","2026-05-08","2026-05-08 15:39:00","2026-05-08 15:39:00","2026-05-08 15:39:00","2026-05-09 01:01:33","X202605000653138","Y",""
"XDIST202605080004995773","엑셀수기배분","90019","EC-온라인물류","위탁","25F","DWDJ94056","LWS","95","출고완료","5","5","0","5","허새흰(HEEN1)","2026-05-08","2026-05-08","2026-05-08 15:39:01","2026-05-08 15:39:01","2026-05-08 15:39:01","2026-05-09 01:01:21","X202605000653138","Y",""
"XDIST202605080004995773","엑셀수기배분","90019","EC-온라인물류","위탁","25F","DWDJ94056","CRN","90","출고완료","5","5","0","5","허새흰(HEEN1)","2026-05-08","2026-05-08","2026-05-08 15:39:00","2026-05-08 15:39:00","2026-05-08 15:39:00","2026-05-09 01:01:30","X202605000653138","Y",""
"XDIST202605080004995773","엑셀수기배분","90019","EC-온라인물류","위탁","25F","DWDJ9A056","BGD","90","출고완료","5","5","0","5","허새흰(HEEN1)","2026-05-08","2026-05-08","2026-05-08 15:39:01","2026-05-08 15:39:01","2026-05-08 15:39:01","2026-05-09 01:01:33","X202605000653138","Y",""
"XDIST202605080004995773","엑셀수기배분","90019","EC-온라인물류","위탁","25F","DKDJ80056","BKS","160","출고완료","5","5","0","5","허새흰(HEEN1)","2026-05-08","2026-05-08","2026-05-08 15:39:01","2026-05-08 15:39:01","2026-05-08 15:39:01","2026-05-09 01:01:30","X202605000653139","Y",""
"XDIST202605080004995773","엑셀수기배분","90019","EC-온라인물류","위탁","25F","DKDJ54056","BKS","150","출고완료","5","5","0","5","허새흰(HEEN1)","2026-05-08","2026-05-08","2026-05-08 15:39:01","2026-05-08 15:39:01","2026-05-08 15:39:01","2026-05-09 01:01:32","X202605000653139","Y",""
"XDIST202605080004995773","엑셀수기배분","90019","EC-온라인물류","위탁","25F","DKDJ54056","LKS","130","출고완료","5","5","0","5","허새흰(HEEN1)","2026-05-08","2026-05-08","2026-05-08 15:39:01","2026-05-08 15:39:01","2026-05-08 15:39:01","2026-05-09 01:01:32","X202605000653139","Y",""
"XDIST202605080004995773","엑셀수기배분","90019","EC-온라인물류","위탁","25F","DKDJ54056","LKS","160","출고완료","5","5","0","5","허새흰(HEEN1)","2026-05-08","2026-05-08","2026-05-08 15:39:01","2026-05-08 15:39:01","2026-05-08 15:39:01","2026-05-09 01:01:32","X202605000653139","Y",""
"XDIST202605080004995773","엑셀수기배분","90019","EC-온라인물류","위탁","25F","DKDJ54056","ORL","150","출고완료","5","5","0","5","허새흰(HEEN1)","2026-05-08","2026-05-08","2026-05-08 15:39:01","2026-05-08 15:39:01","2026-05-08 15:39:01","2026-05-09 01:01:33","X202605000653139","Y",""
"XDIST202605080004995773","엑셀수기배분","90019","EC-온라인물류","위탁","25F","DKDJ61056","LKS","160","출고완료","5","5","0","5","허새흰(HEEN1)","2026-05-08","2026-05-08","2026-05-08 15:39:01","2026-05-08 15:39:01","2026-05-08 15:39:01","2026-05-09 01:01:31","X202605000653139","Y",""
"XDIST202605080004995773","엑셀수기배분","90019","EC-온라인물류","위탁","25F","DKDJ61056","BKS","140","출고완료","5","5","0","5","허새흰(HEEN1)","2026-05-08","2026-05-08","2026-05-08 15:39:01","2026-05-08 15:39:01","2026-05-08 15:39:01","2026-05-09 01:01:31","X202605000653139","Y",""
"XDIST202605080004995773","엑셀수기배분","90019","EC-온라인물류","위탁","25F","DKDJ73056","LVS","140","출고완료","5","5","0","5","허새흰(HEEN1)","2026-05-08","2026-05-08","2026-05-08 15:39:01","2026-05-08 15:39:01","2026-05-08 15:39:01","2026-05-09 01:01:30","X202605000653139","Y",""
"XDIST202605080004995773","엑셀수기배분","90019","EC-온라인물류","위탁","25F","DKDJ73056","LVS","160","출고완료","5","5","0","5","허새흰(HEEN1)","2026-05-08","2026-05-08","2026-05-08 15:39:01","2026-05-08 15:39:01","2026-05-08 15:39:01","2026-05-09 01:01:30","X202605000653139","Y",""
"XDIST202605080004995773","엑셀수기배분","90019","EC-온라인물류","위탁","25F","DKDJ75056","RDS","150","출고완료","5","5","0","5","허새흰(HEEN1)","2026-05-08","2026-05-08","2026-05-08 15:39:01","2026-05-08 15:39:01","2026-05-08 15:39:01","2026-05-09 01:01:32","X202605000653139","Y",""
"XDIST202605080004995773","엑셀수기배분","90019","EC-온라인물류","위탁","25F","DKDJ75056","CAD","130","출고완료","5","5","0","5","허새흰(HEEN1)","2026-05-08","2026-05-08","2026-05-08 15:39:01","2026-05-08 15:39:01","2026-05-08 15:39:01","2026-05-09 01:01:32","X202605000653139","Y",""
"XDIST202605080004995773","엑셀수기배분","90019","EC-온라인물류","위탁","25F","DKDJ75056","BKS","150","출고완료","5","5","0","5","허새흰(HEEN1)","2026-05-08","2026-05-08","2026-05-08 15:39:01","2026-05-08 15:39:01","2026-05-08 15:39:01","2026-05-09 01:01:32","X202605000653139","Y",""
"XDIST202605080004995773","엑셀수기배분","90019","EC-온라인물류","위탁","25F","DKDJ80056","TQD","150","출고완료","5","5","0","5","허새흰(HEEN1)","2026-05-08","2026-05-08","2026-05-08 15:39:01","2026-05-08 15:39:01","2026-05-08 15:39:01","2026-05-09 01:01:30","X202605000653139","Y",""
"XDIST202605080004995773","엑셀수기배분","90019","EC-온라인물류","위탁","25F","DMDJ5K056","BKL","105","출고완료","10","10","0","10","허새흰(HEEN1)","2026-05-08","2026-05-08","2026-05-08 15:39:01","2026-05-08 15:39:01","2026-05-08 15:39:01","2026-05-09 01:01:20","X202605000653140","Y",""
"XDIST202605080004995773","엑셀수기배분","90019","EC-온라인물류","위탁","25F","DMDJ5K056","OLD","110","출고완료","10","10","0","10","허새흰(HEEN1)","2026-05-08","2026-05-08","2026-05-08 15:39:01","2026-05-08 15:39:01","2026-05-08 15:39:01","2026-05-09 01:01:17","X202605000653140","Y",""
"XDIST202605080004995773","엑셀수기배분","90019","EC-온라인물류","위탁","25F","DWDJ5L056","BDD","95","출고완료","5","5","0","5","허새흰(HEEN1)","2026-05-08","2026-05-08","2026-05-08 15:39:01","2026-05-08 15:39:01","2026-05-08 15:39:01","2026-05-09 01:01:19","X202605000653140","Y",""
"XDIST202605080004995773","엑셀수기배분","90019","EC-온라인물류","위탁","25F","DWDJ5L056","BDD","100","출고완료","5","5","0","5","허새흰(HEEN1)","2026-05-08","2026-05-08","2026-05-08 15:39:01","2026-05-08 15:39:01","2026-05-08 15:39:01","2026-05-09 01:01:17","X202605000653140","Y",""
"XDIST202605080004995773","엑셀수기배분","90019","EC-온라인물류","위탁","25F","DWDJ8D056","PPS","85","출고완료","5","5","0","5","허새흰(HEEN1)","2026-05-08","2026-05-08","2026-05-08 15:39:01","2026-05-08 15:39:01","2026-05-08 15:39:01","2026-05-09 01:01:18","X202605000653140","Y",""
"XDIST202605080004995773","엑셀수기배분","90019","EC-온라인물류","위탁","25F","DWDJ8D056","CRS","95","출고완료","5","5","0","5","허새흰(HEEN1)","2026-05-08","2026-05-08","2026-05-08 15:39:01","2026-05-08 15:39:01","2026-05-08 15:39:01","2026-05-09 01:01:18","X202605000653140","Y",""
"XDIST202605080004995773","엑셀수기배분","90019","EC-온라인물류","위탁","25F","DWDJ8D056","PPS","95","출고완료","5","5","0","5","허새흰(HEEN1)","2026-05-08","2026-05-08","2026-05-08 15:39:01","2026-05-08 15:39:01","2026-05-08 15:39:01","2026-05-09 01:01:27","X202605000653140","Y",""
"XDIST202605080004995773","엑셀수기배분","90019","EC-온라인물류","위탁","25F","DWDJ8D056","PKL","95","출고완료","5","5","0","5","허새흰(HEEN1)","2026-05-08","2026-05-08","2026-05-08 15:39:01","2026-05-08 15:39:01","2026-05-08 15:39:01","2026-05-09 01:01:18","X202605000653140","Y",""
"XDIST202605080004995773","엑셀수기배분","90019","EC-온라인물류","위탁","25F","DWDJ8D056","CRS","90","출고완료","5","5","0","5","허새흰(HEEN1)","2026-05-08","2026-05-08","2026-05-08 15:39:01","2026-05-08 15:39:01","2026-05-08 15:39:01","2026-05-09 01:01:18","X202605000653140","Y",""
"XDIST202605080004995773","엑셀수기배분","90019","EC-온라인물류","위탁","25F","DWDJ8D056","CRS","100","출고완료","5","5","0","5","허새흰(HEEN1)","2026-05-08","2026-05-08","2026-05-08 15:39:01","2026-05-08 15:39:01","2026-05-08 15:39:01","2026-05-09 01:01:20","X202605000653140","Y",""
"XDIST202605080004995773","엑셀수기배분","90019","EC-온라인물류","위탁","25F","DWDJ94056","BKS","95","출고완료","5","5","0","5","허새흰(HEEN1)","2026-05-08","2026-05-08","2026-05-08 15:39:01","2026-05-08 15:39:01","2026-05-08 15:39:01","2026-05-09 01:01:21","X202605000653140","Y",""
"XDIST202605060004973820","MD요청-상품","10039","AK원주","위탁","26S","DXRS5G063","PCS","105","출고완료","1","1","0","1","권현정(KHJEONG)","2026-05-06","2026-05-06","2026-05-06 17:26:09","2026-05-06 17:26:09","2026-05-06 17:26:09","2026-05-07 01:04:05","X202605000364532","Y",""
"XDIST202605060004973820","MD요청-상품","50195","수원남문(대-위)","위탁","26S","DXRS5G063","PCS","100","출고완료","1","1","0","1","권현정(KHJEONG)","2026-05-06","2026-05-06","2026-05-06 17:31:05","2026-05-06 17:31:05","2026-05-06 17:31:05","2026-05-07 01:03:52","X202605000364534","Y",""
"XDIST202605060004973820","MD요청-상품","50178","태백(대-위)","위탁","26S","DXRS5G063","PCS","105","출고완료","1","1","0","1","권현정(KHJEONG)","2026-05-06","2026-05-06","2026-05-06 17:30:16","2026-05-06 17:30:16","2026-05-06 17:30:16","2026-05-07 01:04:40","X202605000364536","Y",""
"XDIST202605060004974122","MD요청-상품","50090","아산(대-위)","위탁","26S","DWRS97063","DGS","95","출고완료","1","1","0","1","권현정(KHJEONG)","2026-05-06","2026-05-06","2026-05-06 17:27:04","2026-05-06 17:27:04","2026-05-06 17:27:04","2026-05-07 01:02:39","X202605000364831","Y",""
"XDIST202605060004974122","MD요청-상품","50041","홍성점(대-위)","위탁","26S","DWRS97063","DGS","95","출고완료","1","1","0","1","권현정(KHJEONG)","2026-05-06","2026-05-06","2026-05-06 17:30:17","2026-05-06 17:30:17","2026-05-06 17:30:17","2026-05-07 01:03:32","X202605000364836","Y",""
"XDIST202605060004974122","MD요청-상품","10008","롯데건대","위탁","26S","DWRS97063","DGS","90","출고완료","1","1","0","1","권현정(KHJEONG)","2026-05-06","2026-05-06","2026-05-06 17:26:09","2026-05-06 17:26:09","2026-05-06 17:26:09","2026-05-07 01:04:50","X202605000364838","Y",""
"XDIST202605060004974122","MD요청-상품","50122","상주(대-위)","위탁","26S","DWRS97063","DGS","95","출고완료","1","1","0","1","권현정(KHJEONG)","2026-05-06","2026-05-06","2026-05-06 17:27:04","2026-05-06 17:27:04","2026-05-06 17:27:04","2026-05-07 01:03:53","X202605000364840","Y",""
"XDIST202605060004974122","MD요청-상품","10032","롯데수원","위탁","26S","DWRS97063","DGS","95","출고완료","1","1","0","1","권현정(KHJEONG)","2026-05-06","2026-05-06","2026-05-06 17:26:09","2026-05-06 17:26:09","2026-05-06 17:26:09","2026-05-07 01:04:56","X202605000364842","Y",""
"XDIST202605070004989147","엑셀수기배분","90019","EC-온라인물류","위탁","26S","DWSWB4063","WHS","L","출고완료","10","10","0","10","박정민(PJM1003)","2026-05-07","2026-05-08","2026-05-08 17:49:01","2026-05-08 17:49:01","2026-05-08 17:49:01","2026-05-09 01:03:52","X202605000547521","Y",""
"XDIST202605060004974319","MD요청-상품","10048","아이파크용산","위탁","26S","DWRS9N063","LDL","90","출고완료","1","1","0","1","권현정(KHJEONG)","2026-05-06","2026-05-06","2026-05-06 17:26:09","2026-05-06 17:26:09","2026-05-06 17:26:09","2026-05-07 01:05:01","X202605000365180","Y",""
"XDIST202605060004979832","엑셀수기배분","30051","신세계아울렛여주(직)","위탁","24S","DWTP68043","BKS","26","출고완료","5","5","0","5","이훈희(LEEHH1149)","2026-05-06","2026-05-07","2026-05-07 16:51:01","2026-05-07 16:51:01","2026-05-07 16:51:01","2026-05-08 01:03:07","X202605000385218","Y",""
"XDIST202605060004979832","엑셀수기배분","30051","신세계아울렛여주(직)","위탁","24S","DWTP68043","BKS","29","출고완료","2","2","0","2","이훈희(LEEHH1149)","2026-05-06","2026-05-07","2026-05-07 16:51:01","2026-05-07 16:51:01","2026-05-07 16:51:01","2026-05-08 01:03:05","X202605000385218","Y",""
"XDIST202605060004979832","엑셀수기배분","30051","신세계아울렛여주(직)","위탁","24S","DMTR51043","GNS","100","출고완료","5","5","0","5","이훈희(LEEHH1149)","2026-05-06","2026-05-07","2026-05-07 16:51:01","2026-05-07 16:51:01","2026-05-07 16:51:01","2026-05-08 01:03:06","X202605000385219","Y",""
"XDIST202605060004979832","엑셀수기배분","30051","신세계아울렛여주(직)","위탁","24S","DWTR52043","BKS","100","출고완료","5","5","0","5","이훈희(LEEHH1149)","2026-05-06","2026-05-07","2026-05-07 16:51:01","2026-05-07 16:51:01","2026-05-07 16:51:01","2026-05-08 01:03:07","X202605000385219","Y",""
"XDIST202605060004979832","엑셀수기배분","30051","신세계아울렛여주(직)","위탁","24S","DWTR52043","BKS","95","출고완료","5","5","0","5","이훈희(LEEHH1149)","2026-05-06","2026-05-07","2026-05-07 16:51:01","2026-05-07 16:51:01","2026-05-07 16:51:01","2026-05-08 01:03:07","X202605000385219","Y",""
"XDIST202605060004979832","엑셀수기배분","30051","신세계아울렛여주(직)","위탁","24S","DWTR52043","CRD","100","출고완료","5","5","0","5","이훈희(LEEHH1149)","2026-05-06","2026-05-07","2026-05-07 16:51:01","2026-05-07 16:51:01","2026-05-07 16:51:01","2026-05-08 01:03:07","X202605000385219","Y",""
"XDIST202605060004979832","엑셀수기배분","30051","신세계아울렛여주(직)","위탁","24S","DWTR52043","IVD","100","출고완료","5","5","0","5","이훈희(LEEHH1149)","2026-05-06","2026-05-07","2026-05-07 16:51:01","2026-05-07 16:51:01","2026-05-07 16:51:01","2026-05-08 01:03:07","X202605000385219","Y",""
"XDIST202605060004979832","엑셀수기배분","30051","신세계아울렛여주(직)","위탁","24S","DXTR6E043","BKS","100","출고완료","5","5","0","5","이훈희(LEEHH1149)","2026-05-06","2026-05-07","2026-05-07 16:51:01","2026-05-07 16:51:01","2026-05-07 16:51:01","2026-05-08 01:03:03","X202605000385219","Y",""
"XDIST202605060004979832","엑셀수기배분","30051","신세계아울렛여주(직)","위탁","24S","DXTR75043","IVS","110","출고완료","5","5","0","5","이훈희(LEEHH1149)","2026-05-06","2026-05-07","2026-05-07 16:51:01","2026-05-07 16:51:01","2026-05-07 16:51:01","2026-05-08 01:03:06","X202605000385219","Y",""
"XDIST202605060004979832","엑셀수기배분","30051","신세계아울렛여주(직)","위탁","24S","DXTR76043","BRD","105","출고완료","5","5","0","5","이훈희(LEEHH1149)","2026-05-06","2026-05-07","2026-05-07 16:51:01","2026-05-07 16:51:01","2026-05-07 16:51:01","2026-05-08 01:03:06","X202605000385219","Y",""
"XDIST202605060004979832","엑셀수기배분","30051","신세계아울렛여주(직)","위탁","24S","DMTS55043","TQL","100","출고완료","5","5","0","5","이훈희(LEEHH1149)","2026-05-06","2026-05-07","2026-05-07 16:51:01","2026-05-07 16:51:01","2026-05-07 16:51:01","2026-05-08 01:03:05","X202605000385220","Y",""
"XDIST202605060004979832","엑셀수기배분","30051","신세계아울렛여주(직)","위탁","24S","DMTS55043","TQL","95","출고완료","5","5","0","5","이훈희(LEEHH1149)","2026-05-06","2026-05-07","2026-05-07 16:51:01","2026-05-07 16:51:01","2026-05-07 16:51:01","2026-05-08 01:03:05","X202605000385220","Y",""
"XDIST202605060004979832","엑셀수기배분","30051","신세계아울렛여주(직)","위탁","24S","DMTS73043","TQS","95","출고완료","5","5","0","5","이훈희(LEEHH1149)","2026-05-06","2026-05-07","2026-05-07 16:51:01","2026-05-07 16:51:01","2026-05-07 16:51:01","2026-05-08 01:03:08","X202605000385220","Y",""
"XDIST202605060004979832","엑셀수기배분","30051","신세계아울렛여주(직)","위탁","24S","DMTSGI043","CRS","105","출고완료","5","5","0","5","이훈희(LEEHH1149)","2026-05-06","2026-05-07","2026-05-07 16:51:01","2026-05-07 16:51:01","2026-05-07 16:51:01","2026-05-08 01:03:07","X202605000385220","Y",""
"XDIST202605060004979832","엑셀수기배분","30051","신세계아울렛여주(직)","위탁","24S","DMTSGQ043","DBS","110","출고완료","5","5","0","5","이훈희(LEEHH1149)","2026-05-06","2026-05-07","2026-05-07 16:51:01","2026-05-07 16:51:01","2026-05-07 16:51:01","2026-05-08 01:03:07","X202605000385220","Y",""
"XDIST202605060004979832","엑셀수기배분","30051","신세계아울렛여주(직)","위탁","24S","DMTSGQ043","GRD","95","출고완료","3","3","0","3","이훈희(LEEHH1149)","2026-05-06","2026-05-07","2026-05-07 16:51:01","2026-05-07 16:51:01","2026-05-07 16:51:01","2026-05-08 01:03:05","X202605000385220","Y",""
"XDIST202605060004979832","엑셀수기배분","30051","신세계아울렛여주(직)","위탁","24S","DMTSGU043","CBL","110","출고완료","5","5","0","5","이훈희(LEEHH1149)","2026-05-06","2026-05-07","2026-05-07 16:51:01","2026-05-07 16:51:01","2026-05-07 16:51:01","2026-05-08 01:03:04","X202605000385220","Y",""
"XDIST202605060004979832","엑셀수기배분","30051","신세계아울렛여주(직)","위탁","24S","DMTSGU043","GNN","110","출고완료","5","5","0","5","이훈희(LEEHH1149)","2026-05-06","2026-05-07","2026-05-07 16:51:01","2026-05-07 16:51:01","2026-05-07 16:51:01","2026-05-08 01:03:04","X202605000385220","Y",""
"XDIST202605060004979832","엑셀수기배분","30051","신세계아울렛여주(직)","위탁","24S","DWWJ93043","MTS","90","출고완료","5","5","0","5","이훈희(LEEHH1149)","2026-05-06","2026-05-07","2026-05-07 16:51:01","2026-05-07 16:51:01","2026-05-07 16:51:01","2026-05-08 01:03:05","X202605000385221","Y",""
"XDIST202605060004979832","엑셀수기배분","30051","신세계아울렛여주(직)","위탁","24S","DWWJ93043","MTS","95","출고완료","5","5","0","5","이훈희(LEEHH1149)","2026-05-06","2026-05-07","2026-05-07 16:51:01","2026-05-07 16:51:01","2026-05-07 16:51:01","2026-05-08 01:03:05","X202605000385221","Y",""
"XDIST202605060004979832","엑셀수기배분","30051","신세계아울렛여주(직)","위탁","24S","DWWJ95043","BKS","100","출고완료","4","4","0","4","이훈희(LEEHH1149)","2026-05-06","2026-05-07","2026-05-07 16:51:01","2026-05-07 16:51:01","2026-05-07 16:51:01","2026-05-08 01:03:05","X202605000385221","Y",""
"XDIST202605060004979832","엑셀수기배분","30051","신세계아울렛여주(직)","위탁","24S","DMWJ61043","BKS","100","출고완료","5","5","0","5","이훈희(LEEHH1149)","2026-05-06","2026-05-07","2026-05-07 16:51:01","2026-05-07 16:51:01","2026-05-07 16:51:01","2026-05-08 01:03:04","X202605000385221","Y",""
"XDIST202605060004979832","엑셀수기배분","30051","신세계아울렛여주(직)","위탁","24S","DMWJ61043","CBD","95","출고완료","5","5","0","5","이훈희(LEEHH1149)","2026-05-06","2026-05-07","2026-05-07 16:51:01","2026-05-07 16:51:01","2026-05-07 16:51:01","2026-05-08 01:03:03","X202605000385221","Y",""
"XDIST202605060004979832","엑셀수기배분","30051","신세계아울렛여주(직)","위탁","24S","DWWJ62043","MTL","95","출고완료","5","5","0","5","이훈희(LEEHH1149)","2026-05-06","2026-05-07","2026-05-07 16:51:01","2026-05-07 16:51:01","2026-05-07 16:51:01","2026-05-08 01:03:08","X202605000385221","Y",""
"XDIST202605060004979832","엑셀수기배분","30051","신세계아울렛여주(직)","위탁","24S","DWWJ93043","LYS","100","출고완료","5","5","0","5","이훈희(LEEHH1149)","2026-05-06","2026-05-07","2026-05-07 16:51:01","2026-05-07 16:51:01","2026-05-07 16:51:01","2026-05-08 01:03:04","X202605000385221","Y",""
"XDIST202605060004979832","엑셀수기배분","30051","신세계아울렛여주(직)","위탁","24S","DWWJ93043","LYS","95","출고완료","5","5","0","5","이훈희(LEEHH1149)","2026-05-06","2026-05-07","2026-05-07 16:51:01","2026-05-07 16:51:01","2026-05-07 16:51:01","2026-05-08 01:03:05","X202605000385221","Y",""
"XDIST202605060004979832","엑셀수기배분","30051","신세계아울렛여주(직)","위탁","24S","DXRS6A043","CBL","100","출고완료","5","5","0","5","이훈희(LEEHH1149)","2026-05-06","2026-05-07","2026-05-07 16:51:01","2026-05-07 16:51:01","2026-05-07 16:51:01","2026-05-08 01:03:07","X202605000385222","Y",""
"XDIST202605060004979832","엑셀수기배분","30051","신세계아울렛여주(직)","위탁","24S","DXRS79043","BLD","110","출고완료","3","3","0","3","이훈희(LEEHH1149)","2026-05-06","2026-05-07","2026-05-07 16:51:01","2026-05-07 16:51:01","2026-05-07 16:51:01","2026-05-08 01:03:06","X202605000385222","Y",""
"XDIST202605060004979832","엑셀수기배분","30051","신세계아울렛여주(직)","위탁","24S","DXRS7C043","GNN","100","출고완료","5","5","0","5","이훈희(LEEHH1149)","2026-05-06","2026-05-07","2026-05-07 16:51:01","2026-05-07 16:51:01","2026-05-07 16:51:01","2026-05-08 01:03:03","X202605000385222","Y",""
"XDIST202605070004991524","MD요청-상품","31006","명동점(직)","위탁","25N","DXCP5015N","IVS","58","출고완료","2","2","0","2","장윤희(YHJANG)","2026-05-07","2026-05-08","2026-05-08 17:33:04","2026-05-08 17:33:04","2026-05-08 17:33:04","2026-05-09 13:23:00","X202605000555481","Y",""
"XDIST202605070004990843","MD요청-상품","50041","홍성점(대-위)","위탁","25N","DXCP5015N","BES","56","출고완료","2","2","0","2","장윤희(YHJANG)","2026-05-07","2026-05-08","2026-05-08 17:33:03","2026-05-08 17:33:03","2026-05-08 17:33:03","2026-05-09 01:01:58","X202605000553204","Y",""
"XDIST202605070004991838","MD요청-상품","31006","명동점(직)","위탁","25N","DXCP5055N","BKS","58","출고완료","3","3","0","3","장윤희(YHJANG)","2026-05-07","2026-05-08","2026-05-08 17:33:05","2026-05-08 17:33:05","2026-05-08 17:33:05","2026-05-09 13:23:01","X202605000556868","Y",""
"XDIST202605080004993353","엑셀수기배분","90019","EC-온라인물류","위탁","25N","DKCP4095N","BKS","56","출고완료","2","2","0","2","허새흰(HEEN1)","2026-05-08","2026-05-08","2026-05-08 17:30:03","2026-05-08 17:30:03","2026-05-08 17:30:03","2026-05-09 01:01:22","X202605000616235","Y",""
"XDIST202605080004993353","엑셀수기배분","90019","EC-온라인물류","위탁","25N","DXSH4305N","WHS","265","출고완료","4","4","0","4","허새흰(HEEN1)","2026-05-08","2026-05-08","2026-05-08 17:30:03","2026-05-08 17:30:03","2026-05-08 17:30:03","2026-05-09 01:01:27","X202605000616242","Y",""
"XDIST202605080004993353","엑셀수기배분","90019","EC-온라인물류","위탁","24N","DXSH7334N","BKS","280","출고완료","2","2","0","2","허새흰(HEEN1)","2026-05-08","2026-05-08","2026-05-08 17:30:03","2026-05-08 17:30:03","2026-05-08 17:30:03","2026-05-09 01:01:29","X202605000616243","Y",""
"XDIST202605080004993353","엑셀수기배분","90019","EC-온라인물류","위탁","25N","DXSO7055N","WHS","24","출고완료","7","7","0","7","허새흰(HEEN1)","2026-05-08","2026-05-08","2026-05-08 17:30:03","2026-05-08 17:30:03","2026-05-08 17:30:03","2026-05-09 01:01:28","X202605000616245","Y",""
"XDIST202605080004993353","엑셀수기배분","90019","EC-온라인물류","위탁","25N","DXSO7065N","WHS","26","출고완료","5","5","0","5","허새흰(HEEN1)","2026-05-08","2026-05-08","2026-05-08 17:30:03","2026-05-08 17:30:03","2026-05-08 17:30:03","2026-05-09 01:01:28","X202605000616245","Y",""
"XDIST202605080004993353","엑셀수기배분","90019","EC-온라인물류","위탁","25N","DXSO7085N","BKS","26","출고완료","6","6","0","6","허새흰(HEEN1)","2026-05-08","2026-05-08","2026-05-08 17:30:03","2026-05-08 17:30:03","2026-05-08 17:30:03","2026-05-09 01:01:21","X202605000616245","Y",""
"XDIST202605080004993353","엑셀수기배분","90019","EC-온라인물류","위탁","24N","DXSO7104N","WHS","24","출고완료","24","24","0","24","허새흰(HEEN1)","2026-05-08","2026-05-08","2026-05-08 17:30:03","2026-05-08 17:30:03","2026-05-08 17:30:03","2026-05-09 01:01:21","X202605000616246","Y",""
"XDIST202605080004993353","엑셀수기배분","90019","EC-온라인물류","위탁","24N","DXSO7134N","NYS","24","출고완료","15","15","0","15","허새흰(HEEN1)","2026-05-08","2026-05-08","2026-05-08 17:30:03","2026-05-08 17:30:03","2026-05-08 17:30:03","2026-05-09 01:01:28","X202605000616246","Y",""
"XDIST202605080004993353","엑셀수기배분","90019","EC-온라인물류","위탁","25S","DKAZ72053","GRL","150","출고완료","17","17","0","0","허새흰(HEEN1)","2026-05-08","2026-05-08","2026-05-08 17:30:03","2026-05-08 17:30:03","2026-05-08 17:30:03","","X202605000616247","Y",""
"XDIST202605080004993353","엑셀수기배분","90019","EC-온라인물류","위탁","25S","DMPT7I053","BGS","30","출고완료","1","1","0","1","허새흰(HEEN1)","2026-05-08","2026-05-08","2026-05-08 17:30:03","2026-05-08 17:30:03","2026-05-08 17:30:03","2026-05-09 01:01:22","X202605000616252","Y",""
"XDIST202605080004993353","엑셀수기배분","90019","EC-온라인물류","위탁","25S","DMRS8H053","KAL","105","출고완료","2","2","0","2","허새흰(HEEN1)","2026-05-08","2026-05-08","2026-05-08 17:30:04","2026-05-08 17:30:04","2026-05-08 17:30:04","2026-05-09 01:01:27","X202605000616253","Y",""
"XDIST202605080004993353","엑셀수기배분","90019","EC-온라인물류","위탁","25S","DMSB71053","BKS","36","출고완료","5","5","0","5","허새흰(HEEN1)","2026-05-08","2026-05-08","2026-05-08 17:30:04","2026-05-08 17:30:04","2026-05-08 17:30:04","2026-05-09 01:01:27","X202605000616254","Y",""
"XDIST202605080004993353","엑셀수기배분","90019","EC-온라인물류","위탁","25S","DMSL71053","WHS","95","출고완료","1","1","0","1","허새흰(HEEN1)","2026-05-08","2026-05-08","2026-05-08 17:30:04","2026-05-08 17:30:04","2026-05-08 17:30:04","2026-05-09 01:01:22","X202605000616255","Y",""
"XDIST202605080004993353","엑셀수기배분","90019","EC-온라인물류","위탁","25S","DMSW61053","BKS","105","출고완료","6","6","0","6","허새흰(HEEN1)","2026-05-08","2026-05-08","2026-05-08 17:30:04","2026-05-08 17:30:04","2026-05-08 17:30:04","2026-05-09 01:01:27","X202605000616257","Y",""
"XDIST202605080004993353","엑셀수기배분","90019","EC-온라인물류","위탁","25S","DMSW63053","BKS","100","출고완료","6","6","0","6","허새흰(HEEN1)","2026-05-08","2026-05-08","2026-05-08 17:30:04","2026-05-08 17:30:04","2026-05-08 17:30:04","2026-05-09 01:01:23","X202605000616257","Y",""
"XDIST202605080004993353","엑셀수기배분","90019","EC-온라인물류","위탁","25S","DMSW67053","BKL","100","출고완료","6","6","0","6","허새흰(HEEN1)","2026-05-08","2026-05-08","2026-05-08 17:30:04","2026-05-08 17:30:04","2026-05-08 17:30:04","2026-05-09 01:01:27","X202605000616257","Y",""
"XDIST202605080004993353","엑셀수기배분","90019","EC-온라인물류","위탁","25S","DXSW71053","BKS","90","출고완료","1","1","0","1","허새흰(HEEN1)","2026-05-08","2026-05-08","2026-05-08 17:30:04","2026-05-08 17:30:04","2026-05-08 17:30:04","2026-05-09 01:01:26","X202605000616257","Y",""
"XDIST202605080004993353","엑셀수기배분","90019","EC-온라인물류","위탁","25S","DMTB6A053","BKS","38","출고완료","4","4","0","4","허새흰(HEEN1)","2026-05-08","2026-05-08","2026-05-08 17:30:04","2026-05-08 17:30:04","2026-05-08 17:30:04","2026-05-09 01:01:21","X202605000616258","Y",""
"XDIST202605080004993353","엑셀수기배분","90019","EC-온라인물류","위탁","25S","DWTR92053","BKS","90","출고완료","9","9","0","9","허새흰(HEEN1)","2026-05-08","2026-05-08","2026-05-08 17:30:04","2026-05-08 17:30:04","2026-05-08 17:30:04","2026-05-09 01:01:29","X202605000616260","Y",""
"XDIST202605080004993353","엑셀수기배분","90019","EC-온라인물류","위탁","25S","DXTR37051","GRS","100","출고완료","4","4","0","4","허새흰(HEEN1)","2026-05-08","2026-05-08","2026-05-08 17:30:04","2026-05-08 17:30:04","2026-05-08 17:30:04","2026-05-09 01:01:23","X202605000616260","Y",""
"XDIST202605080004993353","엑셀수기배분","90019","EC-온라인물류","위탁","25S","DXTR7E053","BKS","105","출고완료","4","4","0","4","허새흰(HEEN1)","2026-05-08","2026-05-08","2026-05-08 17:30:04","2026-05-08 17:30:04","2026-05-08 17:30:04","2026-05-09 01:01:29","X202605000616260","Y",""
"XDIST202605080004993353","엑셀수기배분","90019","EC-온라인물류","위탁","25S","DXTR7E053","GRD","105","출고완료","2","2","0","2","허새흰(HEEN1)","2026-05-08","2026-05-08","2026-05-08 17:30:04","2026-05-08 17:30:04","2026-05-08 17:30:04","2026-05-09 01:01:29","X202605000616260","Y",""
"XDIST202605080004993353","엑셀수기배분","90019","EC-온라인물류","위탁","25S","DXTR7G053","BGL","100","출고완료","3","3","0","3","허새흰(HEEN1)","2026-05-08","2026-05-08","2026-05-08 17:30:04","2026-05-08 17:30:04","2026-05-08 17:30:04","2026-05-09 01:01:29","X202605000616260","Y",""
"XDIST202605080004993353","엑셀수기배분","90019","EC-온라인물류","위탁","25S","DMTS77053","DGS","110","출고완료","2","2","0","0","허새흰(HEEN1)","2026-05-08","2026-05-08","2026-05-08 17:30:04","2026-05-08 17:30:04","2026-05-08 17:30:04","","X202605000616261","Y",""
"XDIST202605080004993353","엑셀수기배분","90019","EC-온라인물류","위탁","25S","DMWJ7C053","WHS","105","출고완료","2","2","0","2","허새흰(HEEN1)","2026-05-08","2026-05-08","2026-05-08 17:30:04","2026-05-08 17:30:04","2026-05-08 17:30:04","2026-05-09 01:01:26","X202605000616263","Y",""
"XDIST202605080004993353","엑셀수기배분","90019","EC-온라인물류","위탁","25S","DWWJ42051","IVD","100","출고완료","1","1","0","0","허새흰(HEEN1)","2026-05-08","2026-05-08","2026-05-08 17:30:04","2026-05-08 17:30:04","2026-05-08 17:30:04","","X202605000616263","Y",""
"XDIST202605080004993353","엑셀수기배분","90019","EC-온라인물류","위탁","25S","DWWJ7D053","BKS","95","출고완료","1","1","0","1","허새흰(HEEN1)","2026-05-08","2026-05-08","2026-05-08 17:30:04","2026-05-08 17:30:04","2026-05-08 17:30:04","2026-05-09 01:01:23","X202605000616263","Y",""
"XDIST202605080004993353","엑셀수기배분","90019","EC-온라인물류","위탁","25S","DWBR45051","BKS","M","출고완료","1","1","0","1","허새흰(HEEN1)","2026-05-08","2026-05-08","2026-05-08 17:30:04","2026-05-08 17:30:04","2026-05-08 17:30:04","2026-05-09 01:01:22","X202605000616264","Y",""
"XDIST202605080004993353","엑셀수기배분","90019","EC-온라인물류","위탁","25S","DWBR45051","WHS","S","출고완료","6","6","0","6","허새흰(HEEN1)","2026-05-08","2026-05-08","2026-05-08 17:30:04","2026-05-08 17:30:04","2026-05-08 17:30:04","2026-05-09 01:01:22","X202605000616264","Y",""
"XDIST202605070004991660","MD요청-상품","10097","신세계대전","위탁","25N","DXCP6015N","BKS","56","출고완료","2","2","0","2","장윤희(YHJANG)","2026-05-07","2026-05-08","2026-05-08 17:33:04","2026-05-08 17:33:04","2026-05-08 17:33:04","2026-05-09 01:01:42","X202605000556419","Y",""
"XDIST202605060004980366","엑셀수기배분","10063","롯데전주","위탁","26S","DWTR91063","LVL","95","출고완료","1","1","0","1","권현정(KHJEONG)","2026-05-06","2026-05-07","2026-05-07 17:07:01","2026-05-07 17:07:01","2026-05-07 17:07:01","2026-05-08 01:02:24","X202605000388690","Y",""
"XDIST202605060004980366","엑셀수기배분","30028","광주상무(직)","위탁","26S","DWTR91063","IVD","100","출고완료","1","1","0","1","권현정(KHJEONG)","2026-05-06","2026-05-07","2026-05-07 17:07:01","2026-05-07 17:07:01","2026-05-07 17:07:01","2026-05-08 01:02:53","X202605000388693","Y",""
"XDIST202605060004980366","엑셀수기배분","50095","진주정촌(대-위)","위탁","26S","DWTR91063","IVD","100","출고완료","1","1","0","1","권현정(KHJEONG)","2026-05-06","2026-05-07","2026-05-07 17:07:01","2026-05-07 17:07:01","2026-05-07 17:07:01","2026-05-08 01:02:37","X202605000388699","Y",""
"XDIST202605060004980366","엑셀수기배분","50096","LF스퀘어양주(대-위)","위탁","26S","DXTB3A061","MGS","32","출고완료","1","1","0","1","권현정(KHJEONG)","2026-05-06","2026-05-07","2026-05-07 17:07:01","2026-05-07 17:07:01","2026-05-07 17:07:01","2026-05-08 01:03:56","X202605000388700","Y",""
"XDIST202605060004980366","엑셀수기배분","50123","포항중앙(대-위)","위탁","26S","DMTR71063","BKS","100","출고완료","1","1","0","1","권현정(KHJEONG)","2026-05-06","2026-05-07","2026-05-07 16:54:01","2026-05-07 16:54:01","2026-05-07 16:54:01","2026-05-08 01:02:46","X202605000388704","Y",""
"XDIST202605060004980366","엑셀수기배분","50201","문경(대-위)","위탁","26S","DXTB3A061","MGS","30","출고완료","1","1","0","1","권현정(KHJEONG)","2026-05-06","2026-05-07","2026-05-07 17:07:01","2026-05-07 17:07:01","2026-05-07 17:07:01","2026-05-08 01:02:27","X202605000388720","Y",""
"XDIST202605040004960123","엑셀수기배분","90019","EC-온라인물류","위탁","25N","DXHT6055N","BKS","59H","출고완료","6","6","0","6","허새흰(HEEN1)","2026-05-04","2026-05-04","2026-05-04 18:18:03","2026-05-04 18:18:03","2026-05-04 18:18:03","2026-05-05 01:02:10","X202605000179389","Y",""
"XDIST202605040004960123","엑셀수기배분","90019","EC-온라인물류","위탁","25S","DWRS6B053","WHS","95","출고완료","8","8","0","8","허새흰(HEEN1)","2026-05-04","2026-05-04","2026-05-04 18:18:03","2026-05-04 18:18:03","2026-05-04 18:18:03","2026-05-05 01:02:01","X202605000179394","Y",""
"XDIST202605040004960123","엑셀수기배분","90019","EC-온라인물류","위탁","25S","DWRS9D053","GRL","100","출고완료","5","5","0","5","허새흰(HEEN1)","2026-05-04","2026-05-04","2026-05-04 18:18:03","2026-05-04 18:18:03","2026-05-04 18:18:03","2026-05-05 01:02:11","X202605000179394","Y",""
"XDIST202605040004960123","엑셀수기배분","90019","EC-온라인물류","위탁","25S","DWRS9P053","WHS","100","출고완료","2","2","0","2","허새흰(HEEN1)","2026-05-04","2026-05-04","2026-05-04 18:18:03","2026-05-04 18:18:03","2026-05-04 18:18:03","2026-05-05 01:02:01","X202605000179394","Y",""
"XDIST202605040004960123","엑셀수기배분","90019","EC-온라인물류","위탁","25S","DMSB71053","BKS","28","출고완료","3","3","0","3","허새흰(HEEN1)","2026-05-04","2026-05-04","2026-05-04 18:18:03","2026-05-04 18:18:03","2026-05-04 18:18:03","2026-05-05 01:02:02","X202605000179395","Y",""
"XDIST202605040004960123","엑셀수기배분","90019","EC-온라인물류","위탁","25S","DWTB91053","BKS","26","출고완료","1","1","0","1","허새흰(HEEN1)","2026-05-04","2026-05-04","2026-05-04 18:18:03","2026-05-04 18:18:03","2026-05-04 18:18:03","2026-05-05 01:01:59","X202605000179398","Y",""
"XDIST202605040004960123","엑셀수기배분","90019","EC-온라인물류","위탁","25S","DMTP6C053","BKS","30","출고완료","2","2","0","2","허새흰(HEEN1)","2026-05-04","2026-05-04","2026-05-04 18:18:03","2026-05-04 18:18:03","2026-05-04 18:18:03","2026-05-05 01:02:01","X202605000179399","Y",""
"XDIST202605040004960123","엑셀수기배분","90019","EC-온라인물류","위탁","25S","DMWJ7Q053","TQS","100","출고완료","6","6","0","6","허새흰(HEEN1)","2026-05-04","2026-05-04","2026-05-04 18:18:03","2026-05-04 18:18:03","2026-05-04 18:18:03","2026-05-05 01:02:06","X202605000179402","Y",""
"XDIST202605040004960123","엑셀수기배분","90019","EC-온라인물류","위탁","25S","DWTR92053","OLD","90","출고완료","1","1","0","1","허새흰(HEEN1)","2026-05-04","2026-05-04","2026-05-04 18:18:03","2026-05-04 18:18:03","2026-05-04 18:18:03","2026-05-05 01:02:11","X202605000179406","Y",""
"XDIST202605040004968544","엑셀수기배분","90019","EC-온라인물류","위탁","26S","DMSP78063","BKS","28","출고완료","8","8","0","8","박정민(PJM1003)","2026-05-04","2026-05-06","2026-05-06 17:19:00","2026-05-06 17:19:00","2026-05-06 17:19:00","2026-05-07 01:01:54","X202605000199977","Y",""
"XDIST202605040004968544","엑셀수기배분","90019","EC-온라인물류","위탁","26S","DMSW7D063","CBL","100","출고완료","5","5","0","5","박정민(PJM1003)","2026-05-04","2026-05-06","2026-05-06 17:19:00","2026-05-06 17:19:00","2026-05-06 17:19:00","2026-05-07 01:01:55","X202605000199978","Y",""
"XDIST202605040004968544","엑셀수기배분","90019","EC-온라인물류","위탁","26S","DWRS9M063","LPL","85","출고완료","5","5","0","5","박정민(PJM1003)","2026-05-04","2026-05-06","2026-05-06 17:19:01","2026-05-06 17:19:01","2026-05-06 17:19:01","2026-05-07 01:01:57","X202605000199979","Y",""
"XDIST202605040004968544","엑셀수기배분","90019","EC-온라인물류","위탁","26S","DWRS9M063","LPL","95","출고완료","5","5","0","5","박정민(PJM1003)","2026-05-04","2026-05-06","2026-05-06 17:19:01","2026-05-06 17:19:01","2026-05-06 17:19:01","2026-05-07 01:01:57","X202605000199979","Y",""
"XDIST202605040004968544","엑셀수기배분","90019","EC-온라인물류","위탁","26S","DWTR95063","KAD","100","출고완료","2","2","0","2","박정민(PJM1003)","2026-05-04","2026-05-06","2026-05-06 17:19:01","2026-05-06 17:19:01","2026-05-06 17:19:01","2026-05-07 01:01:55","X202605000199981","Y",""
"XDIST202605040004968544","엑셀수기배분","90019","EC-온라인물류","위탁","26S","DWTR95063","KAD","95","출고완료","2","2","0","2","박정민(PJM1003)","2026-05-04","2026-05-06","2026-05-06 17:19:01","2026-05-06 17:19:01","2026-05-06 17:19:01","2026-05-07 01:01:55","X202605000199981","Y",""
"XDIST202605060004979188","엑셀수기배분","90019","EC-온라인물류","위탁","21N","DXSH2111N","IVS","270","출고완료","1","1","0","1","박정민(PJM1003)","2026-05-06","2026-05-06","2026-05-07 16:51:00","2026-05-07 16:51:00","2026-05-07 16:51:00","2026-05-08 01:01:01","X202605000380960","Y",""
"XDIST202605060004979188","엑셀수기배분","90019","EC-온라인물류","위탁","26S","DWRL44061","WHS","95","출고완료","2","2","0","2","박정민(PJM1003)","2026-05-06","2026-05-06","2026-05-07 16:51:00","2026-05-07 16:51:00","2026-05-07 16:51:00","2026-05-08 01:01:02","X202605000380963","Y",""
"XDIST202605060004979188","엑셀수기배분","90019","EC-온라인물류","위탁","26S","DMTS71063","CGD","105","출고완료","11","11","0","11","박정민(PJM1003)","2026-05-06","2026-05-06","2026-05-07 16:51:01","2026-05-07 16:51:01","2026-05-07 16:51:01","2026-05-08 01:01:01","X202605000380965","Y",""
"XDIST202605060004979188","엑셀수기배분","90019","EC-온라인물류","위탁","26S","DMTS81063","BGL","105","출고완료","9","9","0","9","박정민(PJM1003)","2026-05-06","2026-05-06","2026-05-07 16:51:01","2026-05-07 16:51:01","2026-05-07 16:51:01","2026-05-08 01:01:02","X202605000380965","Y",""
"XDIST202605060004979188","엑셀수기배분","90019","EC-온라인물류","위탁","26S","DWWJ4G061","PCS","85","출고완료","3","3","0","3","박정민(PJM1003)","2026-05-06","2026-05-06","2026-05-07 16:51:01","2026-05-07 16:51:01","2026-05-07 16:51:01","2026-05-08 01:01:02","X202605000380966","Y",""
"XDIST202605060004979188","엑셀수기배분","90019","EC-온라인물류","위탁","26S","DXRS7T063","NYD","105","출고완료","8","8","0","8","박정민(PJM1003)","2026-05-06","2026-05-06","2026-05-07 16:51:01","2026-05-07 16:51:01","2026-05-07 16:51:01","2026-05-08 01:01:01","X202605000380969","Y",""
"XDIST202605060004973610","MD요청-상품","50165","청주율량(대-위)","위탁","26S","DXTB7A063","BKS","34","출고완료","1","1","0","1","권현정(KHJEONG)","2026-05-06","2026-05-06","2026-05-06 17:30:16","2026-05-06 17:30:16","2026-05-06 17:30:16","2026-05-07 01:03:34","X202605000364187","Y",""
"XDIST202605060004973610","MD요청-상품","50167","부산광복(대-위)","위탁","26S","DXTB7A063","BKS","30","출고완료","2","2","0","2","권현정(KHJEONG)","2026-05-06","2026-05-06","2026-05-06 17:30:16","2026-05-06 17:30:16","2026-05-06 17:30:16","2026-05-07 01:03:20","X202605000364190","Y",""
"XDIST202605060004973610","MD요청-상품","50167","부산광복(대-위)","위탁","26S","DXTB7A063","BKS","26","출고완료","1","1","0","1","권현정(KHJEONG)","2026-05-06","2026-05-06","2026-05-06 17:30:16","2026-05-06 17:30:16","2026-05-06 17:30:16","2026-05-07 01:04:11","X202605000364190","Y",""
"XDIST202605060004973610","MD요청-상품","50167","부산광복(대-위)","위탁","26S","DXTB7A063","BKS","34","출고완료","1","1","0","1","권현정(KHJEONG)","2026-05-06","2026-05-06","2026-05-06 17:30:16","2026-05-06 17:30:16","2026-05-06 17:30:16","2026-05-07 01:02:27","X202605000364190","Y",""
"XDIST202605060004973610","MD요청-상품","10023","갤러리아대전","위탁","26S","DXTB7A063","BKS","34","출고완료","1","1","0","1","권현정(KHJEONG)","2026-05-06","2026-05-06","2026-05-06 17:27:04","2026-05-06 17:27:04","2026-05-06 17:27:04","2026-05-07 01:03:48","X202605000364192","Y",""
"XDIST202605060004973610","MD요청-상품","50202","NC부천(대-위)","위탁","26S","DXTB7A063","BKS","26","출고완료","1","1","0","1","권현정(KHJEONG)","2026-05-06","2026-05-06","2026-05-06 17:26:09","2026-05-06 17:26:09","2026-05-06 17:26:09","2026-05-07 01:05:17","X202605000364193","Y",""
"XDIST202605060004973610","MD요청-상품","31005","강남사옥(직)","위탁","26S","DXTB7A063","BKS","38","출고완료","1","1","0","1","권현정(KHJEONG)","2026-05-06","2026-05-06","2026-05-06 17:31:05","2026-05-06 17:31:05","2026-05-06 17:31:05","2026-05-07 09:03:00","X202605000364196","Y",""
"XDIST202605060004973610","MD요청-상품","10027","롯데평촌","위탁","26S","DXTB7A063","BKS","34","출고완료","1","1","0","1","권현정(KHJEONG)","2026-05-06","2026-05-06","2026-05-06 17:27:04","2026-05-06 17:27:04","2026-05-06 17:27:04","2026-05-07 01:04:55","X202605000364197","Y",""
"XDIST202605060004973610","MD요청-상품","50206","부산녹산(대-위)","위탁","26S","DXTB7A063","BKS","34","출고완료","1","1","0","1","권현정(KHJEONG)","2026-05-06","2026-05-06","2026-05-06 17:26:09","2026-05-06 17:26:09","2026-05-06 17:26:09","2026-05-07 01:04:18","X202605000364199","Y",""
"XDIST202605060004973610","MD요청-상품","50208","전주신도시(대-위)","위탁","26S","DXTB7A063","BKS","34","출고완료","1","1","0","1","권현정(KHJEONG)","2026-05-06","2026-05-06","2026-05-06 17:31:05","2026-05-06 17:31:05","2026-05-06 17:31:05","2026-05-07 01:03:13","X202605000364201","Y",""
"XDIST202605060004973610","MD요청-상품","50172","안성(대-위)","위탁","26S","DXTB7A063","BKS","26","출고완료","1","1","0","1","권현정(KHJEONG)","2026-05-06","2026-05-06","2026-05-06 17:31:05","2026-05-06 17:31:05","2026-05-06 17:31:05","2026-05-07 01:03:59","X202605000364205","Y",""
"XDIST202605060004973610","MD요청-상품","50058","모다대전(대-위)","위탁","26S","DXTB7A063","BKS","38","출고완료","1","1","0","1","권현정(KHJEONG)","2026-05-06","2026-05-06","2026-05-06 17:26:09","2026-05-06 17:26:09","2026-05-06 17:26:09","2026-05-07 01:03:43","X202605000364209","Y",""
"XDIST202605060004973610","MD요청-상품","10006","AK분당","위탁","26S","DXTB7A063","BKS","34","출고완료","1","1","0","1","권현정(KHJEONG)","2026-05-06","2026-05-06","2026-05-06 17:26:09","2026-05-06 17:26:09","2026-05-06 17:26:09","2026-05-07 01:05:23","X202605000364218","Y",""
"XDIST202605060004973610","MD요청-상품","10087","롯데인천","위탁","26S","DXTB7A063","BKS","34","출고완료","2","2","0","2","권현정(KHJEONG)","2026-05-06","2026-05-06","2026-05-06 17:26:09","2026-05-06 17:26:09","2026-05-06 17:26:09","2026-05-07 01:06:04","X202605000364228","Y",""
"XDIST202605060004973610","MD요청-상품","10019","롯데대구","위탁","26S","DXTB7A063","BKS","34","출고완료","1","1","0","1","권현정(KHJEONG)","2026-05-06","2026-05-06","2026-05-06 17:31:05","2026-05-06 17:31:05","2026-05-06 17:31:05","2026-05-07 01:03:58","X202605000364243","Y",""
"XDIST202605060004973610","MD요청-상품","50199","거창(대-위)","위탁","26S","DXTB7A063","BKS","26","출고완료","1","1","0","1","권현정(KHJEONG)","2026-05-06","2026-05-06","2026-05-06 17:26:09","2026-05-06 17:26:09","2026-05-06 17:26:09","2026-05-07 01:02:36","X202605000364244","Y",""
"XDIST202605060004973610","MD요청-상품","50077","서수원(대-위)","위탁","26S","DXTB7A063","BKS","26","출고완료","1","1","0","1","권현정(KHJEONG)","2026-05-06","2026-05-06","2026-05-06 17:26:09","2026-05-06 17:26:09","2026-05-06 17:26:09","2026-05-07 01:03:38","X202605000364247","Y",""
"XDIST202605060004973610","MD요청-상품","10097","신세계대전","위탁","26S","DXTB7A063","BKS","32","출고완료","2","2","0","2","권현정(KHJEONG)","2026-05-06","2026-05-06","2026-05-06 17:30:16","2026-05-06 17:30:16","2026-05-06 17:30:16","2026-05-07 01:02:40","X202605000364248","Y",""
"XDIST202605060004973610","MD요청-상품","10063","롯데전주","위탁","26S","DXTB7A063","BKS","34","출고완료","1","1","0","1","권현정(KHJEONG)","2026-05-06","2026-05-06","2026-05-06 17:27:04","2026-05-06 17:27:04","2026-05-06 17:27:04","2026-05-07 01:02:37","X202605000364259","Y",""
"XDIST202605070004991767","MD요청-상품","31006","명동점(직)","위탁","25N","DXCP5055N","BGS","58","출고완료","6","6","0","6","장윤희(YHJANG)","2026-05-07","2026-05-08","2026-05-08 17:33:05","2026-05-08 17:33:05","2026-05-08 17:33:05","2026-05-09 13:23:01","X202605000556707","Y",""
"XDIST202605070004991767","MD요청-상품","31006","명동점(직)","위탁","25N","DXCP5055N","BGS","56","출고완료","4","4","0","4","장윤희(YHJANG)","2026-05-07","2026-05-08","2026-05-08 17:33:05","2026-05-08 17:33:05","2026-05-08 17:33:05","2026-05-09 13:23:00","X202605000556707","Y",""
"XDIST202605060004973610","MD요청-상품","50127","전주중앙(대-위)","위탁","26S","DXTB7A063","BKS","34","출고완료","1","1","0","1","권현정(KHJEONG)","2026-05-06","2026-05-06","2026-05-06 17:30:16","2026-05-06 17:30:16","2026-05-06 17:30:16","2026-05-07 01:03:31","X202605000364267","Y",""
"XDIST202605060004973610","MD요청-상품","50020","안동(대-위)","위탁","26S","DXTB7A063","BKS","34","출고완료","1","1","0","1","권현정(KHJEONG)","2026-05-06","2026-05-06","2026-05-06 17:31:05","2026-05-06 17:31:05","2026-05-06 17:31:05","2026-05-07 01:03:14","X202605000364286","Y",""
"XDIST202605060004973610","MD요청-상품","10045","롯데관악","위탁","26S","DXTB7A063","BKS","26","출고완료","1","1","0","1","권현정(KHJEONG)","2026-05-06","2026-05-06","2026-05-06 17:26:09","2026-05-06 17:26:09","2026-05-06 17:26:09","2026-05-07 01:04:47","X202605000364290","Y",""
"XDIST202605060004973610","MD요청-상품","50151","속초(대-위)","위탁","26S","DXTB7A063","BKS","34","출고완료","1","1","0","1","권현정(KHJEONG)","2026-05-06","2026-05-06","2026-05-06 17:30:16","2026-05-06 17:30:16","2026-05-06 17:30:16","2026-05-07 01:02:43","X202605000364301","Y",""
"XDIST202605060004973610","MD요청-상품","50159","용인(대-위)","위탁","26S","DXTB7A063","BKS","26","출고완료","1","1","0","1","권현정(KHJEONG)","2026-05-06","2026-05-06","2026-05-06 17:30:16","2026-05-06 17:30:16","2026-05-06 17:30:16","2026-05-07 01:04:10","X202605000364307","Y",""
"XDIST202605060004973610","MD요청-상품","50037","구미인동(대-위)","위탁","26S","DXTB7A063","BKS","34","출고완료","1","1","0","1","권현정(KHJEONG)","2026-05-06","2026-05-06","2026-05-06 17:30:16","2026-05-06 17:30:16","2026-05-06 17:30:16","2026-05-07 01:04:33","X202605000364309","Y",""
"XDIST202605080004995595","엑셀수기배분","90019","EC-온라인물류","위탁","26S","DWTR93063","PCS","95","출고완료","2","2","0","2","박정민(PJM1003)","2026-05-08","2026-05-08","2026-05-08 17:46:02","2026-05-08 17:46:02","2026-05-08 17:46:02","2026-05-09 01:03:53","X202605000643225","Y",""
"XDIST202605070004988802","엑셀수기배분","90020","무신사 풀필먼트 서비스","위탁","26N","DXSO7096N","BKS","24","출고완료","3","3","0","3","박정민(PJM1003)","2026-05-07","2026-05-08","2026-05-13 11:08:00","2026-05-13 11:08:00","2026-05-13 11:08:00","2026-05-16 01:00:05","X202605000544539","Y",""
"XDIST202605060004975357","엑셀수기배분","30007","롯데아울렛이천(직)","위탁","24S","DMSW65043","BKS","95","출고완료","3","3","0","3","이훈희(LEEHH1149)","2026-05-06","2026-05-19","2026-05-19 16:09:00","2026-05-19 16:09:00","2026-05-19 16:09:00","2026-05-20 01:00:50","X202605000367547","Y",""
"XDIST202605060004975357","엑셀수기배분","30011","롯데아울렛수완(직)","위탁","24S","DWSW68043","BKS","100","출고완료","6","6","0","6","이훈희(LEEHH1149)","2026-05-06","2026-05-19","2026-05-19 16:09:01","2026-05-19 16:09:01","2026-05-19 16:09:01","2026-05-20 01:00:50","X202605000367549","Y",""
"XDIST202605060004975357","엑셀수기배분","30019","롯데아울렛김해(직)","위탁","24S","DMSW65043","BKS","110","출고완료","4","4","0","4","이훈희(LEEHH1149)","2026-05-06","2026-05-19","2026-05-19 16:09:01","2026-05-19 16:09:01","2026-05-19 16:09:01","2026-05-20 01:00:50","X202605000367553","Y",""
"XDIST202605060004975357","엑셀수기배분","30022","롯데아울렛진주(직)","위탁","24S","DWSW68043","BKS","100","출고완료","6","6","0","6","이훈희(LEEHH1149)","2026-05-06","2026-05-19","2026-05-19 16:09:01","2026-05-19 16:09:01","2026-05-19 16:09:01","2026-05-20 01:00:51","X202605000367556","Y",""
"XDIST202605060004975357","엑셀수기배분","30031","롯데아울렛원흥(직)","위탁","24S","DMSW65043","BKS","110","출고완료","3","3","0","3","이훈희(LEEHH1149)","2026-05-06","2026-05-19","2026-05-19 16:09:01","2026-05-19 16:09:01","2026-05-19 16:09:01","2026-05-20 01:02:30","X202605000367559","Y",""
"XDIST202605060004975357","엑셀수기배분","30031","롯데아울렛원흥(직)","위탁","24S","DWSW68043","BKS","90","출고완료","14","14","0","14","이훈희(LEEHH1149)","2026-05-06","2026-05-19","2026-05-19 16:09:01","2026-05-19 16:09:01","2026-05-19 16:09:01","2026-05-20 01:02:30","X202605000367559","Y",""
"XDIST202605060004975357","엑셀수기배분","30033","롯데아울렛군산(직)","위탁","24S","DMSW65043","BKS","110","출고완료","4","4","0","4","이훈희(LEEHH1149)","2026-05-06","2026-05-19","2026-05-19 16:09:01","2026-05-19 16:09:01","2026-05-19 16:09:01","2026-05-20 01:00:50","X202605000367560","Y",""
"XDIST202605060004975357","엑셀수기배분","30049","롯데아울렛의왕(직)","위탁","24S","DMSW65043","BKS","105","출고완료","15","15","0","15","이훈희(LEEHH1149)","2026-05-06","2026-05-19","2026-05-19 16:09:01","2026-05-19 16:09:01","2026-05-19 16:09:01","2026-05-20 01:02:33","X202605000367563","Y",""
"XDIST202605060004975357","엑셀수기배분","30053","롯데아울렛남악(직)","위탁","24S","DMSW65043","BKS","105","출고완료","15","15","0","15","이훈희(LEEHH1149)","2026-05-06","2026-05-19","2026-05-19 16:09:01","2026-05-19 16:09:01","2026-05-19 16:09:01","2026-05-20 01:00:51","X202605000367564","Y",""
"XDIST202605060004975357","엑셀수기배분","30054","롯데아울렛광주(직)","위탁","24S","DMSW65043","BKS","110","출고완료","3","3","0","3","이훈희(LEEHH1149)","2026-05-06","2026-05-19","2026-05-19 16:09:01","2026-05-19 16:09:01","2026-05-19 16:09:01","2026-05-20 11:23:14","X202605000367565","Y",""
"XDIST202605060004975357","엑셀수기배분","30056","롯데아울렛은평(직)","위탁","24S","DMSW65043","BKS","105","출고완료","15","15","0","15","이훈희(LEEHH1149)","2026-05-06","2026-05-19","2026-05-19 16:09:01","2026-05-19 16:09:01","2026-05-19 16:09:01","2026-05-20 15:13:01","X202605000367566","Y",""
"XDIST202605060004975357","엑셀수기배분","30056","롯데아울렛은평(직)","위탁","24S","DWSW68043","BKS","90","출고완료","14","14","0","14","이훈희(LEEHH1149)","2026-05-06","2026-05-19","2026-05-19 16:09:01","2026-05-19 16:09:01","2026-05-19 16:09:01","2026-05-20 15:13:01","X202605000367566","Y",""
"XDIST202605070004991091","MD요청-상품","31006","명동점(직)","위탁","25N","DXCP5015N","BKS","58","출고완료","2","2","0","2","장윤희(YHJANG)","2026-05-07","2026-05-08","2026-05-08 17:33:03","2026-05-08 17:33:03","2026-05-08 17:33:03","2026-05-09 13:23:00","X202605000554818","Y",""
"합계","","","","","","","","","","9873","9873","0","9750","","","","","","","","","",""